task_id,ngo_id,title,ngo_name,about_task,direction_work,region,work_to_do,useful_skills,requirements_raw,skills_raw,skills_clean,directions_raw,directions_clean,format_raw,format_clean,participation_type,city_raw,city_clean,deadline,date_start,date_end,created_at,updated_at,publication_status,task_quality_score,is_duplicate_candidate,capacity,current_applications
task_00000,ngo_0056,Проанализировать эффективность работы горячей линии,Волонтёрский центр «Добровольцы Крыма»,"Мы ищем волонтёр с опытом в визуальных материалах, который поможет команде получить понятный и применимый результат. Работа подойдёт человеку, готовому соблюдать договорённости и передать итог координатору.",Дети и молодёжь,Москва,"- подготовить выводы в понятном формате;
- построить визуализацию или дашборд;
- дать рекомендации команде;
- изучить исходные данные;","Аналитика, коммуникации, IT",АНАЛИТИКА; коммуникации,"Аналитика, коммуникации, IT","Аналитика, коммуникации, IT",молодежь,Дети и молодёжь,Смешанный,Смешанный,Смешанный,Москва,Москва,2026-06-10,31.01.2026,10.06.2026,2026-01-31,2026-02-09,published,0.853,0,1,0
task_00001,ngo_0059,Провести опрос участников программы о качестве услуг,Образовательный центр «Доступная наука»,"Нам нужен волонтёр-аналитик: предстоит включиться в работу команды, аккуратно выполнить свою часть и согласовать результат. Формат участия — смешанный.",Дети и молодёжь,Воронеж,"- провести интервью или опросы;
- подготовить краткий отчёт с выводами;
- разработать анкету или гайд;
- систематизировать результаты;","Исследования, SMM",  интервью  ,"Исследования, SMM","Исследования, SMM",  молодежь / пожилые / люди с инвалидностью  ,Дети и молодёжь|Помощь пожилым|Инклюзия,Смешанный,Смешанный,Смешанный, ВОРОНЕЖ ,Воронеж,2026-06-01,17.04.2026,01.06.2026,2026-04-17,2026-04-24,closed,0.901,0,1,1
task_00002,ngo_0050,Проверить договоры организации на соответствие законодательству,Социальная инициатива «Уличная библиотека»,"Необходимо помочь проекту в направлении «Экология». Важно разобраться в контексте, выполнить работу в срок и подготовить результат, который можно использовать дальше.",Экология,Екатеринбург,"- проверять документы;
- подготавливать шаблоны и памятки;
- объяснять правовые вопросы простым языком;
- проводить консультации по запросу;","Юридические услуги, Фото и видео",правовая помощь,"Юридические услуги, Фото и видео","Юридические услуги, Фото и видео","эко, села, помощь людям, дети и молодёжь",Экология|Сельские территории|Социальная помощь|Дети и молодёжь,Онлайн,Онлайн,Онлайн, Екатеринбург ,Екатеринбург,2026-07-10,10.03.2026,10.07.2026,2026-03-10,2026-03-15,published,0.755,0,1,0
task_00003,ngo_0046,Организовать субботник в парке при поддержке НКО,Просветительская инициатива «Медиаграмотность»,"Команде нужна поддержка волонтёра в регионе Волгоград. Задача рассчитана на ответственное участие, аккуратную коммуникацию и передачу результата координатору.",Помощь пожилым,Волгоград,"- решать оперативные вопросы в день проведения;
- координировать участников;
- подготовить краткий отчёт;
- составить план мероприятия;","Организация мероприятий, PR, Коммуникация","мероприятия, пиар, коммуникации, координатор, чат-боты","Организация мероприятий, PR, Коммуникация, Координация волонтёров, Фото и видео","Организация мероприятий, PR, Коммуникация, Координация волонтёров, Фото и видео",старшее поколение,Помощь пожилым,Онлайн,Онлайн,Онлайн, ВОЛГОГРАД ,Волгоград,2026-05-18,29.03.2026,18.05.2026,2026-03-29,2026-03-29,published,0.779,0,2,2
task_00004,ngo_0003,Вести Телеграм-канал организации в течение месяца,АНО «Социальный ориентир»,Потребуется помощь волонтёр с опытом в визуальных материалах. Работа связана с направлением «Кризисные ситуации» и предполагает практический результат без лишней бюрократии.,Кризисные ситуации,Воронеж,"- готовить контент-план;
- следить за реакциями и отвечать на комментарии;
- анализировать охваты;
- создавать посты и истории;","SMM, Фото и видео",  SMM  ,"SMM, Фото и видео","SMM, Фото и видео",чс,Кризисные ситуации,Оффлайн,Оффлайн,Оффлайн, Воронеж ,Воронеж,2026-06-10,03.05.2026,10.06.2026,2026-05-03,2026-05-10,published,0.606,0,1,1
task_00005,ngo_0011,Провести первичный обзвон новых участников программы,АНО «Добрый знак»,"С 9 мая 2026 года можно подключиться к проекту и помочь команде закрыть важную часть работы. Подойдёт волонтёр, которому комфортен формат «Оффлайн».",Инклюзия,Челябинск,"- обрабатывать входящие обращения;
- фиксировать обращения в базе;
- отвечать на запросы по телефону или в мессенджере;
- вести переписку с участниками;",Коммуникация,поддержка,Коммуникация,Коммуникация,люди с инвалидностью,Инклюзия,Оффлайн,Оффлайн,Оффлайн, Челябинск ,Челябинск,2026-05-14,09.05.2026,14.05.2026,2026-05-09,2026-05-11,published,0.851,0,2,2
task_00006,ngo_0071,Вести Телеграм-канал организации в течение месяца,АНО «Сила участия»,"До 25 мая 2026 года нужно подготовить результат для команды. Будет полезен человек, который умеет работать самостоятельно и вовремя согласовывать промежуточные шаги.",Социальная помощь,Воронеж,"- анализировать охваты;
- готовить контент-план;
- следить за реакциями и отвечать на комментарии;
- создавать посты и истории;","SMM, Педагогика, Работа с документами",соцсети | обучение | документы | reels | редактура,"SMM, Педагогика, Работа с документами, Фото и видео, Копирайтинг, Организация мероприятий","SMM, Педагогика, Работа с документами, Фото и видео, Копирайтинг, Организация мероприятий",соц помощь / дети,Социальная помощь|Дети и молодёжь,Оффлайн,Оффлайн,Оффлайн, ВОРОНЕЖ ,Воронеж,2026-05-25,23.03.2026,25.05.2026,2026-03-23,2026-03-24,published,0.626,0,2,2
task_00007,ngo_0010,Настроить CRM для учёта волонтёров в организации,Образовательный проект «Ресурсный класс»,Нужна волонтёрская помощь в формате «Онлайн». Основной фокус — довести работу до завершения и передать материалы или выводы координатору.,Здравоохранение,Москва,"- написать краткую инструкцию;
- настроить выбранный инструмент;
- обучить 1–2 сотрудников;
- разобраться в текущих процессах;","IT, Аналитика, Коммуникация",техническая помощь; АНАЛИТИКА; переговоры; сбор средств,"IT, Аналитика, Коммуникация, Фандрайзинг, Копирайтинг","IT, Аналитика, Коммуникация, Фандрайзинг, Копирайтинг",здоровье; молодежь; спорт; юридическая помощь,Здравоохранение|Дети и молодёжь|Спорт и ЗОЖ|Правозащита,Онлайн,Онлайн,Онлайн, МОСКВА ,Москва,2026-05-18,22.01.2026,18.05.2026,2026-01-22,2026-01-29,published,0.809,0,5,2
task_00008,ngo_0004,Запустить краудфандинговую кампанию на Планете.ру,Благотворительный фонд «Зелёная планета»,"Команда ищет участника, который сможет быстро погрузиться в задачу и помочь в направлении «Экология». Особенно пригодятся навыки: Фандрайзинг, Психология и Педагогика.",Экология,Омск,"- разработать идею кампании;
- координировать продвижение;
- подготовить тексты и контент;
- отчитываться об итогах сбора;","Фандрайзинг, Психология, Педагогика",фандрайзинг | психология | обучение,"Фандрайзинг, Психология, Педагогика, Дизайн","Фандрайзинг, Психология, Педагогика, Дизайн","экологические проекты, помощь пожилым, здравоохранение",Экология|Помощь пожилым|Здравоохранение,Оффлайн,Оффлайн,Оффлайн, Омск ,Омск,2026-06-01,25.04.2026,01.06.2026,2026-04-25,2026-05-02,published,0.491,0,1,4
task_00009,ngo_0032,Настроить CRM для учёта волонтёров в организации,Волонтёрский центр «Добрые руки Поволжья»,"Это практическая волонтёрская задача с понятным результатом. Нужно внимательно выполнить договорённости, учитывать контекст региона Екатеринбург и передать итог команде.",Кризисные ситуации,Екатеринбург,"- обучить 1–2 сотрудников;
- настроить выбранный инструмент;
- разобраться в текущих процессах;
- написать краткую инструкцию;","IT, Медицина, Переводы","prompt engineering,  первая помощь","IT, Медицина, Переводы","IT, Медицина, Переводы",чс; медицина; эко; культура,Кризисные ситуации|Здравоохранение|Экология|Культура и искусство,Онлайн,Онлайн,Онлайн, ЕКАТЕРИНБУРГ ,Екатеринбург,2026-05-25,03.02.2026,25.05.2026,2026-02-03,2026-02-04,published,0.904,0,1,1
task_00010,ngo_0069,Написать серию материалов о подопечных для сайта и соцсетей,Центр добровольчества «Архангельские волонтёры»,"Мы ищем волонтёр с опытом в визуальных материалах, который поможет команде получить понятный и применимый результат. Работа подойдёт человеку, готовому соблюдать договорённости и передать итог координатору.",Животные,Челябинск,"- редактировать материалы команды;
- брать короткие интервью у подопечных;
- выдерживать тон и стиль бренда;
- писать тексты по брифу и структуре;","Копирайтинг, помощь на мероприятии",написание текстов,"Копирайтинг, помощь на мероприятии","Копирайтинг, помощь на мероприятии","животные, зож, старшее поколение",Животные|Спорт и ЗОЖ|Помощь пожилым,Онлайн,Онлайн,Онлайн, ЧЕЛЯБИНСК ,Челябинск,2026-05-25,24.01.2026,25.05.2026,2026-01-24,2026-01-30,published,0.288,0,5,5
task_00011,ngo_0038,Снять документальный ролик о работе приюта для животных,Инициатива «Раздельный сбор — общее дело»,"Нам нужен волонтёр с опытом в визуальных материалах: предстоит включиться в работу команды, аккуратно выполнить свою часть и согласовать результат. Формат участия — оффлайн.",Спорт и ЗОЖ,Москва,"- передавать итоговые файлы команде;
- обрабатывать материалы;
- снимать на мероприятиях;
- соблюдать этику при работе с людьми;","Фото и видео, PR, Работа с детьми",монтаж | PR | занятия с детьми,"Фото и видео, PR, Работа с детьми, prompt engineering","Фото и видео, PR, Работа с детьми, prompt engineering",  зож; люди с инвалидностью  ,Спорт и ЗОЖ|Инклюзия,Оффлайн,Оффлайн,Оффлайн, Москва ,Москва,2026-05-18,27.04.2026,18.05.2026,2026-04-27,2026-05-02,published,0.625,0,1,0
task_00012,ngo_0036,Снять документальный ролик о работе приюта для животных,Благотворительный фонд «Подари тепло»,"Необходимо помочь проекту в направлении «Сельские территории». Важно разобраться в контексте, выполнить работу в срок и подготовить результат, который можно использовать дальше.",Сельские территории,Москва,"- соблюдать этику при работе с людьми;
- передавать итоговые файлы команде;
- обрабатывать материалы;
- снимать на мероприятиях;","Фото и видео, Дизайн",reels,"Фото и видео, Дизайн","Фото и видео, Дизайн","малые города,  дети и молодёжь,  экстренная помощь",Сельские территории|Дети и молодёжь|Кризисные ситуации,Оффлайн,Оффлайн,Оффлайн, Москва ,Москва,2026-07-10,15.04.2026,10.07.2026,2026-04-15,2026-04-20,closed,0.571,0,5,0
task_00013,ngo_0029,Участвовать в выездном медицинском пункте для бездомных,Инициатива «Приют для всех»,"Команде нужна поддержка волонтёра в регионе Санкт-Петербург. Задача рассчитана на ответственное участие, аккуратную коммуникацию и передачу результата координатору.",Спорт и ЗОЖ,Санкт-Петербург,"- помогать с документами для подопечных;
- участвовать в выезде или приёме;
- взаимодействовать с командой;
- вести краткую документацию;","Медицина, помощь новичкам, Исследования",первая помощь | наставничество | опросы,"Медицина, помощь новичкам, Исследования, SMM","Медицина, помощь новичкам, Исследования, SMM",зож; экстренная помощь,Спорт и ЗОЖ|Кризисные ситуации,Смешанный,Смешанный,Смешанный,Санкт-Петербург,Санкт-Петербург,2026-07-10,04.04.2026,10.07.2026,2026-04-04,2026-04-10,published,0.887,0,1,1
task_00014,ngo_0058,Провести серию уроков по финансовой грамотности для подростков,Центр добровольчества «Здесь помогут»,Потребуется помощь волонтёр с опытом в визуальных материалах. Работа связана с направлением «Культура и искусство» и предполагает практический результат без лишней бюрократии.,Культура и искусство,Екатеринбург,"- провести занятие или серию встреч;
- собрать обратную связь;
- скорректировать программу по итогам;
- подготовить содержание занятия;","Педагогика, Фото и видео",учитель,"Педагогика, Фото и видео","Педагогика, Фото и видео",культура / медицина,Культура и искусство|Здравоохранение,Онлайн,Онлайн,Онлайн, Екатеринбург ,Екатеринбург,2026-06-01,19.04.2026,01.06.2026,2026-04-19,2026-04-21,published,0.239,0,1,2
task_00015,ngo_0003,Проверить договоры организации на соответствие законодательству,АНО «Социальный ориентир»,"С 13 января 2026 года можно подключиться к проекту и помочь команде закрыть важную часть работы. Подойдёт волонтёр, которому комфортен формат «Смешанный».",Миграция,Воронеж,"- проверять документы;
- объяснять правовые вопросы простым языком;
- подготавливать шаблоны и памятки;
- проводить консультации по запросу;","Юридические услуги, Работа с документами, Копирайтинг","юрист, архив","Юридические услуги, Работа с документами, Копирайтинг","Юридические услуги, Работа с документами, Копирайтинг",  адаптация / дети и молодёжь  ,Миграция|Дети и молодёжь,Смешанный,Смешанный,Смешанный, ВОРОНЕЖ ,Воронеж,2026-05-25,13.01.2026,25.05.2026,2026-01-13,2026-01-21,published,0.675,0,1,2
task_00016,ngo_0073,Провести опрос участников программы о качестве услуг,АНО «Гражданская поддержка»,"До 25 мая 2026 года нужно подготовить результат для команды. Будет полезен человек, который умеет работать самостоятельно и вовремя согласовывать промежуточные шаги.",Образование,Санкт-Петербург,"- подготовить краткий отчёт с выводами;
- разработать анкету или гайд;
- провести интервью или опросы;
- систематизировать результаты;","Исследования, Наставничество, Работа с детьми","исследования, наставничество","Исследования, Наставничество, Работа с детьми","Исследования, Наставничество, Работа с детьми","образование,  приюты,  права человека,  здравоохранение",Образование|Животные|Правозащита|Здравоохранение,Онлайн,Онлайн,Онлайн,Санкт-Петербург,Санкт-Петербург,2026-05-25,25.02.2026,25.05.2026,2026-02-25,2026-03-06,published,0.831,0,3,4
task_00017,ngo_0046,Участвовать в выездном медицинском пункте для бездомных,Просветительская инициатива «Медиаграмотность»,Нужна волонтёрская помощь в формате «Онлайн». Основной фокус — довести работу до завершения и передать материалы или выводы координатору.,Правозащита,Санкт-Петербург,"- вести краткую документацию;
- взаимодействовать с командой;
- участвовать в выезде или приёме;
- помогать с документами для подопечных;","Медицина, Фото и видео",медик,"Медицина, Фото и видео","Медицина, Фото и видео",  юридическая помощь / помощь животным / образование / мигранты  ,Правозащита|Животные|Образование|Миграция,Онлайн,Онлайн,Онлайн, САНКТ-ПЕТЕРБУРГ ,Санкт-Петербург,2026-06-01,26.01.2026,01.06.2026,2026-01-26,2026-01-26,published,0.335,0,1,2
task_00018,ngo_0040,Разработать простой сайт для некоммерческой организации,АНО «Взаимодействие»,"Команда ищет участника, который сможет быстро погрузиться в задачу и помочь в направлении «Люди без жилья». Особенно пригодятся навыки: Программирование, PR и помощь новичкам.",Люди без жилья,Екатеринбург,"- уточнить техническое задание;
- оформить документацию;
- разработать решение;
- протестировать и передать результат;","Программирование, PR, помощь новичкам",  программирование / PR / помощь новичкам / аниматор  ,"Программирование, PR, помощь новичкам, Работа с детьми, Педагогика","Программирование, PR, помощь новичкам, Работа с детьми, Педагогика",бездомные,Люди без жилья,Онлайн,Онлайн,Онлайн, ЕКАТЕРИНБУРГ ,Екатеринбург,2026-05-18,04.03.2026,18.05.2026,2026-03-04,2026-03-12,published,0.824,0,1,1
task_00019,ngo_0012,Написать серию материалов о подопечных для сайта и соцсетей,Центр добровольчества «Единство»,"Это практическая волонтёрская задача с понятным результатом. Нужно внимательно выполнить договорённости, учитывать контекст региона Красноярск и передать итог команде.",Социальная помощь,Красноярск,"- выдерживать тон и стиль бренда;
- редактировать материалы команды;
- писать тексты по брифу и структуре;
- брать короткие интервью у подопечных;","Копирайтинг, Медицина",  редактура  ,"Копирайтинг, Медицина","Копирайтинг, Медицина","  помощь людям, сельские территории  ",Социальная помощь|Сельские территории,Оффлайн,Оффлайн,Оффлайн,Красноярск,Красноярск,2026-07-10,18.04.2026,10.07.2026,2026-04-18,2026-04-25,published,0.56,0,1,1
task_00020,ngo_0045,Написать и разослать пресс-релиз о мероприятии,Волонтёрский центр «Псковские добровольцы»,"Мы ищем волонтёр с опытом в визуальных материалах, который поможет команде получить понятный и применимый результат. Работа подойдёт человеку, готовому соблюдать договорённости и передать итог координатору.",Миграция,Омск,"- помогать с выступлениями спикеров;
- выстраивать контакты с журналистами;
- готовить питчи и предложения для СМИ;
- составлять пресс-релизы;","PR, Организация мероприятий, Фото и видео",  пиар / мероприятия / фото и видео / чат-боты  ,"PR, Организация мероприятий, Фото и видео, Коммуникация","PR, Организация мероприятий, Фото и видео, Коммуникация",миграция / искусство / приюты,Миграция|Культура и искусство|Животные,Онлайн,Онлайн,Онлайн, Омск ,Омск,2026-06-01,07.02.2026,01.06.2026,2026-02-07,2026-02-11,published,0.896,0,5,2
task_00021,ngo_0074,Перевести памятку о правах для мигрантов,АНО «Честный город»,"Нам нужен волонтёр для работы с контентом и коммуникациями: предстоит включиться в работу команды, аккуратно выполнить свою часть и согласовать результат. Формат участия — онлайн.",Здравоохранение,Москва,"- соблюдать конфиденциальность;
- помогать на встречах;
- адаптировать материалы для аудитории;
- переводить документы и переписку;","Переводы, SMM",перевод текстов,"Переводы, SMM","Переводы, SMM","здравоохранение, села, права человека",Здравоохранение|Сельские территории|Правозащита,Онлайн,Онлайн,Онлайн, МОСКВА ,Москва,2026-05-18,14.03.2026,18.05.2026,2026-03-14,2026-03-20,published,0.853,0,3,4
task_00022,ngo_0058,Разработать программу профориентации для выпускников детдома,Центр добровольчества «Здесь помогут»,"Необходимо помочь проекту в направлении «Сельские территории». Важно разобраться в контексте, выполнить работу в срок и подготовить результат, который можно использовать дальше.",Сельские территории,Москва,"- собрать обратную связь;
- подготовить содержание занятия;
- скорректировать программу по итогам;
- провести занятие или серию встреч;","Педагогика, Аналитика, Копирайтинг",  обучение; excel  ,"Педагогика, Аналитика, Копирайтинг","Педагогика, Аналитика, Копирайтинг",сельские территории; зож,Сельские территории|Спорт и ЗОЖ,Онлайн,Онлайн,Онлайн, Москва ,Москва,2026-06-10,22.03.2026,10.06.2026,2026-03-22,2026-03-25,published,0.103,0,1,0
task_00023,ngo_0000,Провести опрос участников программы о качестве услуг,Образовательный центр «Точка роста»,"Команде нужна поддержка волонтёра в регионе Санкт-Петербург. Задача рассчитана на ответственное участие, аккуратную коммуникацию и передачу результата координатору.",Люди без жилья,Санкт-Петербург,"- разработать анкету или гайд;
- систематизировать результаты;
- провести интервью или опросы;
- подготовить краткий отчёт с выводами;","Исследования, Аналитика, Программирование","кабинетное исследование,  АНАЛИТИКА,  программирование","Исследования, Аналитика, Программирование, Фото и видео","Исследования, Аналитика, Программирование, Фото и видео",ночлежка,Люди без жилья,Смешанный,Смешанный,Смешанный,Санкт-Петербург,Санкт-Петербург,2026-05-18,09.05.2026,18.05.2026,2026-05-09,2026-05-09,published,0.45,0,5,1
task_00024,ngo_0029,Снять документальный ролик о работе приюта для животных,Инициатива «Приют для всех»,Потребуется помощь волонтёр с опытом в визуальных материалах. Работа связана с направлением «Спорт и ЗОЖ» и предполагает практический результат без лишней бюрократии.,Спорт и ЗОЖ,Санкт-Петербург,"- передавать итоговые файлы команде;
- обрабатывать материалы;
- соблюдать этику при работе с людьми;
- снимать на мероприятиях;","Фото и видео, Медицина",  видео  ,"Фото и видео, Медицина","Фото и видео, Медицина",спорт; экология,Спорт и ЗОЖ|Экология,Онлайн,Онлайн,Онлайн, САНКТ-ПЕТЕРБУРГ ,Санкт-Петербург,2026-06-01,28.01.2026,01.06.2026,2026-01-28,2026-01-29,published,0.715,0,2,2
task_00025,ngo_0018,Стать наставником для выпускника детского дома,АНО «Активная позиция»,"С 28 февраля 2026 года можно подключиться к проекту и помочь команде закрыть важную часть работы. Подойдёт волонтёр, которому комфортен формат «Оффлайн».",Инклюзия,Ростов-на-Дону,"- соблюдать конфиденциальность;
- участвовать во встречах наставников;
- помогать с конкретными задачами и целями;
- регулярно общаться с подопечным;","Наставничество, Фото и видео, Копирайтинг",  помощь новичкам; фото и видео; написание текстов  ,"Наставничество, Фото и видео, Копирайтинг, Аналитика","Наставничество, Фото и видео, Копирайтинг, Аналитика",люди с инвалидностью,Инклюзия,Оффлайн,Оффлайн,Оффлайн,РОСТОВ-НА-ДОНУ,Ростов-на-Дону,2026-05-25,28.02.2026,25.05.2026,2026-02-28,2026-03-03,published,0.837,0,1,0
task_00026,ngo_0057,Перевести памятку о правах для мигрантов,Центр добровольчества «Самарские добровольцы»,"До 25 мая 2026 года нужно подготовить результат для команды. Будет полезен человек, который умеет работать самостоятельно и вовремя согласовывать промежуточные шаги.",Здравоохранение,Уфа,"- соблюдать конфиденциальность;
- переводить документы и переписку;
- адаптировать материалы для аудитории;
- помогать на встречах;","Переводы, IT, Медицина",  переводы / нейросети  ,"Переводы, IT, Медицина","Переводы, IT, Медицина","здравоохранение, искусство, экологические проекты",Здравоохранение|Культура и искусство|Экология,Онлайн,Онлайн,Онлайн,Уфа,Уфа,2026-05-25,12.03.2026,25.05.2026,2026-03-12,2026-03-21,published,0.766,0,5,1
task_00027,ngo_0023,Снять документальный ролик о работе приюта для животных,Инициатива «Волонтёры у ночлежки»,Нужна волонтёрская помощь в формате «Оффлайн». Основной фокус — довести работу до завершения и передать материалы или выводы координатору.,Здравоохранение,Самара,"- снимать на мероприятиях;
- передавать итоговые файлы команде;
- обрабатывать материалы;
- соблюдать этику при работе с людьми;","Фото и видео, IT, PR","reels,  техническая помощь","Фото и видео, IT, PR","Фото и видео, IT, PR","здравоохранение,  помощь пожилым,  здоровый образ жизни",Здравоохранение|Помощь пожилым|Спорт и ЗОЖ,Оффлайн,Оффлайн,Оффлайн,Самара,Самара,2026-06-01,08.05.2026,01.06.2026,2026-05-08,2026-05-08,draft,0.743,0,2,1
task_00028,ngo_0078,Написать серию материалов о подопечных для сайта и соцсетей,Фонд «Доступная жизнь»,"Команда ищет участника, который сможет быстро погрузиться в задачу и помочь в направлении «Инклюзия». Особенно пригодятся навыки: Копирайтинг, Переводы и Работа с документами.",Инклюзия,Казань,"- писать тексты по брифу и структуре;
- выдерживать тон и стиль бренда;
- редактировать материалы команды;
- брать короткие интервью у подопечных;","Копирайтинг, Переводы, Работа с документами",  написание текстов; перевод текстов; бумаги; съемка; медик; canva  ,"Копирайтинг, Переводы, Работа с документами, Фото и видео, Медицина, Работа с детьми","Копирайтинг, Переводы, Работа с документами, Фото и видео, Медицина, Работа с детьми",люди с инвалидностью | спорт,Инклюзия|Спорт и ЗОЖ,Онлайн,Онлайн,Онлайн, КАЗАНЬ ,Казань,2026-06-10,29.03.2026,10.06.2026,2026-03-29,2026-03-29,published,0.672,0,1,3
task_00029,ngo_0060,Провести первичный обзвон новых участников программы,Образовательный проект «Язык доброты»,"Это практическая волонтёрская задача с понятным результатом. Нужно внимательно выполнить договорённости, учитывать контекст региона Ростов-на-Дону и передать итог команде.",Образование,Ростов-на-Дону,"- фиксировать обращения в базе;
- обрабатывать входящие обращения;
- отвечать на запросы по телефону или в мессенджере;
- вести переписку с участниками;",Коммуникация,коммуникации,Коммуникация,Коммуникация,образование | спорт,Образование|Спорт и ЗОЖ,Смешанный,Смешанный,Смешанный, Ростов-на-Дону ,Ростов-на-Дону,2026-06-10,16.01.2026,10.06.2026,2026-01-16,2026-01-23,published,0.826,0,2,3
task_00030,ngo_0014,Организовать субботник в парке при поддержке НКО,Инициатива «Горячая линия доброй помощи»,"Мы ищем волонтёр-организатор, который поможет команде получить понятный и применимый результат. Работа подойдёт человеку, готовому соблюдать договорённости и передать итог координатору.",Кризисные ситуации,Санкт-Петербург,"- решать оперативные вопросы в день проведения;
- составить план мероприятия;
- подготовить краткий отчёт;
- координировать участников;","Организация мероприятий, Переводы",организация мероприятий,"Организация мероприятий, Переводы","Организация мероприятий, Переводы",  кризисные ситуации; молодежь; адаптация; просвещение  ,Кризисные ситуации|Дети и молодёжь|Миграция|Образование,Оффлайн,Оффлайн,Оффлайн,Санкт-Петербург,Санкт-Петербург,2026-06-10,08.05.2026,10.06.2026,2026-05-08,2026-05-11,published,0.327,0,5,4
task_00031,ngo_0012,Проанализировать эффективность работы горячей линии,Центр добровольчества «Единство»,"Нам нужен волонтёр с опытом в визуальных материалах: предстоит включиться в работу команды, аккуратно выполнить свою часть и согласовать результат. Формат участия — онлайн.",Сельские территории,Санкт-Петербург,"- построить визуализацию или дашборд;
- изучить исходные данные;
- подготовить выводы в понятном формате;
- дать рекомендации команде;",Аналитика,  data analysis  ,Аналитика,Аналитика,села,Сельские территории,Онлайн,Онлайн,Онлайн, САНКТ-ПЕТЕРБУРГ ,Санкт-Петербург,2026-05-18,26.03.2026,18.05.2026,2026-03-26,2026-04-01,published,0.841,0,1,1
task_00032,ngo_0089,Написать серию материалов о подопечных для сайта и соцсетей,АНО «Инклюзивное пространство»,"Необходимо помочь проекту в направлении «Инклюзия». Важно разобраться в контексте, выполнить работу в срок и подготовить результат, который можно использовать дальше.",Инклюзия,Омск,"- брать короткие интервью у подопечных;
- выдерживать тон и стиль бренда;
- писать тексты по брифу и структуре;
- редактировать материалы команды;","Копирайтинг, Педагогика, Аналитика",  копирайтинг; обучение  ,"Копирайтинг, Педагогика, Аналитика","Копирайтинг, Педагогика, Аналитика",инклюзия; здравоохранение,Инклюзия|Здравоохранение,Смешанный,Смешанный,Смешанный, ОМСК ,Омск,2026-06-10,04.04.2026,10.06.2026,2026-04-04,2026-04-12,published,0.786,0,1,0
task_00033,ngo_0006,Создать брендбук для новой организации,Волонтёрский центр «Открытое сердце»,"Команде нужна поддержка волонтёра в регионе Москва. Задача рассчитана на ответственное участие, аккуратную коммуникацию и передачу результата координатору.",Культура и искусство,Москва,"- передавать готовые файлы;
- адаптировать материалы под разные форматы;
- согласовывать правки с командой;
- разрабатывать макеты по брифу;","Дизайн, Работа с детьми, IT",  figma; работа с детьми; ux research  ,"Дизайн, Работа с детьми, IT","Дизайн, Работа с детьми, IT",музеи,Культура и искусство,Оффлайн,Оффлайн,Оффлайн, Москва ,Москва,2026-06-10,09.04.2026,10.06.2026,2026-04-09,2026-04-17,published,0.307,0,1,1
task_00034,ngo_0072,Провести серию уроков по финансовой грамотности для подростков,Инициатива «Местный медиатор»,Потребуется помощь волонтёр-наставник. Работа связана с направлением «Культура и искусство» и предполагает практический результат без лишней бюрократии.,Культура и искусство,Нижний Новгород,"- скорректировать программу по итогам;
- собрать обратную связь;
- провести занятие или серию встреч;
- подготовить содержание занятия;","Педагогика, Коммуникация, Координация волонтёров",преподавание | поддержка | координатор | работа с детьми | менторство,"Педагогика, Коммуникация, Координация волонтёров, Работа с детьми, Наставничество, Психология","Педагогика, Коммуникация, Координация волонтёров, Работа с детьми, Наставничество, Психология",культура | старшее поколение,Культура и искусство|Помощь пожилым,Онлайн,Онлайн,Онлайн, Нижний Новгород ,Нижний Новгород,2026-06-01,28.01.2026,01.06.2026,2026-01-28,2026-01-29,published,0.722,0,1,0
task_00035,ngo_0050,Вести Телеграм-канал организации в течение месяца,Социальная инициатива «Уличная библиотека»,"С 31 января 2026 года можно подключиться к проекту и помочь команде закрыть важную часть работы. Подойдёт волонтёр, которому комфортен формат «Смешанный».",Социальная помощь,Уфа,"- анализировать охваты;
- следить за реакциями и отвечать на комментарии;
- создавать посты и истории;
- готовить контент-план;",SMM,smm,SMM,SMM,"соц помощь, старшее поколение",Социальная помощь|Помощь пожилым,Смешанный,Смешанный,Смешанный, УФА ,Уфа,2026-05-18,31.01.2026,18.05.2026,2026-01-31,2026-02-06,published,0.912,0,5,2
task_00036,ngo_0009,Настроить CRM для учёта волонтёров в организации,Образовательный проект «Академия волонтёра»,"До 25 июня 2026 года нужно подготовить результат для команды. Будет полезен человек, который умеет работать самостоятельно и вовремя согласовывать промежуточные шаги.",Правозащита,Екатеринбург,"- написать краткую инструкцию;
- настроить выбранный инструмент;
- обучить 1–2 сотрудников;
- разобраться в текущих процессах;","IT, Наставничество, Организация мероприятий",no-code / помощь новичкам / excel advanced,"IT, Наставничество, Организация мероприятий, tableau","IT, Наставничество, Организация мероприятий, tableau","  юридическая помощь, сельские территории  ",Правозащита|Сельские территории,Онлайн,Онлайн,Онлайн, Екатеринбург ,Екатеринбург,2026-06-25,04.05.2026,25.06.2026,2026-05-04,2026-05-11,published,0.594,0,1,3
task_00037,ngo_0084,Создать брендбук для новой организации,Инициатива «Чистые берега»,Нужна волонтёрская помощь в формате «Смешанный». Основной фокус — довести работу до завершения и передать материалы или выводы координатору.,Экология,Нижний Новгород,"- адаптировать материалы под разные форматы;
- разрабатывать макеты по брифу;
- передавать готовые файлы;
- согласовывать правки с командой;","Дизайн, Наставничество, IT",  графический дизайн / ментор / техническая помощь / копирайтинг / управление волонтерами  ,"Дизайн, Наставничество, IT, Копирайтинг, coordination, Фандрайзинг","Дизайн, Наставничество, IT, Копирайтинг, coordination, Фандрайзинг",эко / юридическая помощь / доступная среда / кризисные ситуации,Экология|Правозащита|Инклюзия|Кризисные ситуации,Смешанный,Смешанный,Смешанный, НИЖНИЙ НОВГОРОД ,Нижний Новгород,2026-06-25,26.03.2026,25.06.2026,2026-03-26,2026-03-26,published,0.665,0,3,3
task_00038,ngo_0063,Участвовать в выездном медицинском пункте для бездомных,Волонтёрский центр «Дальневосточное добро»,"Команда ищет участника, который сможет быстро погрузиться в задачу и помочь в направлении «Экология». Особенно пригодятся навыки: Медицина и SMM.",Экология,Нижний Новгород,"- взаимодействовать с командой;
- помогать с документами для подопечных;
- вести краткую документацию;
- участвовать в выезде или приёме;","Медицина, SMM",медицина,"Медицина, SMM","Медицина, SMM",экология; люди с инвалидностью; медицина,Экология|Инклюзия|Здравоохранение,Онлайн,Онлайн,Онлайн,НИЖНИЙ НОВГОРОД,Нижний Новгород,2026-06-25,18.03.2026,25.06.2026,2026-03-18,2026-03-19,published,0.758,0,1,3
task_00039,ngo_0063,Провести серию уроков по финансовой грамотности для подростков,Волонтёрский центр «Дальневосточное добро»,"Это практическая волонтёрская задача с понятным результатом. Нужно внимательно выполнить договорённости, учитывать контекст региона Москва и передать итог команде.",Культура и искусство,Москва,"- скорректировать программу по итогам;
- подготовить содержание занятия;
- провести занятие или серию встреч;
- собрать обратную связь;","аниматор, Педагогика",аниматор,"аниматор, Педагогика","аниматор, Педагогика",  музеи; экстренная помощь  ,Культура и искусство|Кризисные ситуации,Смешанный,Смешанный,Смешанный,Москва,Москва,2026-06-10,16.02.2026,10.06.2026,2026-02-16,2026-02-16,published,0.157,0,3,3
task_00040,ngo_0053,Написать и разослать пресс-релиз о мероприятии,АНО «Объединение добрых дел»,"Мы ищем волонтёр с опытом в визуальных материалах, который поможет команде получить понятный и применимый результат. Работа подойдёт человеку, готовому соблюдать договорённости и передать итог координатору.",Животные,Пермь,"- помогать с выступлениями спикеров;
- выстраивать контакты с журналистами;
- готовить питчи и предложения для СМИ;
- составлять пресс-релизы;","PR, Фото и видео, Программирование",пиар; reels,"PR, Фото и видео, Программирование","PR, Фото и видео, Программирование",животные,Животные,Оффлайн,Оффлайн,Оффлайн,Пермь,Пермь,2026-05-25,27.02.2026,25.05.2026,2026-02-27,2026-03-06,published,0.768,0,5,1
task_00041,ngo_0067,Организовать субботник в парке при поддержке НКО,Благотворительный фонд «Лучший день»,"Нам нужен волонтёр-организатор: предстоит включиться в работу команды, аккуратно выполнить свою часть и согласовать результат. Формат участия — онлайн.",Культура и искусство,Москва,"- составить план мероприятия;
- подготовить краткий отчёт;
- координировать участников;
- решать оперативные вопросы в день проведения;","Организация мероприятий, PR, Работа с документами","ивенты, пиар, архив, аниматор, кодинг, чат-боты","Организация мероприятий, PR, Работа с документами, аниматор, Программирование, Педагогика","Организация мероприятий, PR, Работа с документами, аниматор, Программирование, Педагогика",культура,Культура и искусство,Онлайн,Онлайн,Онлайн,МОСКВА,Москва,2026-05-14,25.04.2026,14.05.2026,2026-04-25,2026-04-26,published,0.901,0,5,3
task_00042,ngo_0056,Провести занятие по рисованию для детей из малообеспеченных семей,Волонтёрский центр «Добровольцы Крыма»,"Необходимо помочь проекту в направлении «Культура и искусство». Важно разобраться в контексте, выполнить работу в срок и подготовить результат, который можно использовать дальше.",Культура и искусство,Волгоград,"- поддерживать позитивную атмосферу;
- провести занятие или мастер-класс;
- соблюдать правила безопасности;
- взаимодействовать с куратором;","Работа с детьми, Работа с документами, Наставничество","работа с детьми,  работа с документами,  наставничество,   анализ данных ,  ДИЗАЙН","Работа с детьми, Работа с документами, Наставничество, Аналитика, Дизайн, prompt engineering","Работа с детьми, Работа с документами, Наставничество, Аналитика, Дизайн, prompt engineering","музеи, медицина",Культура и искусство|Здравоохранение,Онлайн,Онлайн,Онлайн,Волгоград,Волгоград,2026-05-18,08.04.2026,18.05.2026,2026-04-08,2026-04-09,published,0.587,0,5,2
task_00043,ngo_0043,Запустить краудфандинговую кампанию на Планете.ру,НКО «Право на жизнь»,"Команде нужна поддержка волонтёра в регионе Омск. Задача рассчитана на ответственное участие, аккуратную коммуникацию и передачу результата координатору.",Люди без жилья,Омск,"- подготовить тексты и контент;
- отчитываться об итогах сбора;
- разработать идею кампании;
- координировать продвижение;","Фандрайзинг, Наставничество, Программирование",фандрайзинг | наставничество | программирование,"Фандрайзинг, Наставничество, Программирование, Фото и видео","Фандрайзинг, Наставничество, Программирование, Фото и видео",люди без жилья | обучение | кризисные ситуации | животные,Люди без жилья|Образование|Кризисные ситуации|Животные,Онлайн,Онлайн,Онлайн,ОМСК,Омск,2026-06-10,06.02.2026,10.06.2026,2026-02-06,2026-02-09,published,0.848,0,1,2
task_00044,ngo_0026,Создать брендбук для новой организации,Просветительский центр «Наставник»,Потребуется помощь волонтёр с опытом в визуальных материалах. Работа связана с направлением «Спорт и ЗОЖ» и предполагает практический результат без лишней бюрократии.,Спорт и ЗОЖ,Ростов-на-Дону,"- передавать готовые файлы;
- согласовывать правки с командой;
- разрабатывать макеты по брифу;
- адаптировать материалы под разные форматы;","Дизайн, Психология, Программирование",дизайнер; психология; ux research,"Дизайн, Психология, Программирование","Дизайн, Психология, Программирование",здоровый образ жизни | юридическая помощь | образование | культура,Спорт и ЗОЖ|Правозащита|Образование|Культура и искусство,Смешанный,Смешанный,Смешанный,РОСТОВ-НА-ДОНУ,Ростов-на-Дону,2026-05-25,12.02.2026,25.05.2026,2026-02-12,2026-02-20,published,0.182,0,3,2
task_00045,ngo_0081,Участвовать в выездном медицинском пункте для бездомных,Благотворительный фонд «Добрый след»,"С 19 апреля 2026 года можно подключиться к проекту и помочь команде закрыть важную часть работы. Подойдёт волонтёр, которому комфортен формат «Онлайн».",Сельские территории,Уфа,"- участвовать в выезде или приёме;
- вести краткую документацию;
- помогать с документами для подопечных;
- взаимодействовать с командой;","Медицина, Копирайтинг, кабинетное исследование","медицинская помощь, копирайтинг, excel advanced","Медицина, Копирайтинг, кабинетное исследование","Медицина, Копирайтинг, кабинетное исследование",села; эко; люди без жилья; доступная среда,Сельские территории|Экология|Люди без жилья|Инклюзия,Онлайн,Онлайн,Онлайн,  УФА  ,Уфа,2026-05-25,19.04.2026,25.05.2026,2026-04-19,2026-04-22,published,0.37,0,5,1
task_00046,ngo_0071,Стать наставником для выпускника детского дома,АНО «Сила участия»,"До 18 мая 2026 года нужно подготовить результат для команды. Будет полезен человек, который умеет работать самостоятельно и вовремя согласовывать промежуточные шаги.",Помощь пожилым,Санкт-Петербург,"- регулярно общаться с подопечным;
- помогать с конкретными задачами и целями;
- соблюдать конфиденциальность;
- участвовать во встречах наставников;","Наставничество, Медицина, Программирование","наставничество, медицина","Наставничество, Медицина, Программирование","Наставничество, Медицина, Программирование",  старшее поколение / животные  ,Помощь пожилым|Животные,Онлайн,Онлайн,Онлайн,  САНКТ-ПЕТЕРБУРГ  ,Санкт-Петербург,2026-05-18,10.02.2026,18.05.2026,2026-02-10,2026-02-13,published,0.483,0,2,4
task_00047,ngo_0059,Написать серию материалов о подопечных для сайта и соцсетей,Образовательный центр «Доступная наука»,Нужна волонтёрская помощь в формате «Онлайн». Основной фокус — довести работу до завершения и передать материалы или выводы координатору.,Культура и искусство,Нижний Новгород,"- писать тексты по брифу и структуре;
- выдерживать тон и стиль бренда;
- редактировать материалы команды;
- брать короткие интервью у подопечных;","Копирайтинг, Психология, Организация мероприятий",копирайтинг | психологическая поддержка,"Копирайтинг, Психология, Организация мероприятий","Копирайтинг, Психология, Организация мероприятий","музеи, правозащита",Культура и искусство|Правозащита,Онлайн,Онлайн,Онлайн,НИЖНИЙ НОВГОРОД,Нижний Новгород,2026-06-10,07.04.2026,10.06.2026,2026-04-07,2026-04-10,published,0.761,0,5,1
task_00048,ngo_0046,Разработать простой сайт для некоммерческой организации,Просветительская инициатива «Медиаграмотность»,"Команда ищет участника, который сможет быстро погрузиться в задачу и помочь в направлении «Помощь пожилым». Особенно пригодятся навыки: кабинетное исследование, Программирование и Юридические услуги.",Помощь пожилым,Москва,"- разработать решение;
- уточнить техническое задание;
- протестировать и передать результат;
- оформить документацию;","кабинетное исследование, Программирование, Юридические услуги",интервью; Python,"кабинетное исследование, Программирование, Юридические услуги","кабинетное исследование, Программирование, Юридические услуги",  помощь пожилым  ,Помощь пожилым,Онлайн,Онлайн,Онлайн,Москва,Москва,2026-05-25,14.02.2026,25.05.2026,2026-02-14,2026-02-17,published,0.658,0,3,2
task_00049,ngo_0086,Перевести памятку о правах для мигрантов,Волонтёрский центр «Белгородское добровольчество»,"Это практическая волонтёрская задача с понятным результатом. Нужно внимательно выполнить договорённости, учитывать контекст региона Нижний Новгород и передать итог команде.",Кризисные ситуации,Нижний Новгород,"- адаптировать материалы для аудитории;
- переводить документы и переписку;
- соблюдать конфиденциальность;
- помогать на встречах;","Переводы, IT, Юридические услуги","перевод текстов, нейросети","Переводы, IT, Юридические услуги","Переводы, IT, Юридические услуги","экстренная помощь, соц помощь, старшее поколение",Кризисные ситуации|Социальная помощь|Помощь пожилым,Оффлайн,Оффлайн,Оффлайн,Нижний Новгород,Нижний Новгород,2026-06-01,05.05.2026,01.06.2026,2026-05-05,2026-05-11,published,0.498,0,3,2
task_00050,ngo_0022,Организовать набор волонтёров для уборки территории,Центр добровольчества «Воронежские добровольцы»,"Мы ищем IT-волонтёр, который поможет команде получить понятный и применимый результат. Работа подойдёт человеку, готовому соблюдать договорённости и передать итог координатору.",Здравоохранение,Воронеж,"- вести реестр и распределять задачи;
- поддерживать связь с волонтёрами;
- готовить отчёты по работе команды;
- проводить вводные встречи;",Координация волонтёров,coordination,Координация волонтёров,Координация волонтёров,  медицина | ночлежка  ,Здравоохранение|Люди без жилья,Оффлайн,Оффлайн,Оффлайн, Воронеж ,Воронеж,2026-05-25,28.02.2026,25.05.2026,2026-02-28,2026-03-07,published,0.85,0,1,2
task_00051,ngo_0071,Провести серию уроков по финансовой грамотности для подростков,АНО «Сила участия»,"Нам нужен волонтёр: предстоит включиться в работу команды, аккуратно выполнить свою часть и согласовать результат. Формат участия — онлайн.",Инклюзия,Санкт-Петербург,"- собрать обратную связь;
- провести занятие или серию встреч;
- скорректировать программу по итогам;
- подготовить содержание занятия;","Педагогика, PR",преподавание,"Педагогика, PR","Педагогика, PR","инклюзия,  бездомные,  молодежь,  старшее поколение",Инклюзия|Люди без жилья|Дети и молодёжь|Помощь пожилым,Онлайн,Онлайн,Онлайн,  САНКТ-ПЕТЕРБУРГ  ,Санкт-Петербург,2026-05-25,15.01.2026,25.05.2026,2026-01-15,2026-01-20,moderation,0.695,0,5,3
task_00052,ngo_0053,Проверить договоры организации на соответствие законодательству,АНО «Объединение добрых дел»,"Необходимо помочь проекту в направлении «Помощь пожилым». Важно разобраться в контексте, выполнить работу в срок и подготовить результат, который можно использовать дальше.",Помощь пожилым,Пермь,"- проверять документы;
- подготавливать шаблоны и памятки;
- объяснять правовые вопросы простым языком;
- проводить консультации по запросу;","Юридические услуги, IT",юрист,"Юридические услуги, IT","Юридические услуги, IT",старшее поколение; искусство; доступная среда,Помощь пожилым|Культура и искусство|Инклюзия,Оффлайн,Оффлайн,Оффлайн, Пермь ,Пермь,2026-05-14,17.01.2026,14.05.2026,2026-01-17,2026-01-20,closed,0.221,0,3,1
task_00053,ngo_0046,Помочь архивировать документы за несколько лет,Просветительская инициатива «Медиаграмотность»,"Команде нужна поддержка волонтёра в регионе Ростов-на-Дону. Задача рассчитана на ответственное участие, аккуратную коммуникацию и передачу результата координатору.",Культура и искусство,Ростов-на-Дону,"- разобрать и систематизировать архив;
- обучить команду работе с документами;
- создать удобную структуру хранения;
- провести инвентаризацию;","Работа с документами, Аналитика, Фандрайзинг",бумаги |  анализ данных  | ux research,"Работа с документами, Аналитика, Фандрайзинг","Работа с документами, Аналитика, Фандрайзинг",музеи | люди с инвалидностью | помощь животным,Культура и искусство|Инклюзия|Животные,Оффлайн,Оффлайн,Оффлайн, РОСТОВ-НА-ДОНУ ,Ростов-на-Дону,2026-05-18,19.04.2026,18.05.2026,2026-04-19,2026-04-21,published,0.605,0,2,2
task_00054,ngo_0052,Настроить CRM для учёта волонтёров в организации,Фонд «Серебряный возраст»,Потребуется помощь волонтёр-аналитик. Работа связана с направлением «Правозащита» и предполагает практический результат без лишней бюрократии.,Правозащита,Омск,"- обучить 1–2 сотрудников;
- настроить выбранный инструмент;
- разобраться в текущих процессах;
- написать краткую инструкцию;","IT, кабинетное исследование, Копирайтинг",it | опросы | тексты,"IT, кабинетное исследование, Копирайтинг, помощь на мероприятии","IT, кабинетное исследование, Копирайтинг, помощь на мероприятии","правозащита, молодежь, сельские территории, социальная помощь",Правозащита|Дети и молодёжь|Сельские территории|Социальная помощь,Онлайн,Онлайн,Онлайн,ОМСК,Омск,2026-05-16,16.03.2026,16.05.2026,2026-03-16,2026-03-17,published,0.674,0,2,4
task_00055,ngo_0019,Написать и разослать пресс-релиз о мероприятии,Образовательный проект «Ментальное здоровье»,"С 25 апреля 2026 года можно подключиться к проекту и помочь команде закрыть важную часть работы. Подойдёт волонтёр, которому комфортен формат «Оффлайн».",Животные,Новосибирск,"- выстраивать контакты с журналистами;
- составлять пресс-релизы;
- помогать с выступлениями спикеров;
- готовить питчи и предложения для СМИ;","PR, Дизайн, SMM","  PR, Фигма  ","PR, Дизайн, SMM, чат-боты","PR, Дизайн, SMM, чат-боты",  помощь животным / миграция / юридическая помощь  ,Животные|Миграция|Правозащита,Оффлайн,Оффлайн,Оффлайн, Новосибирск ,Новосибирск,2026-06-25,25.04.2026,25.06.2026,2026-04-25,2026-04-26,published,0.784,0,2,0
task_00056,ngo_0056,Провести серию уроков по финансовой грамотности для подростков,Волонтёрский центр «Добровольцы Крыма»,"До 25 июня 2026 года нужно подготовить результат для команды. Будет полезен человек, который умеет работать самостоятельно и вовремя согласовывать промежуточные шаги.",Инклюзия,Москва,"- собрать обратную связь;
- провести занятие или серию встреч;
- подготовить содержание занятия;
- скорректировать программу по итогам;","Педагогика, Координация волонтёров, Исследования","педагогика,  coordination","Педагогика, Координация волонтёров, Исследования","Педагогика, Координация волонтёров, Исследования",люди с инвалидностью; старшее поколение,Инклюзия|Помощь пожилым,Оффлайн,Оффлайн,Оффлайн,Москва,Москва,2026-06-25,15.01.2026,25.06.2026,2026-01-15,2026-01-15,published,0.348,0,1,2
task_00057,ngo_0074,Настроить CRM для учёта волонтёров в организации,АНО «Честный город»,Нужна волонтёрская помощь в формате «Онлайн». Основной фокус — довести работу до завершения и передать материалы или выводы координатору.,Помощь пожилым,Ростов-на-Дону,"- разобраться в текущих процессах;
- написать краткую инструкцию;
- настроить выбранный инструмент;
- обучить 1–2 сотрудников;","IT, Психология, PR",  it / эмоциональная поддержка / медиа  ,"IT, Психология, PR, SMM","IT, Психология, PR, SMM",  помощь пожилым; бездомные; экстренная помощь  ,Помощь пожилым|Люди без жилья|Кризисные ситуации,Онлайн,Онлайн,Онлайн, Ростов-на-Дону ,Ростов-на-Дону,2026-06-01,21.01.2026,01.06.2026,2026-01-21,2026-01-25,published,0.501,0,2,1
task_00058,ngo_0083,Организовать набор волонтёров для уборки территории,АНО «Дом возможностей»,"Команда ищет участника, который сможет быстро погрузиться в задачу и помочь в направлении «Миграция». Особенно пригодятся навыки: Координация волонтёров, Аналитика и помощь новичкам.",Миграция,Санкт-Петербург,"- проводить вводные встречи;
- поддерживать связь с волонтёрами;
- готовить отчёты по работе команды;
- вести реестр и распределять задачи;","Координация волонтёров, Аналитика, помощь новичкам","координатор,  data analysis","Координация волонтёров, Аналитика, помощь новичкам","Координация волонтёров, Аналитика, помощь новичкам",мигранты; пожилые; инклюзия,Миграция|Помощь пожилым|Инклюзия,Смешанный,Смешанный,Смешанный,САНКТ-ПЕТЕРБУРГ,Санкт-Петербург,2026-06-01,28.02.2026,01.06.2026,2026-02-28,2026-03-09,published,0.132,0,1,3
task_00059,ngo_0055,Провести занятие по рисованию для детей из малообеспеченных семей,Фонд «Старость в почёте»,"Это практическая волонтёрская задача с понятным результатом. Нужно внимательно выполнить договорённости, учитывать контекст региона Екатеринбург и передать итог команде.",Образование,Екатеринбург,"- поддерживать позитивную атмосферу;
- соблюдать правила безопасности;
- взаимодействовать с куратором;
- провести занятие или мастер-класс;","Работа с детьми, Педагогика",  аниматор  ,"Работа с детьми, Педагогика","Работа с детьми, Педагогика",образование | экология | помощь пожилым,Образование|Экология|Помощь пожилым,Смешанный,Смешанный,Смешанный, ЕКАТЕРИНБУРГ ,Екатеринбург,2026-07-10,16.03.2026,10.07.2026,2026-03-16,2026-03-22,draft,0.69,0,1,2
task_00060,ngo_0009,Провести занятие по рисованию для детей из малообеспеченных семей,Образовательный проект «Академия волонтёра»,"Мы ищем волонтёр-наставник, который поможет команде получить понятный и применимый результат. Работа подойдёт человеку, готовому соблюдать договорённости и передать итог координатору.",Инклюзия,Казань,"- поддерживать позитивную атмосферу;
- соблюдать правила безопасности;
- провести занятие или мастер-класс;
- взаимодействовать с куратором;",Работа с детьми,  занятия с детьми  ,Работа с детьми,Работа с детьми,доступная среда | помощь животным | зож | люди без жилья,Инклюзия|Животные|Спорт и ЗОЖ|Люди без жилья,Оффлайн,Оффлайн,Оффлайн, Казань ,Казань,2026-05-25,04.04.2026,25.05.2026,2026-04-04,2026-04-08,published,0.271,0,5,1
task_00061,ngo_0034,Написать серию материалов о подопечных для сайта и соцсетей,Фонд «Первый шаг к жизни»,"Нам нужен волонтёр с опытом в визуальных материалах: предстоит включиться в работу команды, аккуратно выполнить свою часть и согласовать результат. Формат участия — оффлайн.",Миграция,Уфа,"- писать тексты по брифу и структуре;
- выдерживать тон и стиль бренда;
- брать короткие интервью у подопечных;
- редактировать материалы команды;",Копирайтинг,копирайтинг,Копирайтинг,Копирайтинг,адаптация | помощь людям,Миграция|Социальная помощь,Оффлайн,Оффлайн,Оффлайн,  УФА  ,Уфа,2026-06-10,25.01.2026,10.06.2026,2026-01-25,2026-01-26,published,0.783,0,3,2
task_00062,ngo_0024,Настроить CRM для учёта волонтёров в организации,Волонтёрский центр «Тамбовские добровольцы»,"Необходимо помочь проекту в направлении «Сельские территории». Важно разобраться в контексте, выполнить работу в срок и подготовить результат, который можно использовать дальше.",Сельские территории,Москва,"- разобраться в текущих процессах;
- обучить 1–2 сотрудников;
- написать краткую инструкцию;
- настроить выбранный инструмент;","IT, Переводы",техническая помощь,"IT, Переводы","IT, Переводы",  сельские территории / культура / помощь людям / старшее поколение  ,Сельские территории|Культура и искусство|Социальная помощь|Помощь пожилым,Онлайн,Онлайн,Онлайн,МОСКВА,Москва,2026-05-25,14.03.2026,25.05.2026,2026-03-14,2026-03-14,published,0.896,0,2,1
task_00063,ngo_0050,Снять документальный ролик о работе приюта для животных,Социальная инициатива «Уличная библиотека»,"Команде нужна поддержка волонтёра в регионе Казань. Задача рассчитана на ответственное участие, аккуратную коммуникацию и передачу результата координатору.",Кризисные ситуации,Казань,"- снимать на мероприятиях;
- обрабатывать материалы;
- соблюдать этику при работе с людьми;
- передавать итоговые файлы команде;","Фото и видео, PR, Педагогика",съемка | PR | преподавание,"Фото и видео, PR, Педагогика, помощь на мероприятии","Фото и видео, PR, Педагогика, помощь на мероприятии","экстренная помощь,  помощь животным",Кризисные ситуации|Животные,Онлайн,Онлайн,Онлайн, КАЗАНЬ ,Казань,2026-05-18,03.05.2026,18.05.2026,2026-05-03,2026-05-03,published,0.774,0,1,2
task_00064,ngo_0002,Вести Телеграм-канал организации в течение месяца,Волонтёрский центр «Омские добровольцы»,Потребуется помощь волонтёр для работы с контентом и коммуникациями. Работа связана с направлением «Люди без жилья» и предполагает практический результат без лишней бюрократии.,Люди без жилья,Самара,"- готовить контент-план;
- анализировать охваты;
- следить за реакциями и отвечать на комментарии;
- создавать посты и истории;","SMM, Коммуникация, Психология",social media / переговоры,"SMM, Коммуникация, Психология","SMM, Коммуникация, Психология",ночлежка / кризисные ситуации / адаптация / дети,Люди без жилья|Кризисные ситуации|Миграция|Дети и молодёжь,Онлайн,Онлайн,Онлайн,САМАРА,Самара,2026-06-10,11.02.2026,10.06.2026,2026-02-11,2026-02-15,published,0.825,0,1,1
task_00065,ngo_0048,Вести Телеграм-канал организации в течение месяца,Благотворительный фонд «Живём вместе»,"С 24 февраля 2026 года можно подключиться к проекту и помочь команде закрыть важную часть работы. Подойдёт волонтёр, которому комфортен формат «Онлайн».",Образование,Ростов-на-Дону,"- создавать посты и истории;
- анализировать охваты;
- готовить контент-план;
- следить за реакциями и отвечать на комментарии;","SMM, Координация волонтёров, Дизайн",ведение соцсетей / координатор / психологическая первая помощь,"SMM, Координация волонтёров, Дизайн","SMM, Координация волонтёров, Дизайн",просвещение; помощь пожилым; молодежь; соц помощь,Образование|Помощь пожилым|Дети и молодёжь|Социальная помощь,Онлайн,Онлайн,Онлайн, Ростов-на-Дону ,Ростов-на-Дону,2026-05-16,24.02.2026,16.05.2026,2026-02-24,2026-03-04,published,0.355,0,2,7
task_00066,ngo_0054,Организовать субботник в парке при поддержке НКО,АНО «Мост доверия»,"До 10 июня 2026 года нужно подготовить результат для команды. Будет полезен человек, который умеет работать самостоятельно и вовремя согласовывать промежуточные шаги.",Люди без жилья,Санкт-Петербург,"- составить план мероприятия;
- координировать участников;
- подготовить краткий отчёт;
- решать оперативные вопросы в день проведения;","Организация мероприятий, Психология, Коммуникация",помощь на мероприятии; психолог; поддержка; ux research,"Организация мероприятий, Психология, Коммуникация, Программирование","Организация мероприятий, Психология, Коммуникация, Программирование",бездомные | дети и молодёжь,Люди без жилья|Дети и молодёжь,Онлайн,Онлайн,Онлайн,Санкт-Петербург,Санкт-Петербург,2026-06-10,19.03.2026,10.06.2026,2026-03-19,2026-03-27,published,0.822,0,3,3
task_00067,ngo_0029,Проверить договоры организации на соответствие законодательству,Инициатива «Приют для всех»,Нужна волонтёрская помощь в формате «Онлайн». Основной фокус — довести работу до завершения и передать материалы или выводы координатору.,Правозащита,Москва,"- подготавливать шаблоны и памятки;
- проверять документы;
- объяснять правовые вопросы простым языком;
- проводить консультации по запросу;","Юридические услуги, Работа с детьми",  договоры  ,"Юридические услуги, Работа с детьми","Юридические услуги, Работа с детьми","правозащита,  экстренная помощь,  просвещение",Правозащита|Кризисные ситуации|Образование,Онлайн,Онлайн,Онлайн,Москва,Москва,2026-06-25,02.03.2026,25.06.2026,2026-03-02,2026-03-02,published,0.785,0,1,2
task_00068,ngo_0020,Стать наставником для выпускника детского дома,Благотворительный фонд «Всё будет хорошо»,"Команда ищет участника, который сможет быстро погрузиться в задачу и помочь в направлении «Сельские территории». Особенно пригодятся навыки: Наставничество и Юридические услуги.",Сельские территории,Казань,"- регулярно общаться с подопечным;
- помогать с конкретными задачами и целями;
- участвовать во встречах наставников;
- соблюдать конфиденциальность;","Наставничество, Юридические услуги",  наставничество  ,"Наставничество, Юридические услуги","Наставничество, Юридические услуги",малые города | люди без жилья,Сельские территории|Люди без жилья,Онлайн,Онлайн,Онлайн,Казань,Казань,2026-06-01,30.04.2026,01.06.2026,2026-04-30,2026-05-03,published,0.638,0,1,4
task_00069,ngo_0067,Участвовать в выездном медицинском пункте для бездомных,Благотворительный фонд «Лучший день»,"Это практическая волонтёрская задача с понятным результатом. Нужно внимательно выполнить договорённости, учитывать контекст региона Воронеж и передать итог команде.",Животные,Воронеж,"- участвовать в выезде или приёме;
- взаимодействовать с командой;
- помогать с документами для подопечных;
- вести краткую документацию;","Медицина, Фандрайзинг, Копирайтинг",медик | донаты | редактура | translation | sql,"Медицина, Фандрайзинг, Копирайтинг, Переводы, Программирование","Медицина, Фандрайзинг, Копирайтинг, Переводы, Программирование","помощь животным, соц помощь, экстренная помощь, культура",Животные|Социальная помощь|Кризисные ситуации|Культура и искусство,Онлайн,Онлайн,Онлайн,Воронеж,Воронеж,2026-07-10,20.01.2026,10.07.2026,2026-01-20,2026-01-25,published,0.516,0,5,3
task_00070,ngo_0048,Провести первичный обзвон новых участников программы,Благотворительный фонд «Живём вместе»,"Мы ищем волонтёр-переводчик, который поможет команде получить понятный и применимый результат. Работа подойдёт человеку, готовому соблюдать договорённости и передать итог координатору.",Здравоохранение,Екатеринбург,"- вести переписку с участниками;
- отвечать на запросы по телефону или в мессенджере;
- фиксировать обращения в базе;
- обрабатывать входящие обращения;","Коммуникация, Педагогика, Переводы",переговоры / преподавание,"Коммуникация, Педагогика, Переводы","Коммуникация, Педагогика, Переводы","  здравоохранение,  права человека,  эко  ",Здравоохранение|Правозащита|Экология,Оффлайн,Оффлайн,Оффлайн, ЕКАТЕРИНБУРГ ,Екатеринбург,2026-07-10,13.04.2026,10.07.2026,2026-04-13,2026-04-18,published,0.314,0,2,2
task_00071,ngo_0047,Участвовать в выездном медицинском пункте для бездомных,Благотворительный фонд «Свет надежды»,"Нам нужен волонтёр с опытом в визуальных материалах: предстоит включиться в работу команды, аккуратно выполнить свою часть и согласовать результат. Формат участия — онлайн.",Миграция,Екатеринбург,"- помогать с документами для подопечных;
- участвовать в выезде или приёме;
- вести краткую документацию;
- взаимодействовать с командой;","Медицина, Фото и видео",медицина; sql,"Медицина, Фото и видео","Медицина, Фото и видео",адаптация; старшее поколение,Миграция|Помощь пожилым,Онлайн,Онлайн,Онлайн,Екатеринбург,Екатеринбург,2026-06-25,27.01.2026,25.06.2026,2026-01-27,2026-02-05,published,0.722,0,1,1
task_00072,ngo_0071,Разработать простой сайт для некоммерческой организации,АНО «Сила участия»,"Необходимо помочь проекту в направлении «Социальная помощь». Важно разобраться в контексте, выполнить работу в срок и подготовить результат, который можно использовать дальше.",Социальная помощь,Воронеж,"- уточнить техническое задание;
- разработать решение;
- протестировать и передать результат;
- оформить документацию;","Программирование, Психология",python,"Программирование, Психология","Программирование, Психология",помощь людям; мигранты; правозащита,Социальная помощь|Миграция|Правозащита,Смешанный,Смешанный,Смешанный, Воронеж ,Воронеж,2026-06-01,01.02.2026,01.06.2026,2026-02-01,2026-02-02,published,0.912,0,3,3
task_00073,ngo_0067,Снять документальный ролик о работе приюта для животных,Благотворительный фонд «Лучший день»,"Команде нужна поддержка волонтёра в регионе Пермь. Задача рассчитана на ответственное участие, аккуратную коммуникацию и передачу результата координатору.",Кризисные ситуации,Пермь,"- соблюдать этику при работе с людьми;
- снимать на мероприятиях;
- обрабатывать материалы;
- передавать итоговые файлы команде;","Фото и видео, Юридические услуги, Коммуникация",видео; правовая помощь,"Фото и видео, Юридические услуги, Коммуникация","Фото и видео, Юридические услуги, Коммуникация",кризисные ситуации,Кризисные ситуации,Онлайн,Онлайн,Онлайн, ПЕРМЬ ,Пермь,2026-06-01,01.03.2026,01.06.2026,2026-03-01,2026-03-02,published,0.751,0,2,4
task_00074,ngo_0070,Помочь архивировать документы за несколько лет,Инициатива «Социальный магазин»,Потребуется помощь волонтёр с вниманием к документам. Работа связана с направлением «Инклюзия» и предполагает практический результат без лишней бюрократии.,Инклюзия,Санкт-Петербург,"- создать удобную структуру хранения;
- обучить команду работе с документами;
- провести инвентаризацию;
- разобрать и систематизировать архив;","Работа с документами, Фандрайзинг",работа с документами,"Работа с документами, Фандрайзинг","Работа с документами, Фандрайзинг",инклюзия | дети и молодёжь | люди без жилья,Инклюзия|Дети и молодёжь|Люди без жилья,Оффлайн,Оффлайн,Оффлайн,САНКТ-ПЕТЕРБУРГ,Санкт-Петербург,2026-06-01,01.02.2026,01.06.2026,2026-02-01,2026-02-06,published,0.936,0,1,3
task_00075,ngo_0036,Разработать простой сайт для некоммерческой организации,Благотворительный фонд «Подари тепло»,"С 13 марта 2026 года можно подключиться к проекту и помочь команде закрыть важную часть работы. Подойдёт волонтёр, которому комфортен формат «Онлайн».",Люди без жилья,Санкт-Петербург,"- уточнить техническое задание;
- оформить документацию;
- протестировать и передать результат;
- разработать решение;","Программирование, Психология",js,"Программирование, Психология","Программирование, Психология",люди без жилья / музеи / миграция / сельские территории,Люди без жилья|Культура и искусство|Миграция|Сельские территории,Онлайн,Онлайн,Онлайн,САНКТ-ПЕТЕРБУРГ,Санкт-Петербург,2026-06-10,13.03.2026,10.06.2026,2026-03-13,2026-03-13,published,0.757,0,1,2
task_00076,ngo_0086,Создать брендбук для новой организации,Волонтёрский центр «Белгородское добровольчество»,"До 25 мая 2026 года нужно подготовить результат для команды. Будет полезен человек, который умеет работать самостоятельно и вовремя согласовывать промежуточные шаги.",Кризисные ситуации,Ростов-на-Дону,"- разрабатывать макеты по брифу;
- адаптировать материалы под разные форматы;
- передавать готовые файлы;
- согласовывать правки с командой;","Дизайн, Программирование, Наставничество","дизайн, кодинг, менторство","Дизайн, Программирование, Наставничество, аниматор","Дизайн, Программирование, Наставничество, аниматор",  чс | помощь людям  ,Кризисные ситуации|Социальная помощь,Онлайн,Онлайн,Онлайн, РОСТОВ-НА-ДОНУ ,Ростов-на-Дону,2026-05-25,24.03.2026,25.05.2026,2026-03-24,2026-03-25,published,0.905,0,5,1
task_00077,ngo_0063,Провести занятие по рисованию для детей из малообеспеченных семей,Волонтёрский центр «Дальневосточное добро»,Нужна волонтёрская помощь в формате «Оффлайн». Основной фокус — довести работу до завершения и передать материалы или выводы координатору.,Правозащита,Москва,"- поддерживать позитивную атмосферу;
- соблюдать правила безопасности;
- провести занятие или мастер-класс;
- взаимодействовать с куратором;",Работа с детьми,дети,Работа с детьми,Работа с детьми,права человека; зож; культура; помощь людям,Правозащита|Спорт и ЗОЖ|Культура и искусство|Социальная помощь,Оффлайн,Оффлайн,Оффлайн,  МОСКВА  ,Москва,2026-05-25,08.03.2026,25.05.2026,2026-03-08,2026-03-08,published,0.953,0,1,4
task_00078,ngo_0062,Организовать набор волонтёров для уборки территории,АНО «Навигатор добра»,"Команда ищет участника, который сможет быстро погрузиться в задачу и помочь в направлении «Культура и искусство». Особенно пригодятся навыки: Координация волонтёров, PR и Юридические услуги.",Культура и искусство,Москва,"- проводить вводные встречи;
- поддерживать связь с волонтёрами;
- готовить отчёты по работе команды;
- вести реестр и распределять задачи;","Координация волонтёров, PR, Юридические услуги",coordination; PR; юридические услуги; переводчик,"Координация волонтёров, PR, Юридические услуги, Переводы, Копирайтинг","Координация волонтёров, PR, Юридические услуги, Переводы, Копирайтинг",  музеи  ,Культура и искусство,Смешанный,Смешанный,Смешанный,Москва,Москва,2026-06-01,24.03.2026,01.06.2026,2026-03-24,2026-03-31,published,0.278,0,2,1
task_00079,ngo_0057,Провести первичный обзвон новых участников программы,Центр добровольчества «Самарские добровольцы»,"Это практическая волонтёрская задача с понятным результатом. Нужно внимательно выполнить договорённости, учитывать контекст региона Санкт-Петербург и передать итог команде.",Дети и молодёжь,Санкт-Петербург,"- вести переписку с участниками;
- фиксировать обращения в базе;
- отвечать на запросы по телефону или в мессенджере;
- обрабатывать входящие обращения;","Коммуникация, Педагогика, Дизайн","  переговоры,  обучение,  Фигма  ","Коммуникация, Педагогика, Дизайн, бумаги","Коммуникация, Педагогика, Дизайн, бумаги",молодежь; социальная помощь,Дети и молодёжь|Социальная помощь,Онлайн,Онлайн,Онлайн,Санкт-Петербург,Санкт-Петербург,2026-05-14,21.04.2026,14.05.2026,2026-04-21,2026-04-24,published,0.626,0,5,1
task_00080,ngo_0058,Снять документальный ролик о работе приюта для животных,Центр добровольчества «Здесь помогут»,"Мы ищем волонтёр с опытом в визуальных материалах, который поможет команде получить понятный и применимый результат. Работа подойдёт человеку, готовому соблюдать договорённости и передать итог координатору.",Миграция,Санкт-Петербург,"- соблюдать этику при работе с людьми;
- снимать на мероприятиях;
- передавать итоговые файлы команде;
- обрабатывать материалы;",Фото и видео,монтаж,Фото и видео,Фото и видео,"миграция,  здоровье,  люди без жилья,  здоровый образ жизни",Миграция|Здравоохранение|Люди без жилья|Спорт и ЗОЖ,Онлайн,Онлайн,Онлайн,  САНКТ-ПЕТЕРБУРГ  ,Санкт-Петербург,2026-06-01,11.03.2026,01.06.2026,2026-03-11,2026-03-13,published,0.592,0,5,1
task_00081,ngo_0026,Настроить CRM для учёта волонтёров в организации,Просветительский центр «Наставник»,"Нам нужен IT-волонтёр: предстоит включиться в работу команды, аккуратно выполнить свою часть и согласовать результат. Формат участия — смешанный.",Помощь пожилым,Ростов-на-Дону,"- настроить выбранный инструмент;
- разобраться в текущих процессах;
- обучить 1–2 сотрудников;
- написать краткую инструкцию;","IT, коммуникации",  it  ,"IT, коммуникации","IT, коммуникации",пожилые / люди без жилья / социальная помощь,Помощь пожилым|Люди без жилья|Социальная помощь,Смешанный,Смешанный,Смешанный, Ростов-на-Дону ,Ростов-на-Дону,2026-05-25,05.02.2026,25.05.2026,2026-02-05,2026-02-08,published,0.895,0,2,3
task_00082,ngo_0024,Разработать простой сайт для некоммерческой организации,Волонтёрский центр «Тамбовские добровольцы»,"Необходимо помочь проекту в направлении «Инклюзия». Важно разобраться в контексте, выполнить работу в срок и подготовить результат, который можно использовать дальше.",Инклюзия,Санкт-Петербург,"- уточнить техническое задание;
- протестировать и передать результат;
- разработать решение;
- оформить документацию;","Программирование, Психология, Медицина",python | психолог | медицинская помощь | координатор,"Программирование, Психология, Медицина, Координация волонтёров, Фандрайзинг","Программирование, Психология, Медицина, Координация волонтёров, Фандрайзинг",доступная среда,Инклюзия,Онлайн,Онлайн,Онлайн, САНКТ-ПЕТЕРБУРГ ,Санкт-Петербург,2026-06-10,04.03.2026,10.06.2026,2026-03-04,2026-03-08,published,0.602,0,3,3
task_00083,ngo_0022,Провести занятие по рисованию для детей из малообеспеченных семей,Центр добровольчества «Воронежские добровольцы»,"Команде нужна поддержка волонтёра в регионе Ростов-на-Дону. Задача рассчитана на ответственное участие, аккуратную коммуникацию и передачу результата координатору.",Миграция,Ростов-на-Дону,"- соблюдать правила безопасности;
- провести занятие или мастер-класс;
- взаимодействовать с куратором;
- поддерживать позитивную атмосферу;","Работа с детьми, Наставничество, Дизайн",  работа с детьми  ,"Работа с детьми, Наставничество, Дизайн","Работа с детьми, Наставничество, Дизайн",  адаптация  ,Миграция,Онлайн,Онлайн,Онлайн,Ростов-на-Дону,Ростов-на-Дону,2026-05-16,09.04.2026,16.05.2026,2026-04-09,2026-04-18,published,0.664,0,5,1
task_00084,ngo_0037,Создать брендбук для новой организации,АНО «Участие»,Потребуется помощь волонтёр с опытом в визуальных материалах. Работа связана с направлением «Люди без жилья» и предполагает практический результат без лишней бюрократии.,Люди без жилья,Красноярск,"- адаптировать материалы под разные форматы;
- разрабатывать макеты по брифу;
- передавать готовые файлы;
- согласовывать правки с командой;","prompt engineering, Дизайн, Наставничество",нейросети | ДИЗАЙН | наставничество | психологическая поддержка,"prompt engineering, Дизайн, Наставничество, Психология, Медицина","prompt engineering, Дизайн, Наставничество, Психология, Медицина",  бездомные  ,Люди без жилья,Онлайн,Онлайн,Онлайн, Красноярск ,Красноярск,2026-06-25,02.04.2026,25.06.2026,2026-04-02,2026-04-08,draft,0.753,0,1,2
task_00085,ngo_0040,Организовать набор волонтёров для уборки территории,АНО «Взаимодействие»,"С 25 апреля 2026 года можно подключиться к проекту и помочь команде закрыть важную часть работы. Подойдёт волонтёр, которому комфортен формат «Онлайн».",Кризисные ситуации,Омск,"- вести реестр и распределять задачи;
- готовить отчёты по работе команды;
- поддерживать связь с волонтёрами;
- проводить вводные встречи;","Координация волонтёров, Организация мероприятий",  координатор  ,"Координация волонтёров, Организация мероприятий","Координация волонтёров, Организация мероприятий",экстренная помощь / образование / люди с инвалидностью / малые города,Кризисные ситуации|Образование|Инклюзия|Сельские территории,Онлайн,Онлайн,Онлайн, ОМСК ,Омск,2026-05-25,25.04.2026,25.05.2026,2026-04-25,2026-04-29,published,0.858,0,2,4
task_00086,ngo_0013,Создать брендбук для новой организации,Инициатива «Территория без насилия»,"До 18 мая 2026 года нужно подготовить результат для команды. Будет полезен человек, который умеет работать самостоятельно и вовремя согласовывать промежуточные шаги.",Экология,Екатеринбург,"- передавать готовые файлы;
- адаптировать материалы под разные форматы;
- разрабатывать макеты по брифу;
- согласовывать правки с командой;","Дизайн, Работа с документами",ДИЗАЙН,"Дизайн, Работа с документами","Дизайн, Работа с документами",  экология  ,Экология,Онлайн,Онлайн,Онлайн,ЕКАТЕРИНБУРГ,Екатеринбург,2026-05-18,28.04.2026,18.05.2026,2026-04-28,2026-05-05,published,0.869,0,2,2
task_00087,ngo_0046,Создать брендбук для новой организации,Просветительская инициатива «Медиаграмотность»,Нужна волонтёрская помощь в формате «Смешанный». Основной фокус — довести работу до завершения и передать материалы или выводы координатору.,Кризисные ситуации,Ростов-на-Дону,"- разрабатывать макеты по брифу;
- передавать готовые файлы;
- адаптировать материалы под разные форматы;
- согласовывать правки с командой;","Дизайн, Аналитика, Наставничество","дизайнер, excel","Дизайн, Аналитика, Наставничество","Дизайн, Аналитика, Наставничество",чс,Кризисные ситуации,Смешанный,Смешанный,Смешанный,Ростов-на-Дону,Ростов-на-Дону,2026-05-25,07.05.2026,25.05.2026,2026-05-07,2026-05-11,published,0.733,0,1,5
task_00088,ngo_0001,Проанализировать эффективность работы горячей линии,АНО «Социальный фокус»,"Команда ищет участника, который сможет быстро погрузиться в задачу и помочь в направлении «Сельские территории». Особенно пригодятся навыки: Аналитика, Фото и видео и Дизайн.",Сельские территории,Санкт-Петербург,"- подготовить выводы в понятном формате;
- изучить исходные данные;
- построить визуализацию или дашборд;
- дать рекомендации команде;","Аналитика, Фото и видео, Дизайн", анализ данных ; съемка,"Аналитика, Фото и видео, Дизайн","Аналитика, Фото и видео, Дизайн","  малые города,  кризисные ситуации,  права человека,  помощь пожилым  ",Сельские территории|Кризисные ситуации|Правозащита|Помощь пожилым,Оффлайн,Оффлайн,Оффлайн,САНКТ-ПЕТЕРБУРГ,Санкт-Петербург,2026-06-01,20.01.2026,01.06.2026,2026-01-20,2026-01-27,published,0.241,0,5,5
task_00089,ngo_0070,Написать серию материалов о подопечных для сайта и соцсетей,Инициатива «Социальный магазин»,"Это практическая волонтёрская задача с понятным результатом. Нужно внимательно выполнить договорённости, учитывать контекст региона Волгоград и передать итог команде.",Образование,Волгоград,"- брать короткие интервью у подопечных;
- писать тексты по брифу и структуре;
- выдерживать тон и стиль бренда;
- редактировать материалы команды;","Копирайтинг, коммуникации","  написание текстов, tableau  ","Копирайтинг, коммуникации","Копирайтинг, коммуникации",просвещение / здоровье / помощь пожилым / люди с инвалидностью,Образование|Здравоохранение|Помощь пожилым|Инклюзия,Онлайн,Онлайн,Онлайн, Волгоград ,Волгоград,2026-06-01,28.02.2026,01.06.2026,2026-02-28,2026-03-06,published,0.512,0,1,2
task_00090,ngo_0059,Провести психологические консультации для участников кризисного проекта,Образовательный центр «Доступная наука»,"Мы ищем волонтёр с профильной экспертизой, который поможет команде получить понятный и применимый результат. Работа подойдёт человеку, готовому соблюдать договорённости и передать итог координатору.",Здравоохранение,Пермь,"- проводить индивидуальные консультации или групповые встречи;
- соблюдать этику и конфиденциальность;
- вести краткие записи;
- участвовать в супервизии команды;","привлечение средств, Психология",  fundraising  ,"привлечение средств, Психология","привлечение средств, Психология","  здравоохранение,  культура,  старшее поколение,  молодежь  ",Здравоохранение|Культура и искусство|Помощь пожилым|Дети и молодёжь,Онлайн,Онлайн,Онлайн,Пермь,Пермь,2026-06-10,14.03.2026,10.06.2026,2026-03-14,2026-03-15,published,0.809,0,2,0
task_00091,ngo_0042,Провести опрос участников программы о качестве услуг,Просветительский проект «Школа добрых дел»,"Нам нужен волонтёр-аналитик: предстоит включиться в работу команды, аккуратно выполнить свою часть и согласовать результат. Формат участия — оффлайн.",Экология,Волгоград,"- подготовить краткий отчёт с выводами;
- провести интервью или опросы;
- систематизировать результаты;
- разработать анкету или гайд;","Исследования, Программирование, tableau","интервью, tableau","Исследования, Программирование, tableau","Исследования, Программирование, tableau",экология; социальная помощь; села,Экология|Социальная помощь|Сельские территории,Оффлайн,Оффлайн,Оффлайн,ВОЛГОГРАД,Волгоград,2026-06-25,07.05.2026,25.06.2026,2026-05-07,2026-05-11,published,0.521,0,1,1
task_00092,ngo_0027,Разработать простой сайт для некоммерческой организации,Благотворительный фонд «Реабилитация и жизнь»,"Необходимо помочь проекту в направлении «Спорт и ЗОЖ». Важно разобраться в контексте, выполнить работу в срок и подготовить результат, который можно использовать дальше.",Спорт и ЗОЖ,Новосибирск,"- разработать решение;
- уточнить техническое задание;
- оформить документацию;
- протестировать и передать результат;","Программирование, Фото и видео",кодинг; таргет,"Программирование, Фото и видео","Программирование, Фото и видео",зож / медицина,Спорт и ЗОЖ|Здравоохранение,Оффлайн,Оффлайн,Оффлайн,Новосибирск,Новосибирск,2026-06-01,18.02.2026,01.06.2026,2026-02-18,2026-02-22,published,0.803,0,1,2
task_00093,ngo_0040,Стать наставником для выпускника детского дома,АНО «Взаимодействие»,"Команде нужна поддержка волонтёра в регионе Казань. Задача рассчитана на ответственное участие, аккуратную коммуникацию и передачу результата координатору.",Культура и искусство,Казань,"- помогать с конкретными задачами и целями;
- регулярно общаться с подопечным;
- участвовать во встречах наставников;
- соблюдать конфиденциальность;","Наставничество, Медицина",ментор,"Наставничество, Медицина","Наставничество, Медицина",  культура | старшее поколение  ,Культура и искусство|Помощь пожилым,Смешанный,Смешанный,Смешанный,КАЗАНЬ,Казань,2026-05-18,22.03.2026,18.05.2026,2026-03-22,2026-03-23,published,0.639,0,1,1
task_00094,ngo_0069,Подготовить пресс-кит для привлечения партнёров,Центр добровольчества «Архангельские волонтёры»,Потребуется помощь волонтёр с опытом в визуальных материалах. Работа связана с направлением «Образование» и предполагает практический результат без лишней бюрократии.,Образование,Новосибирск,"- выдерживать тон и стиль бренда;
- писать тексты по брифу и структуре;
- брать короткие интервью у подопечных;
- редактировать материалы команды;","Копирайтинг, Работа с документами, чат-боты",копирайтинг,"Копирайтинг, Работа с документами, чат-боты","Копирайтинг, Работа с документами, чат-боты","просвещение,  инклюзия",Образование|Инклюзия,Онлайн,Онлайн,Онлайн,НОВОСИБИРСК,Новосибирск,2026-06-10,08.04.2026,10.06.2026,2026-04-08,2026-04-17,published,0.492,0,1,0
task_00095,ngo_0022,Провести первичный обзвон новых участников программы,Центр добровольчества «Воронежские добровольцы»,"С 1 марта 2026 года можно подключиться к проекту и помочь команде закрыть важную часть работы. Подойдёт волонтёр, которому комфортен формат «Оффлайн».",Инклюзия,Воронеж,"- обрабатывать входящие обращения;
- отвечать на запросы по телефону или в мессенджере;
- фиксировать обращения в базе;
- вести переписку с участниками;","Коммуникация, Переводы",поддержка,"Коммуникация, Переводы","Коммуникация, Переводы",доступная среда; чс; помощь животным,Инклюзия|Кризисные ситуации|Животные,Оффлайн,Оффлайн,Оффлайн,ВОРОНЕЖ,Воронеж,2026-06-01,01.03.2026,01.06.2026,2026-03-01,2026-03-04,published,0.575,0,2,2
task_00096,ngo_0019,Провести опрос участников программы о качестве услуг,Образовательный проект «Ментальное здоровье»,"До 25 июня 2026 года нужно подготовить результат для команды. Будет полезен человек, который умеет работать самостоятельно и вовремя согласовывать промежуточные шаги.",Культура и искусство,Новосибирск,"- подготовить краткий отчёт с выводами;
- систематизировать результаты;
- разработать анкету или гайд;
- провести интервью или опросы;","Исследования, PR, Юридические услуги",исследования; связи с общественностью; договоры; архив,"Исследования, PR, Юридические услуги, Работа с документами, Копирайтинг","Исследования, PR, Юридические услуги, Работа с документами, Копирайтинг","музеи,  сельские территории",Культура и искусство|Сельские территории,Смешанный,Смешанный,Смешанный, НОВОСИБИРСК ,Новосибирск,2026-06-25,24.02.2026,25.06.2026,2026-02-24,2026-02-26,published,0.836,0,5,3
task_00097,ngo_0020,Провести опрос участников программы о качестве услуг,Благотворительный фонд «Всё будет хорошо»,Нужна волонтёрская помощь в формате «Онлайн». Основной фокус — довести работу до завершения и передать материалы или выводы координатору.,Дети и молодёжь,Уфа,"- подготовить краткий отчёт с выводами;
- разработать анкету или гайд;
- систематизировать результаты;
- провести интервью или опросы;","Исследования, Организация мероприятий, Аналитика","кабинетное исследование, ивенты, таргет","Исследования, Организация мероприятий, Аналитика","Исследования, Организация мероприятий, Аналитика",дети,Дети и молодёжь,Онлайн,Онлайн,Онлайн, Уфа ,Уфа,2026-05-14,27.01.2026,14.05.2026,2026-01-27,2026-02-03,published,0.839,0,1,1
task_00098,ngo_0061,Разработать простой сайт для некоммерческой организации,Социальная инициатива «Бесплатный репетитор»,"Команда ищет участника, который сможет быстро погрузиться в задачу и помочь в направлении «Сельские территории». Особенно пригодятся навыки: Программирование, Педагогика и coordination.",Сельские территории,Казань,"- оформить документацию;
- протестировать и передать результат;
- уточнить техническое задание;
- разработать решение;","Программирование, Педагогика, coordination","  web разработка,  тьютор,  управление волонтерами  ","Программирование, Педагогика, coordination, Организация мероприятий","Программирование, Педагогика, coordination, Организация мероприятий","сельские территории,  приюты,  мигранты,  здоровый образ жизни",Сельские территории|Животные|Миграция|Спорт и ЗОЖ,Онлайн,Онлайн,Онлайн,КАЗАНЬ,Казань,2026-06-01,10.04.2026,01.06.2026,2026-04-10,2026-04-14,published,0.761,0,2,0
task_00099,ngo_0021,Запустить краудфандинговую кампанию на Планете.ру,АНО «Открытое сообщество»,"Это практическая волонтёрская задача с понятным результатом. Нужно внимательно выполнить договорённости, учитывать контекст региона Санкт-Петербург и передать итог команде.",Сельские территории,Санкт-Петербург,"- отчитываться об итогах сбора;
- координировать продвижение;
- подготовить тексты и контент;
- разработать идею кампании;","Фандрайзинг, Координация волонтёров",фандрайзинг,"Фандрайзинг, Координация волонтёров","Фандрайзинг, Координация волонтёров",села,Сельские территории,Оффлайн,Оффлайн,Оффлайн,Санкт-Петербург,Санкт-Петербург,2026-05-14,13.04.2026,14.05.2026,2026-04-13,2026-04-21,moderation,0.278,0,3,2
task_00100,ngo_0044,Настроить CRM для учёта волонтёров в организации,Просветительский центр «Правовой компас»,"Мы ищем волонтёр с опытом в визуальных материалах, который поможет команде получить понятный и применимый результат. Работа подойдёт человеку, готовому соблюдать договорённости и передать итог координатору.",Люди без жилья,Санкт-Петербург,"- разобраться в текущих процессах;
- обучить 1–2 сотрудников;
- написать краткую инструкцию;
- настроить выбранный инструмент;","IT, Педагогика, Фото и видео",техническая помощь | учитель | съемка,"IT, Педагогика, Фото и видео, Работа с детьми","IT, Педагогика, Фото и видео, Работа с детьми",люди без жилья,Люди без жилья,Онлайн,Онлайн,Онлайн,САНКТ-ПЕТЕРБУРГ,Санкт-Петербург,2026-07-10,18.03.2026,10.07.2026,2026-03-18,2026-03-19,published,0.728,0,1,3
task_00101,ngo_0067,Провести психологические консультации для участников кризисного проекта,Благотворительный фонд «Лучший день»,"Нам нужен волонтёр-наставник: предстоит включиться в работу команды, аккуратно выполнить свою часть и согласовать результат. Формат участия — оффлайн.",Спорт и ЗОЖ,Казань,"- участвовать в супервизии команды;
- вести краткие записи;
- проводить индивидуальные консультации или групповые встречи;
- соблюдать этику и конфиденциальность;","Психология, Переводы, Работа с детьми",психолог | переводчик,"Психология, Переводы, Работа с детьми","Психология, Переводы, Работа с детьми","здоровый образ жизни,  медицина,  люди с инвалидностью",Спорт и ЗОЖ|Здравоохранение|Инклюзия,Оффлайн,Оффлайн,Оффлайн,КАЗАНЬ,Казань,2026-06-01,21.04.2026,01.06.2026,2026-04-21,2026-04-22,published,0.542,0,1,2
task_00102,ngo_0036,Провести опрос участников программы о качестве услуг,Благотворительный фонд «Подари тепло»,"Необходимо помочь проекту в направлении «Здравоохранение». Важно разобраться в контексте, выполнить работу в срок и подготовить результат, который можно использовать дальше.",Здравоохранение,Москва,"- разработать анкету или гайд;
- провести интервью или опросы;
- систематизировать результаты;
- подготовить краткий отчёт с выводами;","Исследования, Аналитика, Фото и видео",интервью; АНАЛИТИКА; фотография; управление волонтерами,"Исследования, Аналитика, Фото и видео, Координация волонтёров, Программирование","Исследования, Аналитика, Фото и видео, Координация волонтёров, Программирование","здравоохранение,  помощь пожилым",Здравоохранение|Помощь пожилым,Онлайн,Онлайн,Онлайн,  МОСКВА  ,Москва,2026-06-10,29.04.2026,10.06.2026,2026-04-29,2026-05-03,published,0.327,0,3,3
task_00103,ngo_0033,Провести опрос участников программы о качестве услуг,Социальная инициатива «Наш дом — природа»,"Команде нужна поддержка волонтёра в регионе Ростов-на-Дону. Задача рассчитана на ответственное участие, аккуратную коммуникацию и передачу результата координатору.",Культура и искусство,Ростов-на-Дону,"- подготовить краткий отчёт с выводами;
- разработать анкету или гайд;
- провести интервью или опросы;
- систематизировать результаты;","Исследования, Организация мероприятий, Фото и видео","кабинетное исследование,  помощь на мероприятии,  tableau","Исследования, Организация мероприятий, Фото и видео","Исследования, Организация мероприятий, Фото и видео",музеи / спорт,Культура и искусство|Спорт и ЗОЖ,Онлайн,Онлайн,Онлайн,Ростов-на-Дону,Ростов-на-Дону,2026-06-10,07.03.2026,10.06.2026,2026-03-07,2026-03-15,published,0.521,0,2,2
task_00104,ngo_0065,Стать наставником для выпускника детского дома,АНО «Полезное действие»,Потребуется помощь волонтёр-аналитик. Работа связана с направлением «Дети и молодёжь» и предполагает практический результат без лишней бюрократии.,Дети и молодёжь,Воронеж,"- участвовать во встречах наставников;
- помогать с конкретными задачами и целями;
- соблюдать конфиденциальность;
- регулярно общаться с подопечным;","Наставничество, Исследования, Копирайтинг","  менторство,  исследования,  написание текстов  ","Наставничество, Исследования, Копирайтинг, Переводы","Наставничество, Исследования, Копирайтинг, Переводы","молодежь, спорт, чс",Дети и молодёжь|Спорт и ЗОЖ|Кризисные ситуации,Онлайн,Онлайн,Онлайн,Воронеж,Воронеж,2026-06-01,08.02.2026,01.06.2026,2026-02-08,2026-02-09,published,0.898,0,1,1
task_00105,ngo_0038,Помочь архивировать документы за несколько лет,Инициатива «Раздельный сбор — общее дело»,"С 29 марта 2026 года можно подключиться к проекту и помочь команде закрыть важную часть работы. Подойдёт волонтёр, которому комфортен формат «Онлайн».",Экология,Екатеринбург,"- создать удобную структуру хранения;
- обучить команду работе с документами;
- разобрать и систематизировать архив;
- провести инвентаризацию;","Работа с документами, Фото и видео",бумаги,"Работа с документами, Фото и видео","Работа с документами, Фото и видео","экологические проекты,  юридическая помощь,  люди без жилья",Экология|Правозащита|Люди без жилья,Онлайн,Онлайн,Онлайн,ЕКАТЕРИНБУРГ,Екатеринбург,2026-05-18,29.03.2026,18.05.2026,2026-03-29,2026-04-02,published,0.747,0,2,1
task_00106,ngo_0013,Проверить договоры организации на соответствие законодательству,Инициатива «Территория без насилия»,"До 1 июня 2026 года нужно подготовить результат для команды. Будет полезен человек, который умеет работать самостоятельно и вовремя согласовывать промежуточные шаги.",Животные,Москва,"- проводить консультации по запросу;
- объяснять правовые вопросы простым языком;
- подготавливать шаблоны и памятки;
- проверять документы;","Юридические услуги, помощь на мероприятии, Копирайтинг",юрист | event | редактура,"Юридические услуги, помощь на мероприятии, Копирайтинг, Фото и видео","Юридические услуги, помощь на мероприятии, Копирайтинг, Фото и видео","животные,  здоровый образ жизни",Животные|Спорт и ЗОЖ,Онлайн,Онлайн,Онлайн,МОСКВА,Москва,2026-06-01,17.04.2026,01.06.2026,2026-04-17,2026-04-19,published,0.635,0,1,2
task_00107,ngo_0019,Найти и выстроить контакты с профильными изданиями,Образовательный проект «Ментальное здоровье»,Нужна волонтёрская помощь в формате «Оффлайн». Основной фокус — довести работу до завершения и передать материалы или выводы координатору.,Кризисные ситуации,Новосибирск,"- составлять пресс-релизы;
- выстраивать контакты с журналистами;
- готовить питчи и предложения для СМИ;
- помогать с выступлениями спикеров;","PR, Педагогика, бумаги",pr; педагогика,"PR, Педагогика, бумаги","PR, Педагогика, бумаги","чс, адаптация",Кризисные ситуации|Миграция,Оффлайн,Оффлайн,Оффлайн,НОВОСИБИРСК,Новосибирск,2026-05-25,08.02.2026,25.05.2026,2026-02-08,2026-02-16,published,0.259,0,2,0
task_00108,ngo_0033,Вести Телеграм-канал организации в течение месяца,Социальная инициатива «Наш дом — природа»,"Команда ищет участника, который сможет быстро погрузиться в задачу и помочь в направлении «Дети и молодёжь». Особенно пригодятся навыки: SMM.",Дети и молодёжь,Самара,"- создавать посты и истории;
- анализировать охваты;
- следить за реакциями и отвечать на комментарии;
- готовить контент-план;",SMM,соцсети,SMM,SMM,молодежь | мигранты | ночлежка | социальная помощь,Дети и молодёжь|Миграция|Люди без жилья|Социальная помощь,Онлайн,Онлайн,Онлайн, Самара ,Самара,2026-06-25,09.04.2026,25.06.2026,2026-04-09,2026-04-11,published,0.608,0,2,5
task_00109,ngo_0019,Организовать субботник в парке при поддержке НКО,Образовательный проект «Ментальное здоровье»,"Это практическая волонтёрская задача с понятным результатом. Нужно внимательно выполнить договорённости, учитывать контекст региона Казань и передать итог команде.",Помощь пожилым,Казань,"- решать оперативные вопросы в день проведения;
- координировать участников;
- подготовить краткий отчёт;
- составить план мероприятия;","бумаги, Организация мероприятий, Психология","делопроизводство, помощь на мероприятии, эмоциональная поддержка, Python","бумаги, Организация мероприятий, Психология, Программирование, Фото и видео","бумаги, Организация мероприятий, Психология, Программирование, Фото и видео",помощь пожилым,Помощь пожилым,Онлайн,Онлайн,Онлайн,КАЗАНЬ,Казань,2026-06-01,16.02.2026,01.06.2026,2026-02-16,2026-02-24,published,0.311,0,1,2
task_00110,ngo_0009,Перевести памятку о правах для мигрантов,Образовательный проект «Академия волонтёра»,"Мы ищем волонтёр-аналитик, который поможет команде получить понятный и применимый результат. Работа подойдёт человеку, готовому соблюдать договорённости и передать итог координатору.",Дети и молодёжь,Уфа,"- соблюдать конфиденциальность;
- адаптировать материалы для аудитории;
- переводить документы и переписку;
- помогать на встречах;","Переводы, Наставничество, Программирование","  английский, менторство, js, data analysis, опросы  ","Переводы, Наставничество, Программирование, Аналитика, Исследования, Организация мероприятий","Переводы, Наставничество, Программирование, Аналитика, Исследования, Организация мероприятий",дети | мигранты | правозащита | обучение,Дети и молодёжь|Миграция|Правозащита|Образование,Онлайн,Онлайн,Онлайн,УФА,Уфа,2026-06-25,26.02.2026,25.06.2026,2026-02-26,2026-02-27,published,0.662,0,2,1
task_00111,ngo_0016,Организовать субботник в парке при поддержке НКО,АНО «Путь к участию»,"Нам нужен волонтёр-организатор: предстоит включиться в работу команды, аккуратно выполнить свою часть и согласовать результат. Формат участия — оффлайн.",Правозащита,Москва,"- решать оперативные вопросы в день проведения;
- координировать участников;
- составить план мероприятия;
- подготовить краткий отчёт;",Организация мероприятий,"организация мероприятий,  чат-боты",Организация мероприятий,Организация мероприятий,юридическая помощь | образование | люди без жилья,Правозащита|Образование|Люди без жилья,Оффлайн,Оффлайн,Оффлайн,МОСКВА,Москва,2026-05-25,03.04.2026,25.05.2026,2026-04-03,2026-04-06,published,0.19,0,2,2
task_00112,ngo_0038,Организовать субботник в парке при поддержке НКО,Инициатива «Раздельный сбор — общее дело»,"Необходимо помочь проекту в направлении «Помощь пожилым». Важно разобраться в контексте, выполнить работу в срок и подготовить результат, который можно использовать дальше.",Помощь пожилым,Уфа,"- составить план мероприятия;
- координировать участников;
- решать оперативные вопросы в день проведения;
- подготовить краткий отчёт;","Организация мероприятий, помощь новичкам, Дизайн",мероприятия | менторство,"Организация мероприятий, помощь новичкам, Дизайн","Организация мероприятий, помощь новичкам, Дизайн",пожилые; люди без жилья; адаптация; обучение,Помощь пожилым|Люди без жилья|Миграция|Образование,Онлайн,Онлайн,Онлайн,УФА,Уфа,2026-06-10,19.03.2026,10.06.2026,2026-03-19,2026-03-20,closed,0.789,0,1,3
task_00113,ngo_0082,Провести серию уроков по финансовой грамотности для подростков,Инициатива «Безопасный маршрут»,"Команде нужна поддержка волонтёра в регионе Новосибирск. Задача рассчитана на ответственное участие, аккуратную коммуникацию и передачу результата координатору.",Социальная помощь,Новосибирск,"- собрать обратную связь;
- подготовить содержание занятия;
- провести занятие или серию встреч;
- скорректировать программу по итогам;","Педагогика, PR, Юридические услуги","преподавание,  медиа,  юрист,   смм ","Педагогика, PR, Юридические услуги, SMM, Координация волонтёров","Педагогика, PR, Юридические услуги, SMM, Координация волонтёров",соц помощь / обучение,Социальная помощь|Образование,Оффлайн,Оффлайн,Оффлайн,НОВОСИБИРСК,Новосибирск,2026-05-16,20.02.2026,16.05.2026,2026-02-20,2026-02-21,published,0.612,0,1,1
task_00114,ngo_0033,Организовать субботник в парке при поддержке НКО,Социальная инициатива «Наш дом — природа»,Потребуется помощь волонтёр-организатор. Работа связана с направлением «Миграция» и предполагает практический результат без лишней бюрократии.,Миграция,Самара,"- решать оперативные вопросы в день проведения;
- подготовить краткий отчёт;
- составить план мероприятия;
- координировать участников;","Организация мероприятий, Наставничество",мероприятия,"Организация мероприятий, Наставничество","Организация мероприятий, Наставничество",миграция / помощь животным,Миграция|Животные,Оффлайн,Оффлайн,Оффлайн, САМАРА ,Самара,2026-05-16,14.02.2026,16.05.2026,2026-02-14,2026-02-14,published,0.337,0,2,0
task_00115,ngo_0029,Стать наставником для выпускника детского дома,Инициатива «Приют для всех»,"С 25 февраля 2026 года можно подключиться к проекту и помочь команде закрыть важную часть работы. Подойдёт волонтёр, которому комфортен формат «Онлайн».",Миграция,Омск,"- участвовать во встречах наставников;
- соблюдать конфиденциальность;
- регулярно общаться с подопечным;
- помогать с конкретными задачами и целями;",Наставничество,помощь новичкам,Наставничество,Наставничество,мигранты / сельские территории / социальная помощь,Миграция|Сельские территории|Социальная помощь,Онлайн,Онлайн,Онлайн,ОМСК,Омск,2026-05-18,25.02.2026,18.05.2026,2026-02-25,2026-02-27,published,0.636,0,1,3
task_00116,ngo_0024,Перевести памятку о правах для мигрантов,Волонтёрский центр «Тамбовские добровольцы»,"До 10 июля 2026 года нужно подготовить результат для команды. Будет полезен человек, который умеет работать самостоятельно и вовремя согласовывать промежуточные шаги.",Миграция,Ростов-на-Дону,"- помогать на встречах;
- переводить документы и переписку;
- адаптировать материалы для аудитории;
- соблюдать конфиденциальность;","Переводы, коммуникации, Юридические услуги","translation, коммуникация, юридические услуги","Переводы, коммуникации, Юридические услуги, Программирование","Переводы, коммуникации, Юридические услуги, Программирование",мигранты / пожилые / здоровье / бездомные,Миграция|Помощь пожилым|Здравоохранение|Люди без жилья,Онлайн,Онлайн,Онлайн, РОСТОВ-НА-ДОНУ ,Ростов-на-Дону,2026-07-10,26.03.2026,10.07.2026,2026-03-26,2026-04-01,published,0.342,0,2,0
task_00117,ngo_0052,Проверить договоры организации на соответствие законодательству,Фонд «Серебряный возраст»,Нужна волонтёрская помощь в формате «Онлайн». Основной фокус — довести работу до завершения и передать материалы или выводы координатору.,Миграция,Челябинск,"- подготавливать шаблоны и памятки;
- объяснять правовые вопросы простым языком;
- проводить консультации по запросу;
- проверять документы;","Юридические услуги, Наставничество",  договоры  ,"Юридические услуги, Наставничество","Юридические услуги, Наставничество",мигранты / соц помощь / просвещение,Миграция|Социальная помощь|Образование,Онлайн,Онлайн,Онлайн, Челябинск ,Челябинск,2026-05-14,19.02.2026,14.05.2026,2026-02-19,2026-02-26,published,0.952,0,3,3
task_00118,ngo_0076,Провести опрос участников программы о качестве услуг,Благотворительный фонд «Маленький принц»,"Команда ищет участника, который сможет быстро погрузиться в задачу и помочь в направлении «Социальная помощь». Особенно пригодятся навыки: Исследования, Педагогика и Медицина.",Социальная помощь,Пермь,"- подготовить краткий отчёт с выводами;
- систематизировать результаты;
- разработать анкету или гайд;
- провести интервью или опросы;","Исследования, Педагогика, Медицина",кабинетное исследование | sql,"Исследования, Педагогика, Медицина","Исследования, Педагогика, Медицина","социальная помощь, сельские территории",Социальная помощь|Сельские территории,Онлайн,Онлайн,Онлайн,ПЕРМЬ,Пермь,2026-06-10,25.02.2026,10.06.2026,2026-02-25,2026-03-06,published,0.744,0,2,0
task_00119,ngo_0048,Провести занятие по рисованию для детей из малообеспеченных семей,Благотворительный фонд «Живём вместе»,"Это практическая волонтёрская задача с понятным результатом. Нужно внимательно выполнить договорённости, учитывать контекст региона Екатеринбург и передать итог команде.",Сельские территории,Екатеринбург,"- поддерживать позитивную атмосферу;
- взаимодействовать с куратором;
- соблюдать правила безопасности;
- провести занятие или мастер-класс;","Работа с детьми, Фото и видео, помощь на мероприятии","  дети, фотография  ","Работа с детьми, Фото и видео, помощь на мероприятии","Работа с детьми, Фото и видео, помощь на мероприятии",сельские территории; дети и молодёжь; социальная помощь,Сельские территории|Дети и молодёжь|Социальная помощь,Смешанный,Смешанный,Смешанный, Екатеринбург ,Екатеринбург,2026-05-14,31.01.2026,14.05.2026,2026-01-31,2026-02-06,published,0.825,0,1,3
task_00120,ngo_0021,Стать наставником для выпускника детского дома,АНО «Открытое сообщество»,"Мы ищем волонтёр-копирайтер, который поможет команде получить понятный и применимый результат. Работа подойдёт человеку, готовому соблюдать договорённости и передать итог координатору.",Помощь пожилым,Санкт-Петербург,"- соблюдать конфиденциальность;
- участвовать во встречах наставников;
- регулярно общаться с подопечным;
- помогать с конкретными задачами и целями;","Наставничество, Работа с детьми",наставничество | таргет,"Наставничество, Работа с детьми","Наставничество, Работа с детьми",старшее поколение | помощь животным | экологические проекты,Помощь пожилым|Животные|Экология,Оффлайн,Оффлайн,Оффлайн,Санкт-Петербург,Санкт-Петербург,2026-05-18,01.03.2026,18.05.2026,2026-03-01,2026-03-09,published,0.718,0,3,3
task_00121,ngo_0065,Помочь молодому волонтёру влиться в работу организации,АНО «Полезное действие»,"Нам нужен волонтёр-наставник: предстоит включиться в работу команды, аккуратно выполнить свою часть и согласовать результат. Формат участия — оффлайн.",Образование,Екатеринбург,"- регулярно общаться с подопечным;
- соблюдать конфиденциальность;
- участвовать во встречах наставников;
- помогать с конкретными задачами и целями;",Наставничество,ментор,Наставничество,Наставничество,  обучение; искусство; юридическая помощь; помощь животным  ,Образование|Культура и искусство|Правозащита|Животные,Оффлайн,Оффлайн,Оффлайн, Екатеринбург ,Екатеринбург,2026-05-18,17.04.2026,18.05.2026,2026-04-17,2026-04-26,published,0.715,0,2,1
task_00122,ngo_0071,Написать серию материалов о подопечных для сайта и соцсетей,АНО «Сила участия»,"Необходимо помочь проекту в направлении «Дети и молодёжь». Важно разобраться в контексте, выполнить работу в срок и подготовить результат, который можно использовать дальше.",Дети и молодёжь,Воронеж,"- редактировать материалы команды;
- писать тексты по брифу и структуре;
- выдерживать тон и стиль бренда;
- брать короткие интервью у подопечных;","Копирайтинг, SMM, Аналитика",copywriting / SMM / чат-боты,"Копирайтинг, SMM, Аналитика","Копирайтинг, SMM, Аналитика",дети и молодёжь | кризисные ситуации,Дети и молодёжь|Кризисные ситуации,Смешанный,Смешанный,Смешанный, ВОРОНЕЖ ,Воронеж,2026-06-01,17.02.2026,01.06.2026,2026-02-17,2026-02-19,published,0.63,0,1,3
task_00123,ngo_0022,Провести психологические консультации для участников кризисного проекта,Центр добровольчества «Воронежские добровольцы»,"Команде нужна поддержка волонтёра в регионе Воронеж. Задача рассчитана на ответственное участие, аккуратную коммуникацию и передачу результата координатору.",Сельские территории,Воронеж,"- участвовать в супервизии команды;
- вести краткие записи;
- соблюдать этику и конфиденциальность;
- проводить индивидуальные консультации или групповые встречи;","Психология, PR",психологическая поддержка,"Психология, PR","Психология, PR","малые города, обучение",Сельские территории|Образование,Смешанный,Смешанный,Смешанный, Воронеж ,Воронеж,2026-05-18,18.01.2026,18.05.2026,2026-01-18,2026-01-21,published,0.504,0,5,3
task_00124,ngo_0012,Провести психологические консультации для участников кризисного проекта,Центр добровольчества «Единство»,Потребуется помощь волонтёр-аналитик. Работа связана с направлением «Здравоохранение» и предполагает практический результат без лишней бюрократии.,Здравоохранение,Красноярск,"- участвовать в супервизии команды;
- проводить индивидуальные консультации или групповые встречи;
- вести краткие записи;
- соблюдать этику и конфиденциальность;","кабинетное исследование, Психология, Юридические услуги",кабинетное исследование | эмоциональная поддержка | юрист,"кабинетное исследование, Психология, Юридические услуги, Наставничество","кабинетное исследование, Психология, Юридические услуги, Наставничество","здравоохранение, помощь людям",Здравоохранение|Социальная помощь,Оффлайн,Оффлайн,Оффлайн,КРАСНОЯРСК,Красноярск,2026-06-25,20.01.2026,25.06.2026,2026-01-20,2026-01-26,published,0.899,0,3,2
task_00125,ngo_0081,Создать брендбук для новой организации,Благотворительный фонд «Добрый след»,"С 29 марта 2026 года можно подключиться к проекту и помочь команде закрыть важную часть работы. Подойдёт волонтёр, которому комфортен формат «Смешанный».",Кризисные ситуации,Новосибирск,"- разрабатывать макеты по брифу;
- адаптировать материалы под разные форматы;
- передавать готовые файлы;
- согласовывать правки с командой;","Дизайн, Педагогика, Координация волонтёров","графический дизайн,  учитель,  координатор,  связи с общественностью,  excel advanced","Дизайн, Педагогика, Координация волонтёров, PR, Аналитика","Дизайн, Педагогика, Координация волонтёров, PR, Аналитика",кризисные ситуации / бездомные / молодежь / помощь пожилым,Кризисные ситуации|Люди без жилья|Дети и молодёжь|Помощь пожилым,Смешанный,Смешанный,Смешанный,НОВОСИБИРСК,Новосибирск,2026-05-25,29.03.2026,25.05.2026,2026-03-29,2026-04-05,published,0.214,0,1,1
task_00126,ngo_0075,Создать брендбук для новой организации,Образовательная инициатива «Мой выбор»,"До 18 мая 2026 года нужно подготовить результат для команды. Будет полезен человек, который умеет работать самостоятельно и вовремя согласовывать промежуточные шаги.",Инклюзия,Новосибирск,"- согласовывать правки с командой;
- передавать готовые файлы;
- разрабатывать макеты по брифу;
- адаптировать материалы под разные форматы;","Дизайн, Копирайтинг, Юридические услуги",Фигма; редактура,"Дизайн, Копирайтинг, Юридические услуги","Дизайн, Копирайтинг, Юридические услуги",  доступная среда | правозащита  ,Инклюзия|Правозащита,Онлайн,Онлайн,Онлайн,НОВОСИБИРСК,Новосибирск,2026-05-18,24.01.2026,18.05.2026,2026-01-24,2026-01-26,published,0.463,0,2,0
task_00127,ngo_0034,Снять документальный ролик о работе приюта для животных,Фонд «Первый шаг к жизни»,Нужна волонтёрская помощь в формате «Смешанный». Основной фокус — довести работу до завершения и передать материалы или выводы координатору.,Миграция,Уфа,"- снимать на мероприятиях;
- обрабатывать материалы;
- передавать итоговые файлы команде;
- соблюдать этику при работе с людьми;","привлечение средств, Фото и видео, Организация мероприятий",  фандрайзинг; видео; мероприятия  ,"привлечение средств, Фото и видео, Организация мероприятий, Копирайтинг","привлечение средств, Фото и видео, Организация мероприятий, Копирайтинг","  миграция, соц помощь  ",Миграция|Социальная помощь,Смешанный,Смешанный,Смешанный, Уфа ,Уфа,2026-06-25,11.03.2026,25.06.2026,2026-03-11,2026-03-16,published,0.742,0,5,2
task_00128,ngo_0017,Провести опрос участников программы о качестве услуг,Просветительская инициатива «Не молчи»,"Команда ищет участника, который сможет быстро погрузиться в задачу и помочь в направлении «Помощь пожилым». Особенно пригодятся навыки: Исследования, Фото и видео и SMM.",Помощь пожилым,Санкт-Петербург,"- подготовить краткий отчёт с выводами;
- провести интервью или опросы;
- разработать анкету или гайд;
- систематизировать результаты;","Исследования, Фото и видео, SMM","research,  съемка,  SMM","Исследования, Фото и видео, SMM, Координация волонтёров","Исследования, Фото и видео, SMM, Координация волонтёров",  старшее поколение | молодежь  ,Помощь пожилым|Дети и молодёжь,Оффлайн,Оффлайн,Оффлайн,Санкт-Петербург,Санкт-Петербург,2026-05-25,21.04.2026,25.05.2026,2026-04-21,2026-04-27,published,0.774,0,5,2
task_00129,ngo_0033,Проверить договоры организации на соответствие законодательству,Социальная инициатива «Наш дом — природа»,"Это практическая волонтёрская задача с понятным результатом. Нужно внимательно выполнить договорённости, учитывать контекст региона Новосибирск и передать итог команде.",Спорт и ЗОЖ,Новосибирск,"- объяснять правовые вопросы простым языком;
- проверять документы;
- подготавливать шаблоны и памятки;
- проводить консультации по запросу;","Юридические услуги, Фандрайзинг, Аналитика","юридические услуги, фандрайзинг, sql","Юридические услуги, Фандрайзинг, Аналитика, Исследования","Юридические услуги, Фандрайзинг, Аналитика, Исследования",спорт; помощь животным; эко,Спорт и ЗОЖ|Животные|Экология,Онлайн,Онлайн,Онлайн,  НОВОСИБИРСК  ,Новосибирск,2026-06-01,27.01.2026,01.06.2026,2026-01-27,2026-02-05,published,0.92,0,2,2
task_00130,ngo_0055,Вести Телеграм-канал организации в течение месяца,Фонд «Старость в почёте»,"Мы ищем волонтёр с опытом в визуальных материалах, который поможет команде получить понятный и применимый результат. Работа подойдёт человеку, готовому соблюдать договорённости и передать итог координатору.",Люди без жилья,Екатеринбург,"- следить за реакциями и отвечать на комментарии;
- создавать посты и истории;
- готовить контент-план;
- анализировать охваты;","SMM, Психология, coordination",  ведение соцсетей / психология / управление волонтерами / Фигма  ,"SMM, Психология, coordination, Дизайн, кабинетное исследование","SMM, Психология, coordination, Дизайн, кабинетное исследование","бездомные,  обучение,  инклюзия",Люди без жилья|Образование|Инклюзия,Смешанный,Смешанный,Смешанный,ЕКАТЕРИНБУРГ,Екатеринбург,2026-05-14,21.03.2026,14.05.2026,2026-03-21,2026-03-22,published,0.278,0,1,4
task_00131,ngo_0081,Разработать серию баннеров для онлайн-кампании,Благотворительный фонд «Добрый след»,"Нам нужен волонтёр с опытом в визуальных материалах: предстоит включиться в работу команды, аккуратно выполнить свою часть и согласовать результат. Формат участия — онлайн.",Сельские территории,Нижний Новгород,"- передавать готовые файлы;
- адаптировать материалы под разные форматы;
- разрабатывать макеты по брифу;
- согласовывать правки с командой;","Дизайн, Медицина, Программирование","  ДИЗАЙН, медицина, sql  ","Дизайн, Медицина, Программирование","Дизайн, Медицина, Программирование",села / пожилые / здоровый образ жизни,Сельские территории|Помощь пожилым|Спорт и ЗОЖ,Онлайн,Онлайн,Онлайн,Нижний Новгород,Нижний Новгород,2026-05-16,09.02.2026,16.05.2026,2026-02-09,2026-02-10,published,0.961,0,2,0
task_00132,ngo_0047,Провести опрос участников программы о качестве услуг,Благотворительный фонд «Свет надежды»,"Необходимо помочь проекту в направлении «Социальная помощь». Важно разобраться в контексте, выполнить работу в срок и подготовить результат, который можно использовать дальше.",Социальная помощь,Омск,"- разработать анкету или гайд;
- провести интервью или опросы;
- систематизировать результаты;
- подготовить краткий отчёт с выводами;","помощь на мероприятии, Исследования",  организация мероприятий  ,"помощь на мероприятии, Исследования","помощь на мероприятии, Исследования",соц помощь; экологические проекты,Социальная помощь|Экология,Онлайн,Онлайн,Онлайн,Омск,Омск,2026-06-25,28.02.2026,25.06.2026,2026-02-28,2026-03-03,published,0.838,0,3,5
task_00133,ngo_0086,Провести психологические консультации для участников кризисного проекта,Волонтёрский центр «Белгородское добровольчество»,"Команде нужна поддержка волонтёра в регионе Нижний Новгород. Задача рассчитана на ответственное участие, аккуратную коммуникацию и передачу результата координатору.",Культура и искусство,Нижний Новгород,"- проводить индивидуальные консультации или групповые встречи;
- вести краткие записи;
- участвовать в супервизии команды;
- соблюдать этику и конфиденциальность;","Психология, Работа с документами, таргет",психолог,"Психология, Работа с документами, таргет","Психология, Работа с документами, таргет","культура, старшее поколение, социальная помощь, экологические проекты",Культура и искусство|Помощь пожилым|Социальная помощь|Экология,Оффлайн,Оффлайн,Оффлайн, НИЖНИЙ НОВГОРОД ,Нижний Новгород,2026-05-14,07.05.2026,14.05.2026,2026-05-07,2026-05-11,published,0.79,0,2,5
task_00134,ngo_0039,Настроить CRM для учёта волонтёров в организации,Центр добровольчества «Казанские волонтёры»,Потребуется помощь волонтёр-аналитик. Работа связана с направлением «Животные» и предполагает практический результат без лишней бюрократии.,Животные,Санкт-Петербург,"- разобраться в текущих процессах;
- написать краткую инструкцию;
- обучить 1–2 сотрудников;
- настроить выбранный инструмент;","IT, бумаги, Аналитика",техническая помощь / документы / excel / копирайтинг / английский,"IT, бумаги, Аналитика, Копирайтинг, Переводы, Юридические услуги","IT, бумаги, Аналитика, Копирайтинг, Переводы, Юридические услуги",животные,Животные,Оффлайн,Оффлайн,Оффлайн,Санкт-Петербург,Санкт-Петербург,2026-06-10,03.03.2026,10.06.2026,2026-03-03,2026-03-06,published,0.607,0,1,1
task_00135,ngo_0078,Проанализировать эффективность работы горячей линии,Фонд «Доступная жизнь»,"С 16 февраля 2026 года можно подключиться к проекту и помочь команде закрыть важную часть работы. Подойдёт волонтёр, которому комфортен формат «Смешанный».",Сельские территории,Москва,"- построить визуализацию или дашборд;
- дать рекомендации команде;
- подготовить выводы в понятном формате;
- изучить исходные данные;","Аналитика, Дизайн, Организация мероприятий","  аналитика, дизайн, ивенты, аниматор  ","Аналитика, Дизайн, Организация мероприятий, Работа с детьми, Координация волонтёров","Аналитика, Дизайн, Организация мероприятий, Работа с детьми, Координация волонтёров","малые города, просвещение, права человека",Сельские территории|Образование|Правозащита,Смешанный,Смешанный,Смешанный, МОСКВА ,Москва,2026-07-10,16.02.2026,10.07.2026,2026-02-16,2026-02-17,published,0.769,0,1,4
task_00136,ngo_0037,Организовать набор волонтёров для уборки территории,АНО «Участие»,"До 18 мая 2026 года нужно подготовить результат для команды. Будет полезен человек, который умеет работать самостоятельно и вовремя согласовывать промежуточные шаги.",Кризисные ситуации,Уфа,"- поддерживать связь с волонтёрами;
- готовить отчёты по работе команды;
- проводить вводные встречи;
- вести реестр и распределять задачи;","Координация волонтёров, таргет",управление волонтерами,"Координация волонтёров, таргет","Координация волонтёров, таргет","  экстренная помощь, дети, помощь пожилым  ",Кризисные ситуации|Дети и молодёжь|Помощь пожилым,Смешанный,Смешанный,Смешанный,УФА,Уфа,2026-05-18,30.04.2026,18.05.2026,2026-04-30,2026-05-02,published,0.918,0,1,3
task_00137,ngo_0007,Вести Телеграм-канал организации в течение месяца,Центр добровольчества «Калужские волонтёры»,Нужна волонтёрская помощь в формате «Онлайн». Основной фокус — довести работу до завершения и передать материалы или выводы координатору.,Люди без жилья,Челябинск,"- создавать посты и истории;
- анализировать охваты;
- готовить контент-план;
- следить за реакциями и отвечать на комментарии;","SMM, Наставничество, Исследования"," смм ,  наставничество,  research,  психолог","SMM, Наставничество, Исследования, Психология, Программирование","SMM, Наставничество, Исследования, Психология, Программирование",  бездомные  ,Люди без жилья,Онлайн,Онлайн,Онлайн,ЧЕЛЯБИНСК,Челябинск,2026-05-14,23.04.2026,14.05.2026,2026-04-23,2026-04-23,moderation,0.509,0,3,2
task_00138,ngo_0050,Провести серию уроков по финансовой грамотности для подростков,Социальная инициатива «Уличная библиотека»,"Команда ищет участника, который сможет быстро погрузиться в задачу и помочь в направлении «Экология». Особенно пригодятся навыки: Педагогика.",Экология,Уфа,"- собрать обратную связь;
- скорректировать программу по итогам;
- провести занятие или серию встреч;
- подготовить содержание занятия;",Педагогика,тьютор | таргет,Педагогика,Педагогика,экологические проекты; люди с инвалидностью; малые города,Экология|Инклюзия|Сельские территории,Смешанный,Смешанный,Смешанный, Уфа ,Уфа,2026-06-10,20.04.2026,10.06.2026,2026-04-20,2026-04-20,published,0.647,0,2,2
task_00139,ngo_0028,Помочь архивировать документы за несколько лет,Просветительский центр «Инклюзия без границ»,"Это практическая волонтёрская задача с понятным результатом. Нужно внимательно выполнить договорённости, учитывать контекст региона Волгоград и передать итог команде.",Экология,Волгоград,"- разобрать и систематизировать архив;
- провести инвентаризацию;
- создать удобную структуру хранения;
- обучить команду работе с документами;","Работа с документами, Педагогика, Фандрайзинг",делопроизводство / преподавание / фандрайзинг,"Работа с документами, Педагогика, Фандрайзинг, Переводы","Работа с документами, Педагогика, Фандрайзинг, Переводы","экология,  села,  культура,  зож",Экология|Сельские территории|Культура и искусство|Спорт и ЗОЖ,Смешанный,Смешанный,Смешанный,Волгоград,Волгоград,2026-06-01,11.02.2026,01.06.2026,2026-02-11,2026-02-13,published,0.674,0,2,2
task_00140,ngo_0031,Провести серию уроков по финансовой грамотности для подростков,Волонтёрский центр «Живая карта»,"Мы ищем волонтёр-организатор, который поможет команде получить понятный и применимый результат. Работа подойдёт человеку, готовому соблюдать договорённости и передать итог координатору.",Правозащита,Уфа,"- собрать обратную связь;
- провести занятие или серию встреч;
- скорректировать программу по итогам;
- подготовить содержание занятия;","Педагогика, Организация мероприятий, Переводы",педагогика | организация мероприятий,"Педагогика, Организация мероприятий, Переводы, таргет","Педагогика, Организация мероприятий, Переводы, таргет",правозащита,Правозащита,Смешанный,Смешанный,Смешанный,УФА,Уфа,2026-06-25,27.02.2026,25.06.2026,2026-02-27,2026-03-06,published,0.608,0,3,1
task_00141,ngo_0017,Участвовать в выездном медицинском пункте для бездомных,Просветительская инициатива «Не молчи»,"Нам нужен волонтёр-аналитик: предстоит включиться в работу команды, аккуратно выполнить свою часть и согласовать результат. Формат участия — онлайн.",Сельские территории,Москва,"- вести краткую документацию;
- помогать с документами для подопечных;
- участвовать в выезде или приёме;
- взаимодействовать с командой;","помощь на мероприятии, Медицина, Аналитика",  помощь на мероприятии; первая помощь;  анализ данных   ,"помощь на мероприятии, Медицина, Аналитика, Работа с документами","помощь на мероприятии, Медицина, Аналитика, Работа с документами","сельские территории, люди с инвалидностью, просвещение, спорт",Сельские территории|Инклюзия|Образование|Спорт и ЗОЖ,Онлайн,Онлайн,Онлайн,МОСКВА,Москва,2026-05-18,22.04.2026,18.05.2026,2026-04-22,2026-04-26,published,0.65,0,3,1
task_00142,ngo_0041,Создать брендбук для новой организации,Образовательная программа «Включай!»,"Необходимо помочь проекту в направлении «Спорт и ЗОЖ». Важно разобраться в контексте, выполнить работу в срок и подготовить результат, который можно использовать дальше.",Спорт и ЗОЖ,Москва,"- согласовывать правки с командой;
- передавать готовые файлы;
- разрабатывать макеты по брифу;
- адаптировать материалы под разные форматы;","Дизайн, Фото и видео, Координация волонтёров","  графический дизайн,  фотография  ","Дизайн, Фото и видео, Координация волонтёров, Исследования","Дизайн, Фото и видео, Координация волонтёров, Исследования",здоровый образ жизни | экология | экстренная помощь | ночлежка,Спорт и ЗОЖ|Экология|Кризисные ситуации|Люди без жилья,Оффлайн,Оффлайн,Оффлайн,Москва,Москва,2026-05-25,01.05.2026,25.05.2026,2026-05-01,2026-05-09,published,0.76,0,1,1
task_00143,ngo_0074,Написать серию материалов о подопечных для сайта и соцсетей,АНО «Честный город»,"Команде нужна поддержка волонтёра в регионе Красноярск. Задача рассчитана на ответственное участие, аккуратную коммуникацию и передачу результата координатору.",Социальная помощь,Красноярск,"- писать тексты по брифу и структуре;
- выдерживать тон и стиль бренда;
- брать короткие интервью у подопечных;
- редактировать материалы команды;",Копирайтинг,редактура,Копирайтинг,Копирайтинг,"соц помощь, культура, дети и молодёжь",Социальная помощь|Культура и искусство|Дети и молодёжь,Оффлайн,Оффлайн,Оффлайн,КРАСНОЯРСК,Красноярск,2026-06-01,11.03.2026,01.06.2026,2026-03-11,2026-03-14,published,0.56,0,3,1
task_00144,ngo_0076,Участвовать в выездном медицинском пункте для бездомных,Благотворительный фонд «Маленький принц»,Потребуется помощь волонтёр с опытом в визуальных материалах. Работа связана с направлением «Социальная помощь» и предполагает практический результат без лишней бюрократии.,Социальная помощь,Пермь,"- помогать с документами для подопечных;
- участвовать в выезде или приёме;
- взаимодействовать с командой;
- вести краткую документацию;","Медицина, Наставничество, Дизайн",  медик | наставничество | дизайнер | юридические услуги | медиа  ,"Медицина, Наставничество, Дизайн, Юридические услуги, PR, Организация мероприятий","Медицина, Наставничество, Дизайн, Юридические услуги, PR, Организация мероприятий","социальная помощь, люди без жилья, зож",Социальная помощь|Люди без жилья|Спорт и ЗОЖ,Оффлайн,Оффлайн,Оффлайн, Пермь ,Пермь,2026-06-10,30.04.2026,10.06.2026,2026-04-30,2026-05-03,published,0.731,0,2,2
task_00145,ngo_0089,Организовать субботник в парке при поддержке НКО,АНО «Инклюзивное пространство»,"С 14 апреля 2026 года можно подключиться к проекту и помочь команде закрыть важную часть работы. Подойдёт волонтёр, которому комфортен формат «Онлайн».",Животные,Новосибирск,"- решать оперативные вопросы в день проведения;
- подготовить краткий отчёт;
- составить план мероприятия;
- координировать участников;","Организация мероприятий, Программирование, Копирайтинг","  ивенты, web разработка  ","Организация мероприятий, Программирование, Копирайтинг","Организация мероприятий, Программирование, Копирайтинг",животные | культура | просвещение,Животные|Культура и искусство|Образование,Онлайн,Онлайн,Онлайн,Новосибирск,Новосибирск,2026-05-18,14.04.2026,18.05.2026,2026-04-14,2026-04-22,published,0.283,0,1,4
task_00146,ngo_0066,Стать наставником для выпускника детского дома,АНО «Третий сектор»,"До 1 июня 2026 года нужно подготовить результат для команды. Будет полезен человек, который умеет работать самостоятельно и вовремя согласовывать промежуточные шаги.",Социальная помощь,Казань,"- участвовать во встречах наставников;
- соблюдать конфиденциальность;
- помогать с конкретными задачами и целями;
- регулярно общаться с подопечным;","Наставничество, SMM, Организация мероприятий",помощь новичкам / SMM / tableau,"Наставничество, SMM, Организация мероприятий","Наставничество, SMM, Организация мероприятий","  социальная помощь,  помощь животным  ",Социальная помощь|Животные,Онлайн,Онлайн,Онлайн,  КАЗАНЬ  ,Казань,2026-06-01,22.03.2026,01.06.2026,2026-03-22,2026-03-22,published,0.622,0,3,1
task_00147,ngo_0005,Участвовать в выездном медицинском пункте для бездомных,Центр добровольчества «Тверские волонтёры»,Нужна волонтёрская помощь в формате «Онлайн». Основной фокус — довести работу до завершения и передать материалы или выводы координатору.,Инклюзия,Пермь,"- участвовать в выезде или приёме;
- взаимодействовать с командой;
- помогать с документами для подопечных;
- вести краткую документацию;","Медицина, Дизайн, Исследования","  медицина,  ДИЗАЙН  ","Медицина, Дизайн, Исследования","Медицина, Дизайн, Исследования",  инклюзия | адаптация | села  ,Инклюзия|Миграция|Сельские территории,Онлайн,Онлайн,Онлайн,Пермь,Пермь,2026-06-10,12.03.2026,10.06.2026,2026-03-12,2026-03-18,published,0.609,0,2,0
task_00148,ngo_0052,Провести опрос участников программы о качестве услуг,Фонд «Серебряный возраст»,"Команда ищет участника, который сможет быстро погрузиться в задачу и помочь в направлении «Образование». Особенно пригодятся навыки: Исследования, IT и Аналитика.",Образование,Уфа,"- систематизировать результаты;
- разработать анкету или гайд;
- подготовить краткий отчёт с выводами;
- провести интервью или опросы;","Исследования, IT, Аналитика",интервью | техническая помощь | аналитика | Python,"Исследования, IT, Аналитика, Программирование, SMM","Исследования, IT, Аналитика, Программирование, SMM",обучение / искусство,Образование|Культура и искусство,Онлайн,Онлайн,Онлайн,УФА,Уфа,2026-07-10,19.03.2026,10.07.2026,2026-03-19,2026-03-25,published,0.812,0,3,3
task_00149,ngo_0005,Помочь архивировать документы за несколько лет,Центр добровольчества «Тверские волонтёры»,"Это практическая волонтёрская задача с понятным результатом. Нужно внимательно выполнить договорённости, учитывать контекст региона Санкт-Петербург и передать итог команде.",Люди без жилья,Санкт-Петербург,"- создать удобную структуру хранения;
- разобрать и систематизировать архив;
- обучить команду работе с документами;
- провести инвентаризацию;",Работа с документами,  делопроизводство  ,Работа с документами,Работа с документами,бездомные / правозащита / дети,Люди без жилья|Правозащита|Дети и молодёжь,Оффлайн,Оффлайн,Оффлайн,САНКТ-ПЕТЕРБУРГ,Санкт-Петербург,2026-05-25,23.04.2026,25.05.2026,2026-04-23,2026-05-02,published,0.856,0,1,1
task_00150,ngo_0062,Провести первичный обзвон новых участников программы,АНО «Навигатор добра»,"Мы ищем волонтёр с опытом в визуальных материалах, который поможет команде получить понятный и применимый результат. Работа подойдёт человеку, готовому соблюдать договорённости и передать итог координатору.",Инклюзия,Москва,"- фиксировать обращения в базе;
- отвечать на запросы по телефону или в мессенджере;
- вести переписку с участниками;
- обрабатывать входящие обращения;","Коммуникация, Юридические услуги, Психология",  коммуникация | договоры | психология  ,"Коммуникация, Юридические услуги, Психология, Фото и видео","Коммуникация, Юридические услуги, Психология, Фото и видео",инклюзия / старшее поколение,Инклюзия|Помощь пожилым,Онлайн,Онлайн,Онлайн,МОСКВА,Москва,2026-06-01,05.03.2026,01.06.2026,2026-03-05,2026-03-09,published,0.229,0,5,3
task_00151,ngo_0008,Провести занятие по рисованию для детей из малообеспеченных семей,АНО «Поддержка и развитие»,"Нам нужен волонтёр для работы с контентом и коммуникациями: предстоит включиться в работу команды, аккуратно выполнить свою часть и согласовать результат. Формат участия — оффлайн.",Образование,Москва,"- соблюдать правила безопасности;
- взаимодействовать с куратором;
- поддерживать позитивную атмосферу;
- провести занятие или мастер-класс;","Работа с детьми, привлечение средств, SMM",  дети; фандрайзинг  ,"Работа с детьми, привлечение средств, SMM","Работа с детьми, привлечение средств, SMM",обучение,Образование,Оффлайн,Оффлайн,Оффлайн, Москва ,Москва,2026-05-25,29.04.2026,25.05.2026,2026-04-29,2026-05-06,published,0.977,0,2,1
task_00152,ngo_0033,Снять документальный ролик о работе приюта для животных,Социальная инициатива «Наш дом — природа»,"Необходимо помочь проекту в направлении «Спорт и ЗОЖ». Важно разобраться в контексте, выполнить работу в срок и подготовить результат, который можно использовать дальше.",Спорт и ЗОЖ,Самара,"- снимать на мероприятиях;
- передавать итоговые файлы команде;
- обрабатывать материалы;
- соблюдать этику при работе с людьми;",Фото и видео,reels,Фото и видео,Фото и видео,спорт,Спорт и ЗОЖ,Оффлайн,Оффлайн,Оффлайн,САМАРА,Самара,2026-06-25,19.04.2026,25.06.2026,2026-04-19,2026-04-23,published,0.861,0,2,3
task_00153,ngo_0076,Помочь с организацией дня донора крови,Благотворительный фонд «Маленький принц»,"Команде нужна поддержка волонтёра в регионе Пермь. Задача рассчитана на ответственное участие, аккуратную коммуникацию и передачу результата координатору.",Правозащита,Пермь,"- взаимодействовать с командой;
- вести краткую документацию;
- помогать с документами для подопечных;
- участвовать в выезде или приёме;","Медицина, Программирование, PR","медик,  python,  tableau","Медицина, Программирование, PR","Медицина, Программирование, PR",юридическая помощь / животные / искусство,Правозащита|Животные|Культура и искусство,Смешанный,Смешанный,Смешанный,ПЕРМЬ,Пермь,2026-05-25,09.05.2026,25.05.2026,2026-05-09,2026-05-11,closed,0.826,0,2,2
task_00154,ngo_0013,Перевести памятку о правах для мигрантов,Инициатива «Территория без насилия»,Потребуется помощь волонтёр-аналитик. Работа связана с направлением «Спорт и ЗОЖ» и предполагает практический результат без лишней бюрократии.,Спорт и ЗОЖ,Екатеринбург,"- помогать на встречах;
- переводить документы и переписку;
- соблюдать конфиденциальность;
- адаптировать материалы для аудитории;","Переводы, Аналитика, чат-боты",  перевод текстов  ,"Переводы, Аналитика, чат-боты","Переводы, Аналитика, чат-боты",спорт | миграция,Спорт и ЗОЖ|Миграция,Онлайн,Онлайн,Онлайн,ЕКАТЕРИНБУРГ,Екатеринбург,2026-05-18,07.05.2026,18.05.2026,2026-05-07,2026-05-11,published,0.639,0,1,3
task_00155,ngo_0048,Настроить автопостинг и контент-план ВКонтакте,Благотворительный фонд «Живём вместе»,"С 13 февраля 2026 года можно подключиться к проекту и помочь команде закрыть важную часть работы. Подойдёт волонтёр, которому комфортен формат «Оффлайн».",Дети и молодёжь,Екатеринбург,"- анализировать охваты;
- готовить контент-план;
- следить за реакциями и отвечать на комментарии;
- создавать посты и истории;","SMM, Координация волонтёров, Педагогика","ведение соцсетей, координация волонтёров, педагогика","SMM, Координация волонтёров, Педагогика, Исследования","SMM, Координация волонтёров, Педагогика, Исследования","дети и молодёжь, люди с инвалидностью",Дети и молодёжь|Инклюзия,Оффлайн,Оффлайн,Оффлайн,Екатеринбург,Екатеринбург,2026-06-01,13.02.2026,01.06.2026,2026-02-13,2026-02-19,published,0.727,0,1,0
task_00156,ngo_0004,Снять документальный ролик о работе приюта для животных,Благотворительный фонд «Зелёная планета»,"До 25 июня 2026 года нужно подготовить результат для команды. Будет полезен человек, который умеет работать самостоятельно и вовремя согласовывать промежуточные шаги.",Культура и искусство,Омск,"- обрабатывать материалы;
- передавать итоговые файлы команде;
- соблюдать этику при работе с людьми;
- снимать на мероприятиях;","Фото и видео, Работа с детьми",reels,"Фото и видео, Работа с детьми","Фото и видео, Работа с детьми",искусство; помощь людям; юридическая помощь; спорт,Культура и искусство|Социальная помощь|Правозащита|Спорт и ЗОЖ,Смешанный,Смешанный,Смешанный, Омск ,Омск,2026-06-25,22.01.2026,25.06.2026,2026-01-22,2026-01-24,published,0.543,0,2,3
task_00157,ngo_0007,Провести первичный обзвон новых участников программы,Центр добровольчества «Калужские волонтёры»,Нужна волонтёрская помощь в формате «Онлайн». Основной фокус — довести работу до завершения и передать материалы или выводы координатору.,Дети и молодёжь,Санкт-Петербург,"- обрабатывать входящие обращения;
- отвечать на запросы по телефону или в мессенджере;
- фиксировать обращения в базе;
- вести переписку с участниками;","Коммуникация, Исследования, Наставничество",коммуникация | опросы,"Коммуникация, Исследования, Наставничество","Коммуникация, Исследования, Наставничество","дети, спорт",Дети и молодёжь|Спорт и ЗОЖ,Онлайн,Онлайн,Онлайн,Санкт-Петербург,Санкт-Петербург,2026-06-10,09.03.2026,10.06.2026,2026-03-09,2026-03-17,published,0.169,0,2,4
task_00158,ngo_0065,Создать брендбук для новой организации,АНО «Полезное действие»,"Команда ищет участника, который сможет быстро погрузиться в задачу и помочь в направлении «Животные». Особенно пригодятся навыки: Дизайн, Работа с документами и Работа с детьми.",Животные,Москва,"- адаптировать материалы под разные форматы;
- разрабатывать макеты по брифу;
- передавать готовые файлы;
- согласовывать правки с командой;","Дизайн, Работа с документами, Работа с детьми",дизайн; работа с документами; аниматор; поддержка; координация волонтёров,"Дизайн, Работа с документами, Работа с детьми, коммуникации, Координация волонтёров, Наставничество","Дизайн, Работа с документами, Работа с детьми, коммуникации, Координация волонтёров, Наставничество",животные; музеи; экология; ночлежка,Животные|Культура и искусство|Экология|Люди без жилья,Онлайн,Онлайн,Онлайн,Москва,Москва,2026-06-01,23.04.2026,01.06.2026,2026-04-23,2026-04-30,published,0.792,0,1,3
task_00159,ngo_0067,Помочь с организацией дня донора крови,Благотворительный фонд «Лучший день»,"Это практическая волонтёрская задача с понятным результатом. Нужно внимательно выполнить договорённости, учитывать контекст региона Ростов-на-Дону и передать итог команде.",Миграция,Ростов-на-Дону,"- участвовать в выезде или приёме;
- взаимодействовать с командой;
- вести краткую документацию;
- помогать с документами для подопечных;","привлечение средств, Медицина, Психология","  сбор средств,  первая помощь  ","привлечение средств, Медицина, Психология","привлечение средств, Медицина, Психология",  миграция; села; инклюзия  ,Миграция|Сельские территории|Инклюзия,Онлайн,Онлайн,Онлайн,РОСТОВ-НА-ДОНУ,Ростов-на-Дону,2026-07-10,01.03.2026,10.07.2026,2026-03-01,2026-03-07,published,0.903,0,1,3
task_00160,ngo_0054,Написать и разослать пресс-релиз о мероприятии,АНО «Мост доверия»,"Мы ищем волонтёр с опытом в визуальных материалах, который поможет команде получить понятный и применимый результат. Работа подойдёт человеку, готовому соблюдать договорённости и передать итог координатору.",Сельские территории,Новосибирск,"- составлять пресс-релизы;
- помогать с выступлениями спикеров;
- выстраивать контакты с журналистами;
- готовить питчи и предложения для СМИ;","prompt engineering, PR, Дизайн","no-code, связи с общественностью","prompt engineering, PR, Дизайн","prompt engineering, PR, Дизайн","сельские территории, экология, помощь людям",Сельские территории|Экология|Социальная помощь,Онлайн,Онлайн,Онлайн, Новосибирск ,Новосибирск,2026-06-01,09.04.2026,01.06.2026,2026-04-09,2026-04-18,published,0.894,0,2,3
task_00161,ngo_0004,Провести психологические консультации для участников кризисного проекта,Благотворительный фонд «Зелёная планета»,"Нам нужен волонтёр с опытом в визуальных материалах: предстоит включиться в работу команды, аккуратно выполнить свою часть и согласовать результат. Формат участия — онлайн.",Миграция,Нижний Новгород,"- вести краткие записи;
- проводить индивидуальные консультации или групповые встречи;
- участвовать в супервизии команды;
- соблюдать этику и конфиденциальность;","Психология, Работа с детьми, Дизайн",  психолог | занятия с детьми  ,"Психология, Работа с детьми, Дизайн","Психология, Работа с детьми, Дизайн",миграция; спорт,Миграция|Спорт и ЗОЖ,Онлайн,Онлайн,Онлайн,Нижний Новгород,Нижний Новгород,2026-06-25,28.02.2026,25.06.2026,2026-02-28,2026-03-05,published,0.815,0,5,3
task_00162,ngo_0064,Помочь архивировать документы за несколько лет,АНО «Шаг вперёд»,"Необходимо помочь проекту в направлении «Кризисные ситуации». Важно разобраться в контексте, выполнить работу в срок и подготовить результат, который можно использовать дальше.",Кризисные ситуации,Волгоград,"- провести инвентаризацию;
- обучить команду работе с документами;
- разобрать и систематизировать архив;
- создать удобную структуру хранения;","Работа с документами, Фото и видео, Организация мероприятий","делопроизводство,  монтаж,  организация мероприятий,  донаты","Работа с документами, Фото и видео, Организация мероприятий, Фандрайзинг, Педагогика","Работа с документами, Фото и видео, Организация мероприятий, Фандрайзинг, Педагогика","кризисные ситуации, миграция, доступная среда",Кризисные ситуации|Миграция|Инклюзия,Онлайн,Онлайн,Онлайн,ВОЛГОГРАД,Волгоград,2026-05-25,25.03.2026,25.05.2026,2026-03-25,2026-03-27,published,0.688,0,1,3
task_00163,ngo_0080,Перевести памятку о правах для мигрантов,Центр добровольчества «Балтийские волонтёры»,"Команде нужна поддержка волонтёра в регионе Пермь. Задача рассчитана на ответственное участие, аккуратную коммуникацию и передачу результата координатору.",Дети и молодёжь,Пермь,"- соблюдать конфиденциальность;
- адаптировать материалы для аудитории;
- переводить документы и переписку;
- помогать на встречах;","Переводы, Аналитика, IT",перевод текстов;  анализ данных ; IT; excel advanced,"Переводы, Аналитика, IT, Коммуникация","Переводы, Аналитика, IT, Коммуникация",дети | адаптация,Дети и молодёжь|Миграция,Смешанный,Смешанный,Смешанный, Пермь ,Пермь,2026-05-18,11.05.2026,18.05.2026,2026-05-11,2026-05-11,published,0.929,0,1,2
task_00164,ngo_0027,Настроить CRM для учёта волонтёров в организации,Благотворительный фонд «Реабилитация и жизнь»,Потребуется помощь IT-волонтёр. Работа связана с направлением «Экология» и предполагает практический результат без лишней бюрократии.,Экология,Красноярск,"- написать краткую инструкцию;
- обучить 1–2 сотрудников;
- разобраться в текущих процессах;
- настроить выбранный инструмент;",IT,  нейросети  ,IT,IT,экологические проекты | обучение | мигранты,Экология|Образование|Миграция,Онлайн,Онлайн,Онлайн,Красноярск,Красноярск,2026-05-18,23.02.2026,18.05.2026,2026-02-23,2026-03-03,published,0.948,0,2,1
task_00165,ngo_0087,Написать и разослать пресс-релиз о мероприятии,Фонд «Право на образование»,"С 1 марта 2026 года можно подключиться к проекту и помочь команде закрыть важную часть работы. Подойдёт волонтёр, которому комфортен формат «Онлайн».",Спорт и ЗОЖ,Самара,"- составлять пресс-релизы;
- помогать с выступлениями спикеров;
- выстраивать контакты с журналистами;
- готовить питчи и предложения для СМИ;","PR, Педагогика, помощь новичкам",pr | обучение | наставничество,"PR, Педагогика, помощь новичкам, Коммуникация","PR, Педагогика, помощь новичкам, Коммуникация",спорт; социальная помощь; малые города,Спорт и ЗОЖ|Социальная помощь|Сельские территории,Онлайн,Онлайн,Онлайн, Самара ,Самара,2026-05-16,01.03.2026,16.05.2026,2026-03-01,2026-03-10,published,0.924,0,3,5
task_00166,ngo_0019,Проверить договоры организации на соответствие законодательству,Образовательный проект «Ментальное здоровье»,"До 10 июня 2026 года нужно подготовить результат для команды. Будет полезен человек, который умеет работать самостоятельно и вовремя согласовывать промежуточные шаги.",Инклюзия,Москва,"- подготавливать шаблоны и памятки;
- объяснять правовые вопросы простым языком;
- проводить консультации по запросу;
- проверять документы;","Юридические услуги, Педагогика",  юрист  ,"Юридические услуги, Педагогика","Юридические услуги, Педагогика","инклюзия,  зож,  искусство,  экологические проекты",Инклюзия|Спорт и ЗОЖ|Культура и искусство|Экология,Онлайн,Онлайн,Онлайн, Москва ,Москва,2026-06-10,08.03.2026,10.06.2026,2026-03-08,2026-03-12,published,0.855,0,1,1
task_00167,ngo_0044,Перевести памятку о правах для мигрантов,Просветительский центр «Правовой компас»,Нужна волонтёрская помощь в формате «Оффлайн». Основной фокус — довести работу до завершения и передать материалы или выводы координатору.,Инклюзия,Москва,"- соблюдать конфиденциальность;
- адаптировать материалы для аудитории;
- переводить документы и переписку;
- помогать на встречах;","привлечение средств, Переводы, Наставничество","донаты, translation","привлечение средств, Переводы, Наставничество","привлечение средств, Переводы, Наставничество","инклюзия, малые города, люди без жилья, чс",Инклюзия|Сельские территории|Люди без жилья|Кризисные ситуации,Оффлайн,Оффлайн,Оффлайн,МОСКВА,Москва,2026-06-10,19.04.2026,10.06.2026,2026-04-19,2026-04-23,published,0.855,0,2,0
task_00168,ngo_0055,Провести серию уроков по финансовой грамотности для подростков,Фонд «Старость в почёте»,"Команда ищет участника, который сможет быстро погрузиться в задачу и помочь в направлении «Экология». Особенно пригодятся навыки: Педагогика, coordination и архив.",Экология,Омск,"- провести занятие или серию встреч;
- подготовить содержание занятия;
- скорректировать программу по итогам;
- собрать обратную связь;","Педагогика, coordination, архив",преподавание | управление волонтерами | архив,"Педагогика, coordination, архив, IT","Педагогика, coordination, архив, IT","экология, чс, села, права человека",Экология|Кризисные ситуации|Сельские территории|Правозащита,Онлайн,Онлайн,Онлайн,ОМСК,Омск,2026-06-01,05.04.2026,01.06.2026,2026-04-05,2026-04-06,published,0.336,0,2,1
task_00169,ngo_0015,Провести первичный обзвон новых участников программы,Волонтёрский центр «Добровольцы Бурятии»,"Это практическая волонтёрская задача с понятным результатом. Нужно внимательно выполнить договорённости, учитывать контекст региона Москва и передать итог команде.",Дети и молодёжь,Москва,"- отвечать на запросы по телефону или в мессенджере;
- обрабатывать входящие обращения;
- вести переписку с участниками;
- фиксировать обращения в базе;","Коммуникация, Переводы, IT","общение, переводчик","Коммуникация, Переводы, IT","Коммуникация, Переводы, IT","дети,  экология,  ночлежка,  чс",Дети и молодёжь|Экология|Люди без жилья|Кризисные ситуации,Смешанный,Смешанный,Смешанный, МОСКВА ,Москва,2026-07-10,27.01.2026,10.07.2026,2026-01-27,2026-01-28,published,0.551,0,2,0
task_00170,ngo_0008,Разработать простой сайт для некоммерческой организации,АНО «Поддержка и развитие»,"Мы ищем волонтёр-аналитик, который поможет команде получить понятный и применимый результат. Работа подойдёт человеку, готовому соблюдать договорённости и передать итог координатору.",Культура и искусство,Москва,"- протестировать и передать результат;
- уточнить техническое задание;
- разработать решение;
- оформить документацию;","Программирование, Работа с детьми, Координация волонтёров",frontend | занятия с детьми | coordination | опросы,"Программирование, Работа с детьми, Координация волонтёров, Исследования, Наставничество","Программирование, Работа с детьми, Координация волонтёров, Исследования, Наставничество",культура | здоровье | дети и молодёжь | животные,Культура и искусство|Здравоохранение|Дети и молодёжь|Животные,Онлайн,Онлайн,Онлайн, Москва ,Москва,2026-05-25,04.05.2026,25.05.2026,2026-05-04,2026-05-11,published,0.697,0,1,2
task_00171,ngo_0018,Снять документальный ролик о работе приюта для животных,АНО «Активная позиция»,"Нам нужен волонтёр с опытом в визуальных материалах: предстоит включиться в работу команды, аккуратно выполнить свою часть и согласовать результат. Формат участия — оффлайн.",Люди без жилья,Ростов-на-Дону,"- передавать итоговые файлы команде;
- снимать на мероприятиях;
- соблюдать этику при работе с людьми;
- обрабатывать материалы;","Фото и видео, Психология",монтаж,"Фото и видео, Психология","Фото и видео, Психология",  ночлежка  ,Люди без жилья,Оффлайн,Оффлайн,Оффлайн,Ростов-на-Дону,Ростов-на-Дону,2026-06-25,10.04.2026,25.06.2026,2026-04-10,2026-04-16,published,0.299,0,1,5
task_00172,ngo_0053,Провести юридическую консультацию для бездомных людей,АНО «Объединение добрых дел»,"Необходимо помочь проекту в направлении «Помощь пожилым». Важно разобраться в контексте, выполнить работу в срок и подготовить результат, который можно использовать дальше.",Помощь пожилым,Уфа,"- подготавливать шаблоны и памятки;
- объяснять правовые вопросы простым языком;
- проверять документы;
- проводить консультации по запросу;","Юридические услуги, Программирование, Педагогика","договоры, кодинг, педагогика, reels, тексты, психологическая первая помощь","Юридические услуги, Программирование, Педагогика, Фото и видео, Копирайтинг, Переводы","Юридические услуги, Программирование, Педагогика, Фото и видео, Копирайтинг, Переводы",помощь пожилым; помощь животным,Помощь пожилым|Животные,Онлайн,Онлайн,Онлайн, УФА ,Уфа,2026-06-01,10.05.2026,01.06.2026,2026-05-10,2026-05-11,published,0.667,0,3,3
task_00173,ngo_0037,Снять документальный ролик о работе приюта для животных,АНО «Участие»,"Команде нужна поддержка волонтёра в регионе Пермь. Задача рассчитана на ответственное участие, аккуратную коммуникацию и передачу результата координатору.",Культура и искусство,Пермь,"- соблюдать этику при работе с людьми;
- передавать итоговые файлы команде;
- снимать на мероприятиях;
- обрабатывать материалы;","Фото и видео, Педагогика, Исследования","  фотография, преподавание, исследования  ","Фото и видео, Педагогика, Исследования, Работа с документами","Фото и видео, Педагогика, Исследования, Работа с документами",искусство | помощь животным | помощь пожилым | экстренная помощь,Культура и искусство|Животные|Помощь пожилым|Кризисные ситуации,Онлайн,Онлайн,Онлайн,Пермь,Пермь,2026-05-16,08.04.2026,16.05.2026,2026-04-08,2026-04-15,published,0.709,0,2,1
task_00174,ngo_0050,Участвовать в выездном медицинском пункте для бездомных,Социальная инициатива «Уличная библиотека»,Потребуется помощь волонтёр с опытом в визуальных материалах. Работа связана с направлением «Здравоохранение» и предполагает практический результат без лишней бюрократии.,Здравоохранение,Санкт-Петербург,"- вести краткую документацию;
- участвовать в выезде или приёме;
- помогать с документами для подопечных;
- взаимодействовать с командой;","Медицина, Наставничество, Дизайн","  первая помощь, помощь новичкам  ","Медицина, Наставничество, Дизайн","Медицина, Наставничество, Дизайн",  здоровье; кризисные ситуации; просвещение  ,Здравоохранение|Кризисные ситуации|Образование,Онлайн,Онлайн,Онлайн,САНКТ-ПЕТЕРБУРГ,Санкт-Петербург,2026-05-25,29.03.2026,25.05.2026,2026-03-29,2026-04-01,published,0.698,0,1,2
task_00175,ngo_0072,Снять документальный ролик о работе приюта для животных,Инициатива «Местный медиатор»,"С 25 января 2026 года можно подключиться к проекту и помочь команде закрыть важную часть работы. Подойдёт волонтёр, которому комфортен формат «Онлайн».",Культура и искусство,Новосибирск,"- обрабатывать материалы;
- снимать на мероприятиях;
- передавать итоговые файлы команде;
- соблюдать этику при работе с людьми;",Фото и видео,reels,Фото и видео,Фото и видео,  музеи  ,Культура и искусство,Онлайн,Онлайн,Онлайн, Новосибирск ,Новосибирск,2026-06-01,25.01.2026,01.06.2026,2026-01-25,2026-01-28,published,0.596,0,1,2
task_00176,ngo_0077,Провести серию уроков по финансовой грамотности для подростков,Инициатива «Гуманитарная связь»,"До 14 мая 2026 года нужно подготовить результат для команды. Будет полезен человек, который умеет работать самостоятельно и вовремя согласовывать промежуточные шаги.",Культура и искусство,Воронеж,"- собрать обратную связь;
- подготовить содержание занятия;
- провести занятие или серию встреч;
- скорректировать программу по итогам;","Педагогика, Фото и видео",педагогика,"Педагогика, Фото и видео","Педагогика, Фото и видео",искусство,Культура и искусство,Онлайн,Онлайн,Онлайн, Воронеж ,Воронеж,2026-05-14,29.01.2026,14.05.2026,2026-01-29,2026-02-04,published,0.924,0,1,4
task_00177,ngo_0036,Запустить краудфандинговую кампанию на Планете.ру,Благотворительный фонд «Подари тепло»,Нужна волонтёрская помощь в формате «Онлайн». Основной фокус — довести работу до завершения и передать материалы или выводы координатору.,Помощь пожилым,Москва,"- подготовить тексты и контент;
- координировать продвижение;
- отчитываться об итогах сбора;
- разработать идею кампании;","Фандрайзинг, SMM, Работа с детьми",донаты /  смм ,"Фандрайзинг, SMM, Работа с детьми","Фандрайзинг, SMM, Работа с детьми",  пожилые  ,Помощь пожилым,Онлайн,Онлайн,Онлайн, Москва ,Москва,2026-07-10,11.03.2026,10.07.2026,2026-03-11,2026-03-12,published,0.738,0,1,3
task_00178,ngo_0057,Провести психологические консультации для участников кризисного проекта,Центр добровольчества «Самарские добровольцы»,"Команда ищет участника, который сможет быстро погрузиться в задачу и помочь в направлении «Сельские территории». Особенно пригодятся навыки: помощь новичкам и Психология.",Сельские территории,Санкт-Петербург,"- вести краткие записи;
- соблюдать этику и конфиденциальность;
- проводить индивидуальные консультации или групповые встречи;
- участвовать в супервизии команды;","помощь новичкам, Психология",помощь новичкам,"помощь новичкам, Психология","помощь новичкам, Психология",села | экология,Сельские территории|Экология,Онлайн,Онлайн,Онлайн,САНКТ-ПЕТЕРБУРГ,Санкт-Петербург,2026-06-25,08.04.2026,25.06.2026,2026-04-08,2026-04-10,published,0.401,0,1,1
task_00179,ngo_0045,Вести Телеграм-канал организации в течение месяца,Волонтёрский центр «Псковские добровольцы»,"Это практическая волонтёрская задача с понятным результатом. Нужно внимательно выполнить договорённости, учитывать контекст региона Москва и передать итог команде.",Здравоохранение,Москва,"- готовить контент-план;
- создавать посты и истории;
- анализировать охваты;
- следить за реакциями и отвечать на комментарии;","SMM, Работа с детьми",SMM,"SMM, Работа с детьми","SMM, Работа с детьми","здравоохранение,  инклюзия,  образование",Здравоохранение|Инклюзия|Образование,Оффлайн,Оффлайн,Оффлайн, Москва ,Москва,2026-06-10,07.04.2026,10.06.2026,2026-04-07,2026-04-14,published,0.622,0,5,2
task_00180,ngo_0067,Проанализировать эффективность работы горячей линии,Благотворительный фонд «Лучший день»,"Мы ищем волонтёр с опытом в визуальных материалах, который поможет команде получить понятный и применимый результат. Работа подойдёт человеку, готовому соблюдать договорённости и передать итог координатору.",Здравоохранение,Москва,"- подготовить выводы в понятном формате;
- построить визуализацию или дашборд;
- изучить исходные данные;
- дать рекомендации команде;","Аналитика, Дизайн, Координация волонтёров", анализ данных  | дизайнер | coordination | работа с детьми | договоры,"Аналитика, Дизайн, Координация волонтёров, Работа с детьми, Юридические услуги, Организация мероприятий","Аналитика, Дизайн, Координация волонтёров, Работа с детьми, Юридические услуги, Организация мероприятий",здоровье; экология; просвещение; мигранты,Здравоохранение|Экология|Образование|Миграция,Онлайн,Онлайн,Онлайн,МОСКВА,Москва,2026-05-16,25.02.2026,16.05.2026,2026-02-25,2026-03-03,published,0.62,0,2,1
task_00181,ngo_0022,Провести серию уроков по финансовой грамотности для подростков,Центр добровольчества «Воронежские добровольцы»,"Нам нужен волонтёр для коммуникации с участниками: предстоит включиться в работу команды, аккуратно выполнить свою часть и согласовать результат. Формат участия — оффлайн.",Культура и искусство,Воронеж,"- собрать обратную связь;
- подготовить содержание занятия;
- провести занятие или серию встреч;
- скорректировать программу по итогам;","Педагогика, Коммуникация",тьютор,"Педагогика, Коммуникация","Педагогика, Коммуникация","  культура, сельские территории  ",Культура и искусство|Сельские территории,Оффлайн,Оффлайн,Оффлайн,Воронеж,Воронеж,2026-06-01,08.02.2026,01.06.2026,2026-02-08,2026-02-09,published,0.824,0,2,1
task_00182,ngo_0009,Разработать простой сайт для некоммерческой организации,Образовательный проект «Академия волонтёра»,"Необходимо помочь проекту в направлении «Дети и молодёжь». Важно разобраться в контексте, выполнить работу в срок и подготовить результат, который можно использовать дальше.",Дети и молодёжь,Москва,"- разработать решение;
- протестировать и передать результат;
- оформить документацию;
- уточнить техническое задание;","Программирование, SMM",web разработка,"Программирование, SMM","Программирование, SMM",дети; экстренная помощь,Дети и молодёжь|Кризисные ситуации,Онлайн,Онлайн,Онлайн, Москва ,Москва,2026-06-01,13.04.2026,01.06.2026,2026-04-13,2026-04-22,published,0.432,0,5,0
task_00183,ngo_0002,Запустить краудфандинговую кампанию на Планете.ру,Волонтёрский центр «Омские добровольцы»,"Команде нужна поддержка волонтёра в регионе Казань. Задача рассчитана на ответственное участие, аккуратную коммуникацию и передачу результата координатору.",Спорт и ЗОЖ,Казань,"- разработать идею кампании;
- координировать продвижение;
- подготовить тексты и контент;
- отчитываться об итогах сбора;","Фандрайзинг, Работа с детьми, Коммуникация",  донаты | занятия с детьми | общение  ,"Фандрайзинг, Работа с детьми, Коммуникация, Копирайтинг","Фандрайзинг, Работа с детьми, Коммуникация, Копирайтинг",здоровый образ жизни,Спорт и ЗОЖ,Смешанный,Смешанный,Смешанный, Казань ,Казань,2026-06-10,10.03.2026,10.06.2026,2026-03-10,2026-03-16,published,0.256,0,2,6
task_00184,ngo_0061,Стать наставником для выпускника детского дома,Социальная инициатива «Бесплатный репетитор»,Потребуется помощь волонтёр-аналитик. Работа связана с направлением «Миграция» и предполагает практический результат без лишней бюрократии.,Миграция,Уфа,"- соблюдать конфиденциальность;
- помогать с конкретными задачами и целями;
- участвовать во встречах наставников;
- регулярно общаться с подопечным;","Наставничество, Психология, Аналитика",наставничество | психолог | excel,"Наставничество, Психология, Аналитика, Юридические услуги, Исследования","Наставничество, Психология, Аналитика, Юридические услуги, Исследования",адаптация | дети и молодёжь,Миграция|Дети и молодёжь,Онлайн,Онлайн,Онлайн, Уфа ,Уфа,2026-05-25,13.04.2026,25.05.2026,2026-04-13,2026-04-22,published,0.425,0,2,1
task_00185,ngo_0056,Провести первичный обзвон новых участников программы,Волонтёрский центр «Добровольцы Крыма»,"С 18 февраля 2026 года можно подключиться к проекту и помочь команде закрыть важную часть работы. Подойдёт волонтёр, которому комфортен формат «Онлайн».",Дети и молодёжь,Санкт-Петербург,"- вести переписку с участниками;
- фиксировать обращения в базе;
- отвечать на запросы по телефону или в мессенджере;
- обрабатывать входящие обращения;",Коммуникация,  общение  ,Коммуникация,Коммуникация,дети | права человека,Дети и молодёжь|Правозащита,Онлайн,Онлайн,Онлайн,САНКТ-ПЕТЕРБУРГ,Санкт-Петербург,2026-05-18,18.02.2026,18.05.2026,2026-02-18,2026-02-24,published,0.721,0,1,1
task_00186,ngo_0036,Проанализировать эффективность работы горячей линии,Благотворительный фонд «Подари тепло»,"До 1 июня 2026 года нужно подготовить результат для команды. Будет полезен человек, который умеет работать самостоятельно и вовремя согласовывать промежуточные шаги.",Сельские территории,Нижний Новгород,"- подготовить выводы в понятном формате;
- построить визуализацию или дашборд;
- дать рекомендации команде;
- изучить исходные данные;","Аналитика, Исследования, Дизайн","excel,  research,  sql","Аналитика, Исследования, Дизайн","Аналитика, Исследования, Дизайн",  села  ,Сельские территории,Онлайн,Онлайн,Онлайн, Нижний Новгород ,Нижний Новгород,2026-06-01,29.01.2026,01.06.2026,2026-01-29,2026-02-02,published,0.593,0,2,1
task_00187,ngo_0079,Написать и разослать пресс-релиз о мероприятии,Центр добровольчества «Уральские волонтёры»,Нужна волонтёрская помощь в формате «Онлайн». Основной фокус — довести работу до завершения и передать материалы или выводы координатору.,Инклюзия,Москва,"- составлять пресс-релизы;
- помогать с выступлениями спикеров;
- готовить питчи и предложения для СМИ;
- выстраивать контакты с журналистами;","PR, Переводы, кабинетное исследование","медиа, translation, research, медицина","PR, Переводы, кабинетное исследование, Медицина, Координация волонтёров, Дизайн","PR, Переводы, кабинетное исследование, Медицина, Координация волонтёров, Дизайн",  доступная среда  ,Инклюзия,Онлайн,Онлайн,Онлайн,Москва,Москва,2026-06-10,09.03.2026,10.06.2026,2026-03-09,2026-03-15,published,0.771,0,1,2
task_00188,ngo_0065,Провести занятие по рисованию для детей из малообеспеченных семей,АНО «Полезное действие»,"Команда ищет участника, который сможет быстро погрузиться в задачу и помочь в направлении «Помощь пожилым». Особенно пригодятся навыки: Работа с детьми, Дизайн и Медицина.",Помощь пожилым,Самара,"- взаимодействовать с куратором;
- соблюдать правила безопасности;
- поддерживать позитивную атмосферу;
- провести занятие или мастер-класс;","Работа с детьми, Дизайн, Медицина","работа с детьми,  графический дизайн","Работа с детьми, Дизайн, Медицина","Работа с детьми, Дизайн, Медицина",старшее поколение | мигранты,Помощь пожилым|Миграция,Онлайн,Онлайн,Онлайн,  САМАРА  ,Самара,2026-05-18,21.02.2026,18.05.2026,2026-02-21,2026-03-01,published,0.838,0,1,4
task_00189,ngo_0011,Снять документальный ролик о работе приюта для животных,АНО «Добрый знак»,"Это практическая волонтёрская задача с понятным результатом. Нужно внимательно выполнить договорённости, учитывать контекст региона Челябинск и передать итог команде.",Социальная помощь,Челябинск,"- обрабатывать материалы;
- соблюдать этику при работе с людьми;
- передавать итоговые файлы команде;
- снимать на мероприятиях;","коммуникации, Фото и видео",  общение  ,"коммуникации, Фото и видео","коммуникации, Фото и видео",помощь людям,Социальная помощь,Оффлайн,Оффлайн,Оффлайн,ЧЕЛЯБИНСК,Челябинск,2026-05-18,12.03.2026,18.05.2026,2026-03-12,2026-03-20,published,0.826,0,5,2
task_00190,ngo_0067,Написать и разослать пресс-релиз о мероприятии,Благотворительный фонд «Лучший день»,"Мы ищем волонтёр-организатор, который поможет команде получить понятный и применимый результат. Работа подойдёт человеку, готовому соблюдать договорённости и передать итог координатору.",Правозащита,Нижний Новгород,"- готовить питчи и предложения для СМИ;
- выстраивать контакты с журналистами;
- помогать с выступлениями спикеров;
- составлять пресс-релизы;","PR, Психология, Работа с документами",PR | психология | архив | медицинская помощь,"PR, Психология, Работа с документами, Медицина, Педагогика","PR, Психология, Работа с документами, Медицина, Педагогика",правозащита; экстренная помощь; приюты; ночлежка,Правозащита|Кризисные ситуации|Животные|Люди без жилья,Онлайн,Онлайн,Онлайн,НИЖНИЙ НОВГОРОД,Нижний Новгород,2026-06-10,24.04.2026,10.06.2026,2026-04-24,2026-04-29,published,0.794,0,1,1
task_00191,ngo_0021,Провести серию уроков по финансовой грамотности для подростков,АНО «Открытое сообщество»,"Нам нужен волонтёр: предстоит включиться в работу команды, аккуратно выполнить свою часть и согласовать результат. Формат участия — оффлайн.",Правозащита,Санкт-Петербург,"- провести занятие или серию встреч;
- подготовить содержание занятия;
- собрать обратную связь;
- скорректировать программу по итогам;",Педагогика,учитель,Педагогика,Педагогика,"правозащита, адаптация, экстренная помощь, животные",Правозащита|Миграция|Кризисные ситуации|Животные,Оффлайн,Оффлайн,Оффлайн,САНКТ-ПЕТЕРБУРГ,Санкт-Петербург,2026-05-14,10.04.2026,14.05.2026,2026-04-10,2026-04-15,published,0.112,0,5,0
task_00192,ngo_0040,Проанализировать эффективность работы горячей линии,АНО «Взаимодействие»,"Необходимо помочь проекту в направлении «Экология». Важно разобраться в контексте, выполнить работу в срок и подготовить результат, который можно использовать дальше.",Экология,Казань,"- дать рекомендации команде;
- изучить исходные данные;
- построить визуализацию или дашборд;
- подготовить выводы в понятном формате;","Аналитика, Работа с детьми, Психология","  АНАЛИТИКА, аниматор  ","Аналитика, Работа с детьми, Психология","Аналитика, Работа с детьми, Психология",экологические проекты,Экология,Смешанный,Смешанный,Смешанный, Казань ,Казань,2026-05-16,25.02.2026,16.05.2026,2026-02-25,2026-03-06,published,0.161,0,1,1
task_00193,ngo_0086,Провести опрос участников программы о качестве услуг,Волонтёрский центр «Белгородское добровольчество»,"Команде нужна поддержка волонтёра в регионе Челябинск. Задача рассчитана на ответственное участие, аккуратную коммуникацию и передачу результата координатору.",Культура и искусство,Челябинск,"- систематизировать результаты;
- провести интервью или опросы;
- разработать анкету или гайд;
- подготовить краткий отчёт с выводами;","Исследования, Медицина, Работа с детьми","интервью,  медицинская помощь,  дети,  SMM,  юрист","Исследования, Медицина, Работа с детьми, SMM, Юридические услуги, Координация волонтёров","Исследования, Медицина, Работа с детьми, SMM, Юридические услуги, Координация волонтёров",  музеи  ,Культура и искусство,Онлайн,Онлайн,Онлайн,ЧЕЛЯБИНСК,Челябинск,2026-06-10,20.03.2026,10.06.2026,2026-03-20,2026-03-24,published,0.923,0,2,2
task_00194,ngo_0023,Написать серию материалов о подопечных для сайта и соцсетей,Инициатива «Волонтёры у ночлежки»,Потребуется помощь волонтёр с опытом в визуальных материалах. Работа связана с направлением «Дети и молодёжь» и предполагает практический результат без лишней бюрократии.,Дети и молодёжь,Санкт-Петербург,"- писать тексты по брифу и структуре;
- редактировать материалы команды;
- брать короткие интервью у подопечных;
- выдерживать тон и стиль бренда;","Копирайтинг, Аналитика, Дизайн","тексты, таблицы","Копирайтинг, Аналитика, Дизайн","Копирайтинг, Аналитика, Дизайн","дети и молодёжь, старшее поколение",Дети и молодёжь|Помощь пожилым,Онлайн,Онлайн,Онлайн, Санкт-Петербург ,Санкт-Петербург,2026-06-01,02.04.2026,01.06.2026,2026-04-02,2026-04-11,published,0.558,0,1,1
task_00195,ngo_0062,Проанализировать эффективность работы горячей линии,АНО «Навигатор добра»,"С 19 февраля 2026 года можно подключиться к проекту и помочь команде закрыть важную часть работы. Подойдёт волонтёр, которому комфортен формат «Онлайн».",Спорт и ЗОЖ,Екатеринбург,"- подготовить выводы в понятном формате;
- построить визуализацию или дашборд;
- дать рекомендации команде;
- изучить исходные данные;","Аналитика, PR, IT"," анализ данных ,  медиа","Аналитика, PR, IT","Аналитика, PR, IT",  здоровый образ жизни | искусство  ,Спорт и ЗОЖ|Культура и искусство,Онлайн,Онлайн,Онлайн,ЕКАТЕРИНБУРГ,Екатеринбург,2026-05-25,19.02.2026,25.05.2026,2026-02-19,2026-02-26,published,0.29,0,1,1
task_00196,ngo_0085,Провести опрос участников программы о качестве услуг,Социальная инициатива «Ночная смена»,"До 10 июня 2026 года нужно подготовить результат для команды. Будет полезен человек, который умеет работать самостоятельно и вовремя согласовывать промежуточные шаги.",Инклюзия,Москва,"- разработать анкету или гайд;
- систематизировать результаты;
- подготовить краткий отчёт с выводами;
- провести интервью или опросы;","Исследования, Педагогика, Юридические услуги",research; педагогика,"Исследования, Педагогика, Юридические услуги","Исследования, Педагогика, Юридические услуги","  люди с инвалидностью, дети и молодёжь  ",Инклюзия|Дети и молодёжь,Смешанный,Смешанный,Смешанный, Москва ,Москва,2026-06-10,08.05.2026,10.06.2026,2026-05-08,2026-05-11,published,0.65,0,2,1
task_00197,ngo_0063,Разработать программу профориентации для выпускников детдома,Волонтёрский центр «Дальневосточное добро»,Нужна волонтёрская помощь в формате «Оффлайн». Основной фокус — довести работу до завершения и передать материалы или выводы координатору.,Образование,Москва,"- провести занятие или серию встреч;
- подготовить содержание занятия;
- собрать обратную связь;
- скорректировать программу по итогам;","Педагогика, Работа с детьми, коммуникации",педагогика; аниматор,"Педагогика, Работа с детьми, коммуникации","Педагогика, Работа с детьми, коммуникации",просвещение,Образование,Оффлайн,Оффлайн,Оффлайн,МОСКВА,Москва,2026-05-14,23.01.2026,14.05.2026,2026-01-23,2026-01-28,published,0.533,0,1,2
task_00198,ngo_0033,Написать и разослать пресс-релиз о мероприятии,Социальная инициатива «Наш дом — природа»,"Команда ищет участника, который сможет быстро погрузиться в задачу и помочь в направлении «Социальная помощь». Особенно пригодятся навыки: PR, IT и Аналитика.",Социальная помощь,Самара,"- выстраивать контакты с журналистами;
- готовить питчи и предложения для СМИ;
- составлять пресс-релизы;
- помогать с выступлениями спикеров;","PR, IT, Аналитика","связи с общественностью,  айти","PR, IT, Аналитика, Дизайн","PR, IT, Аналитика, Дизайн",помощь людям,Социальная помощь,Смешанный,Смешанный,Смешанный,САМАРА,Самара,2026-06-01,29.04.2026,01.06.2026,2026-04-29,2026-04-29,published,0.153,0,2,4
task_00199,ngo_0073,Провести психологические консультации для участников кризисного проекта,АНО «Гражданская поддержка»,"Это практическая волонтёрская задача с понятным результатом. Нужно внимательно выполнить договорённости, учитывать контекст региона Москва и передать итог команде.",Культура и искусство,Москва,"- соблюдать этику и конфиденциальность;
- вести краткие записи;
- участвовать в супервизии команды;
- проводить индивидуальные консультации или групповые встречи;","Психология, Коммуникация, Наставничество",психолог / поддержка,"Психология, Коммуникация, Наставничество","Психология, Коммуникация, Наставничество","культура, чс, люди без жилья",Культура и искусство|Кризисные ситуации|Люди без жилья,Онлайн,Онлайн,Онлайн,Москва,Москва,2026-06-25,27.01.2026,25.06.2026,2026-01-27,2026-01-30,published,0.825,0,5,0
task_00200,ngo_0001,Вести Телеграм-канал организации в течение месяца,АНО «Социальный фокус»,"Мы ищем волонтёр для работы с контентом и коммуникациями, который поможет команде получить понятный и применимый результат. Работа подойдёт человеку, готовому соблюдать договорённости и передать итог координатору.",Социальная помощь,Санкт-Петербург,"- готовить контент-план;
- анализировать охваты;
- создавать посты и истории;
- следить за реакциями и отвечать на комментарии;","SMM, PR, Медицина"," смм , медиа, медик","SMM, PR, Медицина, Работа с документами","SMM, PR, Медицина, Работа с документами",соц помощь; ночлежка,Социальная помощь|Люди без жилья,Оффлайн,Оффлайн,Оффлайн, Санкт-Петербург ,Санкт-Петербург,2026-05-18,16.02.2026,18.05.2026,2026-02-16,2026-02-21,published,0.397,0,1,1
task_00201,ngo_0003,Провести юридическую консультацию для бездомных людей,АНО «Социальный ориентир»,"Нам нужен волонтёр-аналитик: предстоит включиться в работу команды, аккуратно выполнить свою часть и согласовать результат. Формат участия — оффлайн.",Помощь пожилым,Воронеж,"- подготавливать шаблоны и памятки;
- проводить консультации по запросу;
- объяснять правовые вопросы простым языком;
- проверять документы;","Юридические услуги, Фандрайзинг, кабинетное исследование",юридические услуги | фандрайзинг | исследования | английский | sql,"Юридические услуги, Фандрайзинг, кабинетное исследование, Переводы, Аналитика","Юридические услуги, Фандрайзинг, кабинетное исследование, Переводы, Аналитика",помощь пожилым,Помощь пожилым,Оффлайн,Оффлайн,Оффлайн, Воронеж ,Воронеж,2026-06-01,30.03.2026,01.06.2026,2026-03-30,2026-04-08,published,0.682,0,2,2
task_00202,ngo_0020,Организовать набор волонтёров для уборки территории,Благотворительный фонд «Всё будет хорошо»,"Необходимо помочь проекту в направлении «Социальная помощь». Важно разобраться в контексте, выполнить работу в срок и подготовить результат, который можно использовать дальше.",Социальная помощь,Санкт-Петербург,"- проводить вводные встречи;
- поддерживать связь с волонтёрами;
- готовить отчёты по работе команды;
- вести реестр и распределять задачи;",Координация волонтёров,coordination,Координация волонтёров,Координация волонтёров,  помощь людям  ,Социальная помощь,Оффлайн,Оффлайн,Оффлайн,САНКТ-ПЕТЕРБУРГ,Санкт-Петербург,2026-05-18,15.01.2026,18.05.2026,2026-01-15,2026-01-15,published,0.537,0,1,3
task_00203,ngo_0039,Написать серию материалов о подопечных для сайта и соцсетей,Центр добровольчества «Казанские волонтёры»,"Команде нужна поддержка волонтёра в регионе Санкт-Петербург. Задача рассчитана на ответственное участие, аккуратную коммуникацию и передачу результата координатору.",Здравоохранение,Санкт-Петербург,"- писать тексты по брифу и структуре;
- редактировать материалы команды;
- брать короткие интервью у подопечных;
- выдерживать тон и стиль бренда;","Копирайтинг, SMM, Переводы",копирайтинг | соцсети | переводчик | видео,"Копирайтинг, SMM, Переводы, Фото и видео, Работа с документами","Копирайтинг, SMM, Переводы, Фото и видео, Работа с документами",здоровье,Здравоохранение,Оффлайн,Оффлайн,Оффлайн,САНКТ-ПЕТЕРБУРГ,Санкт-Петербург,2026-06-01,27.01.2026,01.06.2026,2026-01-27,2026-01-30,published,0.453,0,2,2
task_00204,ngo_0014,Провести психологические консультации для участников кризисного проекта,Инициатива «Горячая линия доброй помощи»,Потребуется помощь волонтёр-копирайтер. Работа связана с направлением «Люди без жилья» и предполагает практический результат без лишней бюрократии.,Люди без жилья,Екатеринбург,"- проводить индивидуальные консультации или групповые встречи;
- вести краткие записи;
- соблюдать этику и конфиденциальность;
- участвовать в супервизии команды;","аниматор, Психология, Копирайтинг",аниматор / психология,"аниматор, Психология, Копирайтинг","аниматор, Психология, Копирайтинг",  люди без жилья; экологические проекты; обучение; молодежь  ,Люди без жилья|Экология|Образование|Дети и молодёжь,Онлайн,Онлайн,Онлайн, ЕКАТЕРИНБУРГ ,Екатеринбург,2026-05-18,01.04.2026,18.05.2026,2026-04-01,2026-04-09,published,0.711,0,1,3
task_00205,ngo_0082,Создать брендбук для новой организации,Инициатива «Безопасный маршрут»,"С 8 мая 2026 года можно подключиться к проекту и помочь команде закрыть важную часть работы. Подойдёт волонтёр, которому комфортен формат «Оффлайн».",Кризисные ситуации,Новосибирск,"- разрабатывать макеты по брифу;
- согласовывать правки с командой;
- передавать готовые файлы;
- адаптировать материалы под разные форматы;","Дизайн, Организация мероприятий, Работа с документами",  Фигма | организация мероприятий | документы  ,"Дизайн, Организация мероприятий, Работа с документами, коммуникации","Дизайн, Организация мероприятий, Работа с документами, коммуникации",  чс  ,Кризисные ситуации,Оффлайн,Оффлайн,Оффлайн, Новосибирск ,Новосибирск,2026-05-25,08.05.2026,25.05.2026,2026-05-08,2026-05-11,published,0.75,0,1,1
task_00206,ngo_0051,Участвовать в выездном медицинском пункте для бездомных,Просветительский центр «Культура участия»,"До 1 июня 2026 года нужно подготовить результат для команды. Будет полезен человек, который умеет работать самостоятельно и вовремя согласовывать промежуточные шаги.",Социальная помощь,Волгоград,"- взаимодействовать с командой;
- участвовать в выезде или приёме;
- вести краткую документацию;
- помогать с документами для подопечных;","Медицина, Фандрайзинг",  медик  ,"Медицина, Фандрайзинг","Медицина, Фандрайзинг","  помощь людям, просвещение, кризисные ситуации, люди с инвалидностью  ",Социальная помощь|Образование|Кризисные ситуации|Инклюзия,Смешанный,Смешанный,Смешанный,  ВОЛГОГРАД  ,Волгоград,2026-06-01,07.03.2026,01.06.2026,2026-03-07,2026-03-14,published,0.68,0,1,0
task_00207,ngo_0017,Помочь архивировать документы за несколько лет,Просветительская инициатива «Не молчи»,Нужна волонтёрская помощь в формате «Смешанный». Основной фокус — довести работу до завершения и передать материалы или выводы координатору.,Спорт и ЗОЖ,Санкт-Петербург,"- провести инвентаризацию;
- создать удобную структуру хранения;
- разобрать и систематизировать архив;
- обучить команду работе с документами;","Работа с документами, Медицина, Дизайн","делопроизводство,  медицинская помощь,  графический дизайн","Работа с документами, Медицина, Дизайн, Фото и видео","Работа с документами, Медицина, Дизайн, Фото и видео",здоровый образ жизни / села / здравоохранение / права человека,Спорт и ЗОЖ|Сельские территории|Здравоохранение|Правозащита,Смешанный,Смешанный,Смешанный,САНКТ-ПЕТЕРБУРГ,Санкт-Петербург,2026-06-10,21.03.2026,10.06.2026,2026-03-21,2026-03-29,published,0.83,0,2,5
task_00208,ngo_0039,Разработать простой сайт для некоммерческой организации,Центр добровольчества «Казанские волонтёры»,"Команда ищет участника, который сможет быстро погрузиться в задачу и помочь в направлении «Дети и молодёжь». Особенно пригодятся навыки: Программирование, Юридические услуги и Аналитика.",Дети и молодёжь,Санкт-Петербург,"- протестировать и передать результат;
- уточнить техническое задание;
- оформить документацию;
- разработать решение;","Программирование, Юридические услуги, Аналитика","программирование,  юрист,  АНАЛИТИКА","Программирование, Юридические услуги, Аналитика, Переводы","Программирование, Юридические услуги, Аналитика, Переводы",дети и молодёжь / животные,Дети и молодёжь|Животные,Оффлайн,Оффлайн,Оффлайн, САНКТ-ПЕТЕРБУРГ ,Санкт-Петербург,2026-06-01,06.04.2026,01.06.2026,2026-04-06,2026-04-06,published,0.73,0,2,1
task_00209,ngo_0028,Проверить договоры организации на соответствие законодательству,Просветительский центр «Инклюзия без границ»,"Это практическая волонтёрская задача с понятным результатом. Нужно внимательно выполнить договорённости, учитывать контекст региона Волгоград и передать итог команде.",Образование,Волгоград,"- объяснять правовые вопросы простым языком;
- проводить консультации по запросу;
- подготавливать шаблоны и памятки;
- проверять документы;","Юридические услуги, Исследования, Работа с детьми",правовая помощь; интервью,"Юридические услуги, Исследования, Работа с детьми, Аналитика","Юридические услуги, Исследования, Работа с детьми, Аналитика",обучение,Образование,Оффлайн,Оффлайн,Оффлайн, Волгоград ,Волгоград,2026-06-01,18.02.2026,01.06.2026,2026-02-18,2026-02-20,published,0.983,0,1,0
task_00210,ngo_0053,Найти и выстроить контакты с профильными изданиями,АНО «Объединение добрых дел»,"Мы ищем волонтёр-наставник, который поможет команде получить понятный и применимый результат. Работа подойдёт человеку, готовому соблюдать договорённости и передать итог координатору.",Люди без жилья,Самара,"- помогать с выступлениями спикеров;
- составлять пресс-релизы;
- готовить питчи и предложения для СМИ;
- выстраивать контакты с журналистами;","PR, Работа с детьми, Педагогика",PR | занятия с детьми | учитель,"PR, Работа с детьми, Педагогика, Психология","PR, Работа с детьми, Педагогика, Психология",ночлежка / помощь животным,Люди без жилья|Животные,Онлайн,Онлайн,Онлайн,Самара,Самара,2026-05-16,28.04.2026,16.05.2026,2026-04-28,2026-05-02,published,0.952,0,2,1
task_00211,ngo_0004,Провести первичный обзвон новых участников программы,Благотворительный фонд «Зелёная планета»,"Нам нужен волонтёр для коммуникации с участниками: предстоит включиться в работу команды, аккуратно выполнить свою часть и согласовать результат. Формат участия — онлайн.",Помощь пожилым,Санкт-Петербург,"- обрабатывать входящие обращения;
- отвечать на запросы по телефону или в мессенджере;
- вести переписку с участниками;
- фиксировать обращения в базе;",Коммуникация,  поддержка  ,Коммуникация,Коммуникация,помощь пожилым,Помощь пожилым,Онлайн,Онлайн,Онлайн,САНКТ-ПЕТЕРБУРГ,Санкт-Петербург,2026-06-10,24.01.2026,10.06.2026,2026-01-24,2026-01-24,published,0.285,0,1,1
task_00212,ngo_0068,Организовать набор волонтёров для уборки территории,Благотворительный фонд «Живые истории»,"Необходимо помочь проекту в направлении «Образование». Важно разобраться в контексте, выполнить работу в срок и подготовить результат, который можно использовать дальше.",Образование,Москва,"- вести реестр и распределять задачи;
- поддерживать связь с волонтёрами;
- проводить вводные встречи;
- готовить отчёты по работе команды;","Координация волонтёров, Работа с детьми, Юридические услуги","координация волонтёров,  работа с детьми,  юрист,  сбор средств,  психологическая первая помощь","Координация волонтёров, Работа с детьми, Юридические услуги, привлечение средств, IT","Координация волонтёров, Работа с детьми, Юридические услуги, привлечение средств, IT",  обучение | инклюзия  ,Образование|Инклюзия,Оффлайн,Оффлайн,Оффлайн, Москва ,Москва,2026-06-01,09.05.2026,01.06.2026,2026-05-09,2026-05-11,published,0.677,0,1,2
task_00213,ngo_0064,Снять документальный ролик о работе приюта для животных,АНО «Шаг вперёд»,"Команде нужна поддержка волонтёра в регионе Челябинск. Задача рассчитана на ответственное участие, аккуратную коммуникацию и передачу результата координатору.",Правозащита,Челябинск,"- обрабатывать материалы;
- соблюдать этику при работе с людьми;
- снимать на мероприятиях;
- передавать итоговые файлы команде;","Фото и видео, Коммуникация, Исследования",монтаж,"Фото и видео, Коммуникация, Исследования","Фото и видео, Коммуникация, Исследования","правозащита,  помощь животным",Правозащита|Животные,Смешанный,Смешанный,Смешанный,Челябинск,Челябинск,2026-05-18,26.01.2026,18.05.2026,2026-01-26,2026-01-28,published,0.644,0,1,1
task_00214,ngo_0072,Разработать программу профориентации для выпускников детдома,Инициатива «Местный медиатор»,Потребуется помощь волонтёр с опытом в визуальных материалах. Работа связана с направлением «Сельские территории» и предполагает практический результат без лишней бюрократии.,Сельские территории,Екатеринбург,"- подготовить содержание занятия;
- собрать обратную связь;
- провести занятие или серию встреч;
- скорректировать программу по итогам;","Педагогика, Переводы, prompt engineering","тьютор, английский, prompt engineering, юридические услуги, figma","Педагогика, Переводы, prompt engineering, Юридические услуги, Дизайн, Фото и видео","Педагогика, Переводы, prompt engineering, Юридические услуги, Дизайн, Фото и видео","малые города,  обучение,  ночлежка,  экологические проекты",Сельские территории|Образование|Люди без жилья|Экология,Онлайн,Онлайн,Онлайн,  ЕКАТЕРИНБУРГ  ,Екатеринбург,2026-07-10,21.01.2026,10.07.2026,2026-01-21,2026-01-23,published,0.865,0,5,1
task_00215,ngo_0027,Провести первичный обзвон новых участников программы,Благотворительный фонд «Реабилитация и жизнь»,"С 13 марта 2026 года можно подключиться к проекту и помочь команде закрыть важную часть работы. Подойдёт волонтёр, которому комфортен формат «Онлайн».",Экология,Новосибирск,"- обрабатывать входящие обращения;
- отвечать на запросы по телефону или в мессенджере;
- вести переписку с участниками;
- фиксировать обращения в базе;","Коммуникация, Наставничество, Организация мероприятий","коммуникация,  менторство,  помощь на мероприятии","Коммуникация, Наставничество, Организация мероприятий, PR","Коммуникация, Наставничество, Организация мероприятий, PR","экология,  экстренная помощь,  адаптация,  приюты",Экология|Кризисные ситуации|Миграция|Животные,Онлайн,Онлайн,Онлайн,Новосибирск,Новосибирск,2026-06-10,13.03.2026,10.06.2026,2026-03-13,2026-03-18,published,0.842,0,2,3
task_00216,ngo_0031,Вести Телеграм-канал организации в течение месяца,Волонтёрский центр «Живая карта»,"До 1 июня 2026 года нужно подготовить результат для команды. Будет полезен человек, который умеет работать самостоятельно и вовремя согласовывать промежуточные шаги.",Дети и молодёжь,Уфа,"- создавать посты и истории;
- анализировать охваты;
- готовить контент-план;
- следить за реакциями и отвечать на комментарии;","SMM, Организация мероприятий, Работа с документами",ведение соцсетей | помощь на мероприятии,"SMM, Организация мероприятий, Работа с документами","SMM, Организация мероприятий, Работа с документами",дети и молодёжь,Дети и молодёжь,Оффлайн,Оффлайн,Оффлайн,  УФА  ,Уфа,2026-06-01,19.03.2026,01.06.2026,2026-03-19,2026-03-23,closed,0.845,0,2,3
task_00217,ngo_0002,Проанализировать эффективность работы горячей линии,Волонтёрский центр «Омские добровольцы»,Нужна волонтёрская помощь в формате «Онлайн». Основной фокус — довести работу до завершения и передать материалы или выводы координатору.,Образование,Самара,"- подготовить выводы в понятном формате;
- дать рекомендации команде;
- построить визуализацию или дашборд;
- изучить исходные данные;","Аналитика, коммуникации, Юридические услуги"," анализ данных , коммуникации","Аналитика, коммуникации, Юридические услуги","Аналитика, коммуникации, Юридические услуги",обучение | миграция | правозащита,Образование|Миграция|Правозащита,Онлайн,Онлайн,Онлайн,  САМАРА  ,Самара,2026-06-10,12.01.2026,10.06.2026,2026-01-12,2026-01-19,published,0.669,0,3,2
task_00218,ngo_0061,Организовать субботник в парке при поддержке НКО,Социальная инициатива «Бесплатный репетитор»,"Команда ищет участника, который сможет быстро погрузиться в задачу и помочь в направлении «Спорт и ЗОЖ». Особенно пригодятся навыки: Организация мероприятий, Программирование и Переводы.",Спорт и ЗОЖ,Москва,"- подготовить краткий отчёт;
- координировать участников;
- решать оперативные вопросы в день проведения;
- составить план мероприятия;","Организация мероприятий, Программирование, Переводы",помощь на мероприятии | Python,"Организация мероприятий, Программирование, Переводы","Организация мероприятий, Программирование, Переводы","зож, села",Спорт и ЗОЖ|Сельские территории,Смешанный,Смешанный,Смешанный,Москва,Москва,2026-05-25,08.04.2026,25.05.2026,2026-04-08,2026-04-13,published,0.962,0,1,0
task_00219,ngo_0031,Организовать набор волонтёров для уборки территории,Волонтёрский центр «Живая карта»,"Это практическая волонтёрская задача с понятным результатом. Нужно внимательно выполнить договорённости, учитывать контекст региона Санкт-Петербург и передать итог команде.",Инклюзия,Санкт-Петербург,"- готовить отчёты по работе команды;
- поддерживать связь с волонтёрами;
- проводить вводные встречи;
- вести реестр и распределять задачи;","Координация волонтёров, Коммуникация","  управление волонтерами, sql  ","Координация волонтёров, Коммуникация","Координация волонтёров, Коммуникация",  инклюзия | молодежь | обучение | социальная помощь  ,Инклюзия|Дети и молодёжь|Образование|Социальная помощь,Онлайн,Онлайн,Онлайн,САНКТ-ПЕТЕРБУРГ,Санкт-Петербург,2026-05-14,07.04.2026,14.05.2026,2026-04-07,2026-04-09,published,0.956,0,3,0
task_00220,ngo_0033,Сфотографировать мероприятие для отчёта и соцсетей,Социальная инициатива «Наш дом — природа»,"Мы ищем волонтёр с опытом в визуальных материалах, который поможет команде получить понятный и применимый результат. Работа подойдёт человеку, готовому соблюдать договорённости и передать итог координатору.",Животные,Самара,"- передавать итоговые файлы команде;
- соблюдать этику при работе с людьми;
- снимать на мероприятиях;
- обрабатывать материалы;","Фото и видео, coordination",фотография,"Фото и видео, coordination","Фото и видео, coordination",помощь животным,Животные,Смешанный,Смешанный,Смешанный,Самара,Самара,2026-06-10,14.03.2026,10.06.2026,2026-03-14,2026-03-14,published,0.769,0,5,3
task_00221,ngo_0023,Сфотографировать мероприятие для отчёта и соцсетей,Инициатива «Волонтёры у ночлежки»,"Нам нужен волонтёр с опытом в визуальных материалах: предстоит включиться в работу команды, аккуратно выполнить свою часть и согласовать результат. Формат участия — смешанный.",Правозащита,Самара,"- соблюдать этику при работе с людьми;
- снимать на мероприятиях;
- передавать итоговые файлы команде;
- обрабатывать материалы;","Фото и видео, Медицина, Программирование",  видео; первая помощь; кодинг; coordination; психология  ,"Фото и видео, Медицина, Программирование, Координация волонтёров, Психология, Коммуникация","Фото и видео, Медицина, Программирование, Координация волонтёров, Психология, Коммуникация","правозащита,  просвещение,  помощь животным",Правозащита|Образование|Животные,Смешанный,Смешанный,Смешанный, Самара ,Самара,2026-06-01,18.04.2026,01.06.2026,2026-04-18,2026-04-21,published,0.656,0,1,2
task_00222,ngo_0063,Провести психологические консультации для участников кризисного проекта,Волонтёрский центр «Дальневосточное добро»,"Необходимо помочь проекту в направлении «Кризисные ситуации». Важно разобраться в контексте, выполнить работу в срок и подготовить результат, который можно использовать дальше.",Кризисные ситуации,Москва,"- участвовать в супервизии команды;
- соблюдать этику и конфиденциальность;
- вести краткие записи;
- проводить индивидуальные консультации или групповые встречи;","Психология, Фандрайзинг, Программирование","психология,  сбор средств,  web разработка,  tableau","Психология, Фандрайзинг, Программирование, Переводы","Психология, Фандрайзинг, Программирование, Переводы",чс; дети; мигранты; искусство,Кризисные ситуации|Дети и молодёжь|Миграция|Культура и искусство,Оффлайн,Оффлайн,Оффлайн,Москва,Москва,2026-05-14,11.05.2026,14.05.2026,2026-05-11,2026-05-11,closed,0.378,0,3,3
task_00223,ngo_0065,Перевести памятку о правах для мигрантов,АНО «Полезное действие»,"Команде нужна поддержка волонтёра в регионе Челябинск. Задача рассчитана на ответственное участие, аккуратную коммуникацию и передачу результата координатору.",Помощь пожилым,Челябинск,"- адаптировать материалы для аудитории;
- переводить документы и переписку;
- помогать на встречах;
- соблюдать конфиденциальность;","Переводы, Дизайн, SMM",перевод текстов / дизайнер /  смм  / фандрайзинг / координатор,"Переводы, Дизайн, SMM, Фандрайзинг, Координация волонтёров, Программирование","Переводы, Дизайн, SMM, Фандрайзинг, Координация волонтёров, Программирование","старшее поколение,  экология,  здравоохранение,  права человека",Помощь пожилым|Экология|Здравоохранение|Правозащита,Онлайн,Онлайн,Онлайн, Челябинск ,Челябинск,2026-06-01,24.02.2026,01.06.2026,2026-02-24,2026-02-28,published,0.321,0,1,1
task_00224,ngo_0084,Организовать субботник в парке при поддержке НКО,Инициатива «Чистые берега»,Потребуется помощь волонтёр-организатор. Работа связана с направлением «Кризисные ситуации» и предполагает практический результат без лишней бюрократии.,Кризисные ситуации,Воронеж,"- подготовить краткий отчёт;
- решать оперативные вопросы в день проведения;
- координировать участников;
- составить план мероприятия;",Организация мероприятий,  мероприятия  ,Организация мероприятий,Организация мероприятий,"  кризисные ситуации, культура, медицина, ночлежка  ",Кризисные ситуации|Культура и искусство|Здравоохранение|Люди без жилья,Онлайн,Онлайн,Онлайн, ВОРОНЕЖ ,Воронеж,2026-05-14,01.02.2026,14.05.2026,2026-02-01,2026-02-08,published,0.428,0,1,1
task_00225,ngo_0075,Написать и разослать пресс-релиз о мероприятии,Образовательная инициатива «Мой выбор»,"С 23 января 2026 года можно подключиться к проекту и помочь команде закрыть важную часть работы. Подойдёт волонтёр, которому комфортен формат «Оффлайн».",Дети и молодёжь,Санкт-Петербург,"- составлять пресс-релизы;
- помогать с выступлениями спикеров;
- готовить питчи и предложения для СМИ;
- выстраивать контакты с журналистами;",PR,"  PR, ux research  ",PR,PR,  молодежь  ,Дети и молодёжь,Оффлайн,Оффлайн,Оффлайн, Санкт-Петербург ,Санкт-Петербург,2026-06-25,23.01.2026,25.06.2026,2026-01-23,2026-01-25,published,0.337,0,2,0
task_00226,ngo_0047,Проанализировать эффективность работы горячей линии,Благотворительный фонд «Свет надежды»,"До 10 июня 2026 года нужно подготовить результат для команды. Будет полезен человек, который умеет работать самостоятельно и вовремя согласовывать промежуточные шаги.",Образование,Санкт-Петербург,"- построить визуализацию или дашборд;
- подготовить выводы в понятном формате;
- дать рекомендации команде;
- изучить исходные данные;",Аналитика,АНАЛИТИКА,Аналитика,Аналитика,  образование | спорт | миграция | ночлежка  ,Образование|Спорт и ЗОЖ|Миграция|Люди без жилья,Оффлайн,Оффлайн,Оффлайн, Санкт-Петербург ,Санкт-Петербург,2026-06-10,29.03.2026,10.06.2026,2026-03-29,2026-03-30,published,0.928,0,2,4
task_00227,ngo_0036,Провести серию уроков по финансовой грамотности для подростков,Благотворительный фонд «Подари тепло»,Нужна волонтёрская помощь в формате «Смешанный». Основной фокус — довести работу до завершения и передать материалы или выводы координатору.,Спорт и ЗОЖ,Москва,"- подготовить содержание занятия;
- провести занятие или серию встреч;
- скорректировать программу по итогам;
- собрать обратную связь;","Педагогика, SMM, Программирование",преподавание /  смм ,"Педагогика, SMM, Программирование","Педагогика, SMM, Программирование",спорт | приюты | инклюзия,Спорт и ЗОЖ|Животные|Инклюзия,Смешанный,Смешанный,Смешанный,Москва,Москва,2026-06-01,27.03.2026,01.06.2026,2026-03-27,2026-03-28,published,0.689,0,2,0
task_00228,ngo_0030,Провести психологические консультации для участников кризисного проекта,Образовательный проект «Местный лидер»,"Команда ищет участника, который сможет быстро погрузиться в задачу и помочь в направлении «Миграция». Особенно пригодятся навыки: архив и Психология.",Миграция,Новосибирск,"- проводить индивидуальные консультации или групповые встречи;
- соблюдать этику и конфиденциальность;
- участвовать в супервизии команды;
- вести краткие записи;","архив, Психология",  документы  ,"архив, Психология","архив, Психология","адаптация,  юридическая помощь,  пожилые",Миграция|Правозащита|Помощь пожилым,Онлайн,Онлайн,Онлайн,НОВОСИБИРСК,Новосибирск,2026-06-01,06.02.2026,01.06.2026,2026-02-06,2026-02-15,published,0.78,0,5,0
task_00229,ngo_0010,Написать и разослать пресс-релиз о мероприятии,Образовательный проект «Ресурсный класс»,"Это практическая волонтёрская задача с понятным результатом. Нужно внимательно выполнить договорённости, учитывать контекст региона Казань и передать итог команде.",Дети и молодёжь,Казань,"- выстраивать контакты с журналистами;
- готовить питчи и предложения для СМИ;
- помогать с выступлениями спикеров;
- составлять пресс-релизы;","PR, Медицина, Аналитика",пиар; медицина,"PR, Медицина, Аналитика","PR, Медицина, Аналитика",дети и молодёжь,Дети и молодёжь,Оффлайн,Оффлайн,Оффлайн,КАЗАНЬ,Казань,2026-05-18,14.01.2026,18.05.2026,2026-01-14,2026-01-15,published,0.787,0,5,4
task_00230,ngo_0057,Запустить краудфандинговую кампанию на Планете.ру,Центр добровольчества «Самарские добровольцы»,"Мы ищем волонтёр для работы с контентом и коммуникациями, который поможет команде получить понятный и применимый результат. Работа подойдёт человеку, готовому соблюдать договорённости и передать итог координатору.",Животные,Санкт-Петербург,"- подготовить тексты и контент;
- отчитываться об итогах сбора;
- координировать продвижение;
- разработать идею кампании;",Фандрайзинг,fundraising,Фандрайзинг,Фандрайзинг,"приюты,  музеи,  эко",Животные|Культура и искусство|Экология,Онлайн,Онлайн,Онлайн, Санкт-Петербург ,Санкт-Петербург,2026-05-25,26.01.2026,25.05.2026,2026-01-26,2026-01-29,published,0.739,0,5,0
task_00231,ngo_0086,Разработать простой сайт для некоммерческой организации,Волонтёрский центр «Белгородское добровольчество»,"Нам нужен волонтёр-аналитик: предстоит включиться в работу команды, аккуратно выполнить свою часть и согласовать результат. Формат участия — смешанный.",Дети и молодёжь,Нижний Новгород,"- оформить документацию;
- уточнить техническое задание;
- разработать решение;
- протестировать и передать результат;","Программирование, Исследования, помощь на мероприятии",Python | опросы | canva,"Программирование, Исследования, помощь на мероприятии, tableau","Программирование, Исследования, помощь на мероприятии, tableau",  дети и молодёжь / спорт / культура / эко  ,Дети и молодёжь|Спорт и ЗОЖ|Культура и искусство|Экология,Смешанный,Смешанный,Смешанный, Нижний Новгород ,Нижний Новгород,2026-06-25,07.04.2026,25.06.2026,2026-04-07,2026-04-07,published,0.787,0,1,1
task_00232,ngo_0088,Написать и разослать пресс-релиз о мероприятии,АНО «Здесь и сейчас»,"Необходимо помочь проекту в направлении «Люди без жилья». Важно разобраться в контексте, выполнить работу в срок и подготовить результат, который можно использовать дальше.",Люди без жилья,Волгоград,"- составлять пресс-релизы;
- выстраивать контакты с журналистами;
- помогать с выступлениями спикеров;
- готовить питчи и предложения для СМИ;","помощь новичкам, PR",ментор,"помощь новичкам, PR","помощь новичкам, PR",  ночлежка | чс | люди с инвалидностью | помощь пожилым  ,Люди без жилья|Кризисные ситуации|Инклюзия|Помощь пожилым,Оффлайн,Оффлайн,Оффлайн, ВОЛГОГРАД ,Волгоград,2026-06-01,08.02.2026,01.06.2026,2026-02-08,2026-02-13,published,0.858,0,2,2
task_00233,ngo_0007,Провести занятие по рисованию для детей из малообеспеченных семей,Центр добровольчества «Калужские волонтёры»,"Команде нужна поддержка волонтёра в регионе Ростов-на-Дону. Задача рассчитана на ответственное участие, аккуратную коммуникацию и передачу результата координатору.",Инклюзия,Ростов-на-Дону,"- провести занятие или мастер-класс;
- взаимодействовать с куратором;
- поддерживать позитивную атмосферу;
- соблюдать правила безопасности;","Работа с детьми, помощь новичкам, IT","  работа с детьми, менторство  ","Работа с детьми, помощь новичкам, IT","Работа с детьми, помощь новичкам, IT",доступная среда,Инклюзия,Оффлайн,Оффлайн,Оффлайн, Ростов-на-Дону ,Ростов-на-Дону,2026-06-01,31.01.2026,01.06.2026,2026-01-31,2026-02-06,closed,0.765,0,2,0
task_00234,ngo_0036,Разработать программу профориентации для выпускников детдома,Благотворительный фонд «Подари тепло»,Потребуется помощь волонтёр с опытом в визуальных материалах. Работа связана с направлением «Здравоохранение» и предполагает практический результат без лишней бюрократии.,Здравоохранение,Москва,"- провести занятие или серию встреч;
- собрать обратную связь;
- подготовить содержание занятия;
- скорректировать программу по итогам;","Педагогика, Дизайн, Копирайтинг",педагогика; figma,"Педагогика, Дизайн, Копирайтинг","Педагогика, Дизайн, Копирайтинг","медицина,  помощь животным",Здравоохранение|Животные,Онлайн,Онлайн,Онлайн, Москва ,Москва,2026-05-25,14.01.2026,25.05.2026,2026-01-14,2026-01-16,published,0.803,0,5,1
task_00235,ngo_0087,Вести Телеграм-канал организации в течение месяца,Фонд «Право на образование»,"С 24 марта 2026 года можно подключиться к проекту и помочь команде закрыть важную часть работы. Подойдёт волонтёр, которому комфортен формат «Оффлайн».",Здравоохранение,Казань,"- готовить контент-план;
- следить за реакциями и отвечать на комментарии;
- создавать посты и истории;
- анализировать охваты;","SMM, PR, Аналитика",smm; pr; аналитика; правовая помощь,"SMM, PR, Аналитика, Юридические услуги, Коммуникация","SMM, PR, Аналитика, Юридические услуги, Коммуникация",медицина / соц помощь / помощь животным / адаптация,Здравоохранение|Социальная помощь|Животные|Миграция,Оффлайн,Оффлайн,Оффлайн, Казань ,Казань,2026-06-25,24.03.2026,25.06.2026,2026-03-24,2026-03-31,published,0.682,0,2,0
task_00236,ngo_0074,Помочь архивировать документы за несколько лет,АНО «Честный город»,"До 1 июня 2026 года нужно подготовить результат для команды. Будет полезен человек, который умеет работать самостоятельно и вовремя согласовывать промежуточные шаги.",Помощь пожилым,Красноярск,"- создать удобную структуру хранения;
- обучить команду работе с документами;
- разобрать и систематизировать архив;
- провести инвентаризацию;",Работа с документами,документы,Работа с документами,Работа с документами,"помощь пожилым,  экологические проекты,  дети и молодёжь",Помощь пожилым|Экология|Дети и молодёжь,Оффлайн,Оффлайн,Оффлайн,КРАСНОЯРСК,Красноярск,2026-06-01,23.04.2026,01.06.2026,2026-04-23,2026-05-01,published,0.46,0,1,1
task_00237,ngo_0038,Организовать набор волонтёров для уборки территории,Инициатива «Раздельный сбор — общее дело»,Нужна волонтёрская помощь в формате «Онлайн». Основной фокус — довести работу до завершения и передать материалы или выводы координатору.,Кризисные ситуации,Омск,"- проводить вводные встречи;
- вести реестр и распределять задачи;
- поддерживать связь с волонтёрами;
- готовить отчёты по работе команды;","кабинетное исследование, Координация волонтёров, Организация мероприятий","исследования,  координатор","кабинетное исследование, Координация волонтёров, Организация мероприятий","кабинетное исследование, Координация волонтёров, Организация мероприятий",  чс; экология; животные; мигранты  ,Кризисные ситуации|Экология|Животные|Миграция,Онлайн,Онлайн,Онлайн,Омск,Омск,2026-05-18,07.03.2026,18.05.2026,2026-03-07,2026-03-10,published,0.413,0,2,1
task_00238,ngo_0024,Провести занятие по рисованию для детей из малообеспеченных семей,Волонтёрский центр «Тамбовские добровольцы»,"Команда ищет участника, который сможет быстро погрузиться в задачу и помочь в направлении «Сельские территории». Особенно пригодятся навыки: коммуникации и чат-боты.",Сельские территории,Красноярск,"- поддерживать позитивную атмосферу;
- взаимодействовать с куратором;
- соблюдать правила безопасности;
- провести занятие или мастер-класс;","коммуникации, чат-боты",коммуникации,"коммуникации, чат-боты","коммуникации, чат-боты",  сельские территории / старшее поколение / спорт / дети и молодёжь  ,Сельские территории|Помощь пожилым|Спорт и ЗОЖ|Дети и молодёжь,Смешанный,Смешанный,Смешанный,Красноярск,Красноярск,2026-05-25,28.03.2026,25.05.2026,2026-03-28,2026-04-01,published,0.813,0,2,1
task_00239,ngo_0056,Провести психологические консультации для участников кризисного проекта,Волонтёрский центр «Добровольцы Крыма»,"Это практическая волонтёрская задача с понятным результатом. Нужно внимательно выполнить договорённости, учитывать контекст региона Москва и передать итог команде.",Образование,Москва,"- проводить индивидуальные консультации или групповые встречи;
- вести краткие записи;
- участвовать в супервизии команды;
- соблюдать этику и конфиденциальность;","Психология, коммуникации, Аналитика",  психология; ux research  ,"Психология, коммуникации, Аналитика","Психология, коммуникации, Аналитика",  просвещение | люди без жилья  ,Образование|Люди без жилья,Оффлайн,Оффлайн,Оффлайн, Москва ,Москва,2026-06-25,23.01.2026,25.06.2026,2026-01-23,2026-01-25,published,0.297,0,2,4
task_00240,ngo_0053,Стать наставником для выпускника детского дома,АНО «Объединение добрых дел»,"Мы ищем волонтёр с опытом в визуальных материалах, который поможет команде получить понятный и применимый результат. Работа подойдёт человеку, готовому соблюдать договорённости и передать итог координатору.",Животные,Новосибирск,"- регулярно общаться с подопечным;
- участвовать во встречах наставников;
- помогать с конкретными задачами и целями;
- соблюдать конфиденциальность;","Наставничество, Организация мероприятий, Педагогика",наставничество / мероприятия / учитель / интервью / графический дизайн,"Наставничество, Организация мероприятий, Педагогика, Исследования, Дизайн, Фандрайзинг","Наставничество, Организация мероприятий, Педагогика, Исследования, Дизайн, Фандрайзинг","  животные,  пожилые  ",Животные|Помощь пожилым,Онлайн,Онлайн,Онлайн,НОВОСИБИРСК,Новосибирск,2026-05-25,17.04.2026,25.05.2026,2026-04-17,2026-04-19,published,0.186,0,2,1
task_00241,ngo_0052,Провести психологические консультации для участников кризисного проекта,Фонд «Серебряный возраст»,"Нам нужен волонтёр-наставник: предстоит включиться в работу команды, аккуратно выполнить свою часть и согласовать результат. Формат участия — смешанный.",Кризисные ситуации,Санкт-Петербург,"- участвовать в супервизии команды;
- соблюдать этику и конфиденциальность;
- вести краткие записи;
- проводить индивидуальные консультации или групповые встречи;","Психология, Наставничество",психология,"Психология, Наставничество","Психология, Наставничество","экстренная помощь, здравоохранение, зож, помощь пожилым",Кризисные ситуации|Здравоохранение|Спорт и ЗОЖ|Помощь пожилым,Смешанный,Смешанный,Смешанный,САНКТ-ПЕТЕРБУРГ,Санкт-Петербург,2026-06-10,11.04.2026,10.06.2026,2026-04-11,2026-04-17,published,0.54,0,1,5
task_00242,ngo_0046,Написать и разослать пресс-релиз о мероприятии,Просветительская инициатива «Медиаграмотность»,"Необходимо помочь проекту в направлении «Животные». Важно разобраться в контексте, выполнить работу в срок и подготовить результат, который можно использовать дальше.",Животные,Москва,"- готовить питчи и предложения для СМИ;
- составлять пресс-релизы;
- выстраивать контакты с журналистами;
- помогать с выступлениями спикеров;","PR, Организация мероприятий, Медицина","пиар, помощь на мероприятии, медик","PR, Организация мероприятий, Медицина, Фото и видео, таргет","PR, Организация мероприятий, Медицина, Фото и видео, таргет",приюты / ночлежка / здоровый образ жизни / искусство,Животные|Люди без жилья|Спорт и ЗОЖ|Культура и искусство,Онлайн,Онлайн,Онлайн,МОСКВА,Москва,2026-05-25,28.04.2026,25.05.2026,2026-04-28,2026-05-07,published,0.493,0,1,1
task_00243,ngo_0018,Вести Телеграм-канал организации в течение месяца,АНО «Активная позиция»,"Команде нужна поддержка волонтёра в регионе Казань. Задача рассчитана на ответственное участие, аккуратную коммуникацию и передачу результата координатору.",Кризисные ситуации,Казань,"- готовить контент-план;
- создавать посты и истории;
- следить за реакциями и отвечать на комментарии;
- анализировать охваты;","архив, SMM, Психология",работа с документами | smm,"архив, SMM, Психология","архив, SMM, Психология",кризисные ситуации / культура / села,Кризисные ситуации|Культура и искусство|Сельские территории,Онлайн,Онлайн,Онлайн, КАЗАНЬ ,Казань,2026-06-10,26.03.2026,10.06.2026,2026-03-26,2026-03-31,published,0.797,0,2,3
task_00244,ngo_0067,Провести беседу о здоровье для подопечных приюта,Благотворительный фонд «Лучший день»,Потребуется помощь волонтёр с вниманием к документам. Работа связана с направлением «Правозащита» и предполагает практический результат без лишней бюрократии.,Правозащита,Москва,"- взаимодействовать с командой;
- участвовать в выезде или приёме;
- вести краткую документацию;
- помогать с документами для подопечных;","Медицина, IT",медицинская помощь; таргет,"Медицина, IT","Медицина, IT","юридическая помощь, дети",Правозащита|Дети и молодёжь,Онлайн,Онлайн,Онлайн,МОСКВА,Москва,2026-06-01,15.03.2026,01.06.2026,2026-03-15,2026-03-20,published,0.838,0,2,1
task_00245,ngo_0025,Написать и разослать пресс-релиз о мероприятии,АНО «Голос сообщества»,"С 4 мая 2026 года можно подключиться к проекту и помочь команде закрыть важную часть работы. Подойдёт волонтёр, которому комфортен формат «Онлайн».",Миграция,Екатеринбург,"- выстраивать контакты с журналистами;
- помогать с выступлениями спикеров;
- составлять пресс-релизы;
- готовить питчи и предложения для СМИ;","PR, Психология, Фото и видео",  pr / психологическая поддержка / sql  ,"PR, Психология, Фото и видео","PR, Психология, Фото и видео","мигранты,  правозащита,  эко",Миграция|Правозащита|Экология,Онлайн,Онлайн,Онлайн,Екатеринбург,Екатеринбург,2026-05-18,04.05.2026,18.05.2026,2026-05-04,2026-05-09,published,0.736,0,2,0
task_00246,ngo_0053,Написать серию материалов о подопечных для сайта и соцсетей,АНО «Объединение добрых дел»,"До 25 мая 2026 года нужно подготовить результат для команды. Будет полезен человек, который умеет работать самостоятельно и вовремя согласовывать промежуточные шаги.",Дети и молодёжь,Пермь,"- писать тексты по брифу и структуре;
- брать короткие интервью у подопечных;
- выдерживать тон и стиль бренда;
- редактировать материалы команды;","Копирайтинг, Программирование, PR","  редактура, js, медиа, social media  ","Копирайтинг, Программирование, PR, SMM, Юридические услуги","Копирайтинг, Программирование, PR, SMM, Юридические услуги",дети | пожилые,Дети и молодёжь|Помощь пожилым,Оффлайн,Оффлайн,Оффлайн, Пермь ,Пермь,2026-05-25,07.04.2026,25.05.2026,2026-04-07,2026-04-09,published,0.334,0,1,1
task_00247,ngo_0003,Настроить автопостинг и контент-план ВКонтакте,АНО «Социальный ориентир»,Нужна волонтёрская помощь в формате «Оффлайн». Основной фокус — довести работу до завершения и передать материалы или выводы координатору.,Сельские территории,Воронеж,"- готовить контент-план;
- анализировать охваты;
- создавать посты и истории;
- следить за реакциями и отвечать на комментарии;","SMM, Копирайтинг", смм ,"SMM, Копирайтинг","SMM, Копирайтинг",малые города / люди с инвалидностью / юридическая помощь,Сельские территории|Инклюзия|Правозащита,Оффлайн,Оффлайн,Оффлайн,Воронеж,Воронеж,2026-05-18,26.01.2026,18.05.2026,2026-01-26,2026-02-01,published,0.96,0,1,4
task_00248,ngo_0043,Организовать набор волонтёров для уборки территории,НКО «Право на жизнь»,"Команда ищет участника, который сможет быстро погрузиться в задачу и помочь в направлении «Социальная помощь». Особенно пригодятся навыки: Координация волонтёров, коммуникации и Переводы.",Социальная помощь,Новосибирск,"- вести реестр и распределять задачи;
- готовить отчёты по работе команды;
- поддерживать связь с волонтёрами;
- проводить вводные встречи;","Координация волонтёров, коммуникации, Переводы",координатор | поддержка | перевод текстов,"Координация волонтёров, коммуникации, Переводы, Медицина","Координация волонтёров, коммуникации, Переводы, Медицина",помощь людям,Социальная помощь,Оффлайн,Оффлайн,Оффлайн, Новосибирск ,Новосибирск,2026-06-25,02.04.2026,25.06.2026,2026-04-02,2026-04-09,published,0.777,0,1,1
task_00249,ngo_0037,Написать серию материалов о подопечных для сайта и соцсетей,АНО «Участие»,"Это практическая волонтёрская задача с понятным результатом. Нужно внимательно выполнить договорённости, учитывать контекст региона Санкт-Петербург и передать итог команде.",Спорт и ЗОЖ,Санкт-Петербург,"- выдерживать тон и стиль бренда;
- брать короткие интервью у подопечных;
- писать тексты по брифу и структуре;
- редактировать материалы команды;","Копирайтинг, Медицина",редактура,"Копирайтинг, Медицина","Копирайтинг, Медицина",спорт | миграция,Спорт и ЗОЖ|Миграция,Онлайн,Онлайн,Онлайн,Санкт-Петербург,Санкт-Петербург,2026-06-10,12.02.2026,10.06.2026,2026-02-12,2026-02-20,published,0.735,0,1,2
task_00250,ngo_0063,Помочь архивировать документы за несколько лет,Волонтёрский центр «Дальневосточное добро»,"Мы ищем волонтёр-аналитик, который поможет команде получить понятный и применимый результат. Работа подойдёт человеку, готовому соблюдать договорённости и передать итог координатору.",Спорт и ЗОЖ,Казань,"- создать удобную структуру хранения;
- разобрать и систематизировать архив;
- обучить команду работе с документами;
- провести инвентаризацию;","Работа с документами, Юридические услуги, Аналитика",  делопроизводство; правовая помощь; АНАЛИТИКА; медицинская помощь; сбор средств  ,"Работа с документами, Юридические услуги, Аналитика, Медицина, Фандрайзинг, Программирование","Работа с документами, Юридические услуги, Аналитика, Медицина, Фандрайзинг, Программирование",зож,Спорт и ЗОЖ,Онлайн,Онлайн,Онлайн,КАЗАНЬ,Казань,2026-05-18,15.04.2026,18.05.2026,2026-04-15,2026-04-24,moderation,0.726,0,3,2
task_00251,ngo_0077,Запустить краудфандинговую кампанию на Планете.ру,Инициатива «Гуманитарная связь»,"Нам нужен волонтёр для работы с контентом и коммуникациями: предстоит включиться в работу команды, аккуратно выполнить свою часть и согласовать результат. Формат участия — онлайн.",Животные,Москва,"- подготовить тексты и контент;
- разработать идею кампании;
- отчитываться об итогах сбора;
- координировать продвижение;",Фандрайзинг,  fundraising  ,Фандрайзинг,Фандрайзинг,"  животные, искусство  ",Животные|Культура и искусство,Онлайн,Онлайн,Онлайн, МОСКВА ,Москва,2026-06-25,02.04.2026,25.06.2026,2026-04-02,2026-04-08,published,0.962,0,1,5
task_00252,ngo_0047,Провести психологические консультации для участников кризисного проекта,Благотворительный фонд «Свет надежды»,"Необходимо помочь проекту в направлении «Социальная помощь». Важно разобраться в контексте, выполнить работу в срок и подготовить результат, который можно использовать дальше.",Социальная помощь,Уфа,"- проводить индивидуальные консультации или групповые встречи;
- соблюдать этику и конфиденциальность;
- участвовать в супервизии команды;
- вести краткие записи;",Психология,психология,Психология,Психология,социальная помощь / правозащита / здравоохранение,Социальная помощь|Правозащита|Здравоохранение,Онлайн,Онлайн,Онлайн,Уфа,Уфа,2026-05-25,29.01.2026,25.05.2026,2026-01-29,2026-02-02,published,0.845,0,2,4
task_00253,ngo_0075,Провести первичный обзвон новых участников программы,Образовательная инициатива «Мой выбор»,"Команде нужна поддержка волонтёра в регионе Санкт-Петербург. Задача рассчитана на ответственное участие, аккуратную коммуникацию и передачу результата координатору.",Животные,Санкт-Петербург,"- отвечать на запросы по телефону или в мессенджере;
- вести переписку с участниками;
- фиксировать обращения в базе;
- обрабатывать входящие обращения;","Коммуникация, Переводы, SMM",  поддержка; переводчик; ведение соцсетей  ,"Коммуникация, Переводы, SMM, Организация мероприятий","Коммуникация, Переводы, SMM, Организация мероприятий",животные | образование | села,Животные|Образование|Сельские территории,Смешанный,Смешанный,Смешанный, Санкт-Петербург ,Санкт-Петербург,2026-07-10,09.02.2026,10.07.2026,2026-02-09,2026-02-13,published,0.903,0,1,2
task_00254,ngo_0059,Подготовить пресс-кит для привлечения партнёров,Образовательный центр «Доступная наука»,Потребуется помощь волонтёр с опытом в визуальных материалах. Работа связана с направлением «Дети и молодёжь» и предполагает практический результат без лишней бюрократии.,Дети и молодёжь,Екатеринбург,"- редактировать материалы команды;
- брать короткие интервью у подопечных;
- писать тексты по брифу и структуре;
- выдерживать тон и стиль бренда;","Копирайтинг, Коммуникация, IT",редактура | коммуникация,"Копирайтинг, Коммуникация, IT","Копирайтинг, Коммуникация, IT",дети; помощь людям; обучение; права человека,Дети и молодёжь|Социальная помощь|Образование|Правозащита,Онлайн,Онлайн,Онлайн, Екатеринбург ,Екатеринбург,2026-05-25,21.03.2026,25.05.2026,2026-03-21,2026-03-21,published,0.634,0,1,0
task_00255,ngo_0076,Провести занятие по рисованию для детей из малообеспеченных семей,Благотворительный фонд «Маленький принц»,"С 2 февраля 2026 года можно подключиться к проекту и помочь команде закрыть важную часть работы. Подойдёт волонтёр, которому комфортен формат «Онлайн».",Кризисные ситуации,Санкт-Петербург,"- провести занятие или мастер-класс;
- взаимодействовать с куратором;
- соблюдать правила безопасности;
- поддерживать позитивную атмосферу;","coordination, Работа с детьми, Переводы",coordination | занятия с детьми,"coordination, Работа с детьми, Переводы","coordination, Работа с детьми, Переводы",  чс  ,Кризисные ситуации,Онлайн,Онлайн,Онлайн,САНКТ-ПЕТЕРБУРГ,Санкт-Петербург,2026-06-10,02.02.2026,10.06.2026,2026-02-02,2026-02-03,published,0.663,0,3,1
task_00256,ngo_0047,Снять документальный ролик о работе приюта для животных,Благотворительный фонд «Свет надежды»,"До 1 июня 2026 года нужно подготовить результат для команды. Будет полезен человек, который умеет работать самостоятельно и вовремя согласовывать промежуточные шаги.",Спорт и ЗОЖ,Санкт-Петербург,"- соблюдать этику при работе с людьми;
- передавать итоговые файлы команде;
- снимать на мероприятиях;
- обрабатывать материалы;","Фото и видео, prompt engineering, Юридические услуги",фотография | no-code | юридические услуги,"Фото и видео, prompt engineering, Юридические услуги, Переводы","Фото и видео, prompt engineering, Юридические услуги, Переводы",зож; инклюзия; кризисные ситуации; экологические проекты,Спорт и ЗОЖ|Инклюзия|Кризисные ситуации|Экология,Оффлайн,Оффлайн,Оффлайн,САНКТ-ПЕТЕРБУРГ,Санкт-Петербург,2026-06-01,08.04.2026,01.06.2026,2026-04-08,2026-04-09,published,0.901,0,2,1
task_00257,ngo_0033,Провести занятие по рисованию для детей из малообеспеченных семей,Социальная инициатива «Наш дом — природа»,Нужна волонтёрская помощь в формате «Оффлайн». Основной фокус — довести работу до завершения и передать материалы или выводы координатору.,Социальная помощь,Самара,"- провести занятие или мастер-класс;
- взаимодействовать с куратором;
- поддерживать позитивную атмосферу;
- соблюдать правила безопасности;","coordination, Работа с детьми",coordination,"coordination, Работа с детьми","coordination, Работа с детьми",  соц помощь / сельские территории  ,Социальная помощь|Сельские территории,Оффлайн,Оффлайн,Оффлайн,САМАРА,Самара,2026-05-18,12.02.2026,18.05.2026,2026-02-12,2026-02-14,published,0.626,0,2,1
task_00258,ngo_0085,Организовать субботник в парке при поддержке НКО,Социальная инициатива «Ночная смена»,"Команда ищет участника, который сможет быстро погрузиться в задачу и помочь в направлении «Люди без жилья». Особенно пригодятся навыки: Организация мероприятий и Фандрайзинг.",Люди без жилья,Москва,"- решать оперативные вопросы в день проведения;
- составить план мероприятия;
- координировать участников;
- подготовить краткий отчёт;","Организация мероприятий, Фандрайзинг",мероприятия,"Организация мероприятий, Фандрайзинг","Организация мероприятий, Фандрайзинг",  ночлежка; старшее поколение  ,Люди без жилья|Помощь пожилым,Онлайн,Онлайн,Онлайн,МОСКВА,Москва,2026-05-18,18.01.2026,18.05.2026,2026-01-18,2026-01-27,published,0.834,0,1,2
task_00259,ngo_0079,Снять документальный ролик о работе приюта для животных,Центр добровольчества «Уральские волонтёры»,"Это практическая волонтёрская задача с понятным результатом. Нужно внимательно выполнить договорённости, учитывать контекст региона Москва и передать итог команде.",Миграция,Москва,"- передавать итоговые файлы команде;
- снимать на мероприятиях;
- соблюдать этику при работе с людьми;
- обрабатывать материалы;","Фото и видео, Аналитика, Фандрайзинг",reels / аналитика / fundraising / первая помощь,"Фото и видео, Аналитика, Фандрайзинг, Медицина, Программирование","Фото и видео, Аналитика, Фандрайзинг, Медицина, Программирование",мигранты / бездомные,Миграция|Люди без жилья,Смешанный,Смешанный,Смешанный,Москва,Москва,2026-06-10,04.05.2026,10.06.2026,2026-05-04,2026-05-11,published,0.854,0,2,3
task_00260,ngo_0086,Проанализировать эффективность работы горячей линии,Волонтёрский центр «Белгородское добровольчество»,"Мы ищем волонтёр с опытом в визуальных материалах, который поможет команде получить понятный и применимый результат. Работа подойдёт человеку, готовому соблюдать договорённости и передать итог координатору.",Помощь пожилым,Санкт-Петербург,"- изучить исходные данные;
- подготовить выводы в понятном формате;
- построить визуализацию или дашборд;
- дать рекомендации команде;","Аналитика, Переводы, Программирование","АНАЛИТИКА, переводчик, web разработка","Аналитика, Переводы, Программирование, Фото и видео","Аналитика, Переводы, Программирование, Фото и видео",старшее поколение | мигранты,Помощь пожилым|Миграция,Онлайн,Онлайн,Онлайн, САНКТ-ПЕТЕРБУРГ ,Санкт-Петербург,2026-06-01,25.02.2026,01.06.2026,2026-02-25,2026-02-28,published,0.632,0,3,1
task_00261,ngo_0087,Провести занятие по рисованию для детей из малообеспеченных семей,Фонд «Право на образование»,"Нам нужен волонтёр-наставник: предстоит включиться в работу команды, аккуратно выполнить свою часть и согласовать результат. Формат участия — смешанный.",Образование,Казань,"- взаимодействовать с куратором;
- провести занятие или мастер-класс;
- поддерживать позитивную атмосферу;
- соблюдать правила безопасности;","архив, Работа с детьми, Юридические услуги","архив, дети, ux research","архив, Работа с детьми, Юридические услуги","архив, Работа с детьми, Юридические услуги",образование | помощь животным,Образование|Животные,Смешанный,Смешанный,Смешанный, КАЗАНЬ ,Казань,2026-06-10,14.03.2026,10.06.2026,2026-03-14,2026-03-16,published,0.709,0,1,4
task_00262,ngo_0064,Сфотографировать мероприятие для отчёта и соцсетей,АНО «Шаг вперёд»,"Необходимо помочь проекту в направлении «Здравоохранение». Важно разобраться в контексте, выполнить работу в срок и подготовить результат, который можно использовать дальше.",Здравоохранение,Челябинск,"- соблюдать этику при работе с людьми;
- снимать на мероприятиях;
- обрабатывать материалы;
- передавать итоговые файлы команде;","Фото и видео, аниматор, PR","фото и видео, работа с детьми","Фото и видео, аниматор, PR","Фото и видео, аниматор, PR",медицина,Здравоохранение,Онлайн,Онлайн,Онлайн,Челябинск,Челябинск,2026-05-25,21.03.2026,25.05.2026,2026-03-21,2026-03-24,published,0.61,0,5,1
task_00263,ngo_0026,Провести занятие по рисованию для детей из малообеспеченных семей,Просветительский центр «Наставник»,"Команде нужна поддержка волонтёра в регионе Ростов-на-Дону. Задача рассчитана на ответственное участие, аккуратную коммуникацию и передачу результата координатору.",Здравоохранение,Ростов-на-Дону,"- соблюдать правила безопасности;
- взаимодействовать с куратором;
- провести занятие или мастер-класс;
- поддерживать позитивную атмосферу;","coordination, Работа с детьми",coordination,"coordination, Работа с детьми","coordination, Работа с детьми",медицина | сельские территории | музеи,Здравоохранение|Сельские территории|Культура и искусство,Онлайн,Онлайн,Онлайн,Ростов-на-Дону,Ростов-на-Дону,2026-07-10,05.04.2026,10.07.2026,2026-04-05,2026-04-07,published,0.734,0,1,2
task_00264,ngo_0078,Участвовать в выездном медицинском пункте для бездомных,Фонд «Доступная жизнь»,Потребуется помощь волонтёр-копирайтер. Работа связана с направлением «Кризисные ситуации» и предполагает практический результат без лишней бюрократии.,Кризисные ситуации,Санкт-Петербург,"- взаимодействовать с командой;
- помогать с документами для подопечных;
- вести краткую документацию;
- участвовать в выезде или приёме;","Медицина, Психология, Юридические услуги",медицинская помощь; эмоциональная поддержка; юрист; поддержка,"Медицина, Психология, Юридические услуги, Коммуникация, Копирайтинг","Медицина, Психология, Юридические услуги, Коммуникация, Копирайтинг",кризисные ситуации | люди без жилья | молодежь,Кризисные ситуации|Люди без жилья|Дети и молодёжь,Онлайн,Онлайн,Онлайн,Санкт-Петербург,Санкт-Петербург,2026-05-25,10.04.2026,25.05.2026,2026-04-10,2026-04-10,published,0.871,0,5,3
task_00265,ngo_0081,Помочь с организацией дня донора крови,Благотворительный фонд «Добрый след»,"С 4 мая 2026 года можно подключиться к проекту и помочь команде закрыть важную часть работы. Подойдёт волонтёр, которому комфортен формат «Онлайн».",Социальная помощь,Казань,"- участвовать в выезде или приёме;
- взаимодействовать с командой;
- вести краткую документацию;
- помогать с документами для подопечных;",аниматор,"занятия с детьми,  tableau",аниматор,аниматор,  помощь людям; люди с инвалидностью; здоровье; образование  ,Социальная помощь|Инклюзия|Здравоохранение|Образование,Онлайн,Онлайн,Онлайн,Казань,Казань,2026-05-18,04.05.2026,18.05.2026,2026-05-04,2026-05-07,published,0.631,0,1,4
task_00266,ngo_0025,Провести занятие по рисованию для детей из малообеспеченных семей,АНО «Голос сообщества»,"До 16 мая 2026 года нужно подготовить результат для команды. Будет полезен человек, который умеет работать самостоятельно и вовремя согласовывать промежуточные шаги.",Помощь пожилым,Новосибирск,"- соблюдать правила безопасности;
- провести занятие или мастер-класс;
- поддерживать позитивную атмосферу;
- взаимодействовать с куратором;","Работа с детьми, Медицина, SMM",занятия с детьми / медицинская помощь,"Работа с детьми, Медицина, SMM","Работа с детьми, Медицина, SMM",  пожилые; сельские территории  ,Помощь пожилым|Сельские территории,Онлайн,Онлайн,Онлайн, НОВОСИБИРСК ,Новосибирск,2026-05-16,10.04.2026,16.05.2026,2026-04-10,2026-04-11,published,0.724,0,5,1
task_00267,ngo_0052,Запустить краудфандинговую кампанию на Планете.ру,Фонд «Серебряный возраст»,Нужна волонтёрская помощь в формате «Оффлайн». Основной фокус — довести работу до завершения и передать материалы или выводы координатору.,Сельские территории,Санкт-Петербург,"- координировать продвижение;
- разработать идею кампании;
- подготовить тексты и контент;
- отчитываться об итогах сбора;",Фандрайзинг,сбор средств,Фандрайзинг,Фандрайзинг,малые города; доступная среда; права человека,Сельские территории|Инклюзия|Правозащита,Оффлайн,Оффлайн,Оффлайн,Санкт-Петербург,Санкт-Петербург,2026-06-10,10.03.2026,10.06.2026,2026-03-10,2026-03-14,moderation,0.921,0,1,1
task_00268,ngo_0032,Перевести памятку о правах для мигрантов,Волонтёрский центр «Добрые руки Поволжья»,"Команда ищет участника, который сможет быстро погрузиться в задачу и помочь в направлении «Люди без жилья». Особенно пригодятся навыки: Переводы, PR и Работа с детьми.",Люди без жилья,Красноярск,"- переводить документы и переписку;
- адаптировать материалы для аудитории;
- соблюдать конфиденциальность;
- помогать на встречах;","Переводы, PR, Работа с детьми",перевод текстов / PR,"Переводы, PR, Работа с детьми","Переводы, PR, Работа с детьми","  бездомные,  искусство,  старшее поколение,  экологические проекты  ",Люди без жилья|Культура и искусство|Помощь пожилым|Экология,Онлайн,Онлайн,Онлайн,Красноярск,Красноярск,2026-05-25,14.04.2026,25.05.2026,2026-04-14,2026-04-15,published,0.56,0,2,0
task_00269,ngo_0058,Написать и разослать пресс-релиз о мероприятии,Центр добровольчества «Здесь помогут»,"Это практическая волонтёрская задача с понятным результатом. Нужно внимательно выполнить договорённости, учитывать контекст региона Москва и передать итог команде.",Животные,Москва,"- готовить питчи и предложения для СМИ;
- составлять пресс-релизы;
- выстраивать контакты с журналистами;
- помогать с выступлениями спикеров;","PR, Наставничество",связи с общественностью,"PR, Наставничество","PR, Наставничество",животные | здоровый образ жизни | миграция | здравоохранение,Животные|Спорт и ЗОЖ|Миграция|Здравоохранение,Онлайн,Онлайн,Онлайн,МОСКВА,Москва,2026-05-25,05.02.2026,25.05.2026,2026-02-05,2026-02-12,draft,0.955,0,3,3
task_00270,ngo_0071,Написать и разослать пресс-релиз о мероприятии,АНО «Сила участия»,"Мы ищем волонтёр-организатор, который поможет команде получить понятный и применимый результат. Работа подойдёт человеку, готовому соблюдать договорённости и передать итог координатору.",Культура и искусство,Красноярск,"- готовить питчи и предложения для СМИ;
- помогать с выступлениями спикеров;
- составлять пресс-релизы;
- выстраивать контакты с журналистами;","PR, Организация мероприятий",медиа,"PR, Организация мероприятий","PR, Организация мероприятий",  искусство  ,Культура и искусство,Онлайн,Онлайн,Онлайн, Красноярск ,Красноярск,2026-06-01,11.05.2026,01.06.2026,2026-05-11,2026-05-11,published,0.861,0,2,3
task_00271,ngo_0080,Проверить договоры организации на соответствие законодательству,Центр добровольчества «Балтийские волонтёры»,"Нам нужен волонтёр с опытом в визуальных материалах: предстоит включиться в работу команды, аккуратно выполнить свою часть и согласовать результат. Формат участия — оффлайн.",Образование,Пермь,"- объяснять правовые вопросы простым языком;
- подготавливать шаблоны и памятки;
- проводить консультации по запросу;
- проверять документы;","Юридические услуги, Фото и видео",юридические услуги / canva,"Юридические услуги, Фото и видео","Юридические услуги, Фото и видео",  просвещение / миграция  ,Образование|Миграция,Оффлайн,Оффлайн,Оффлайн,ПЕРМЬ,Пермь,2026-06-10,01.05.2026,10.06.2026,2026-05-01,2026-05-08,published,0.617,0,1,2
task_00272,ngo_0078,Провести серию уроков по финансовой грамотности для подростков,Фонд «Доступная жизнь»,"Необходимо помочь проекту в направлении «Инклюзия». Важно разобраться в контексте, выполнить работу в срок и подготовить результат, который можно использовать дальше.",Инклюзия,Новосибирск,"- скорректировать программу по итогам;
- подготовить содержание занятия;
- собрать обратную связь;
- провести занятие или серию встреч;","Педагогика, Координация волонтёров",преподавание,"Педагогика, Координация волонтёров","Педагогика, Координация волонтёров",люди с инвалидностью,Инклюзия,Онлайн,Онлайн,Онлайн, Новосибирск ,Новосибирск,2026-06-01,19.02.2026,01.06.2026,2026-02-19,2026-02-23,published,0.485,0,5,1
task_00273,ngo_0038,Проанализировать эффективность работы горячей линии,Инициатива «Раздельный сбор — общее дело»,"Команде нужна поддержка волонтёра в регионе Москва. Задача рассчитана на ответственное участие, аккуратную коммуникацию и передачу результата координатору.",Культура и искусство,Москва,"- изучить исходные данные;
- подготовить выводы в понятном формате;
- дать рекомендации команде;
- построить визуализацию или дашборд;","Аналитика, архив, Юридические услуги",АНАЛИТИКА | работа с документами | юрист | no-code | тьютор,"Аналитика, архив, Юридические услуги, IT, Педагогика, SMM","Аналитика, архив, Юридические услуги, IT, Педагогика, SMM","искусство,  спорт",Культура и искусство|Спорт и ЗОЖ,Оффлайн,Оффлайн,Оффлайн,МОСКВА,Москва,2026-05-25,24.01.2026,25.05.2026,2026-01-24,2026-01-27,published,0.865,0,1,1
task_00274,ngo_0012,Разработать простой сайт для некоммерческой организации,Центр добровольчества «Единство»,Потребуется помощь волонтёр-аналитик. Работа связана с направлением «Кризисные ситуации» и предполагает практический результат без лишней бюрократии.,Кризисные ситуации,Ростов-на-Дону,"- разработать решение;
- уточнить техническое задание;
- протестировать и передать результат;
- оформить документацию;","Программирование, Наставничество, Юридические услуги",программирование; ментор; договоры; аниматор; общение,"Программирование, Наставничество, Юридические услуги, Работа с детьми, Коммуникация, Исследования","Программирование, Наставничество, Юридические услуги, Работа с детьми, Коммуникация, Исследования",чс,Кризисные ситуации,Онлайн,Онлайн,Онлайн, Ростов-на-Дону ,Ростов-на-Дону,2026-06-01,08.05.2026,01.06.2026,2026-05-08,2026-05-11,published,0.76,0,3,1
task_00275,ngo_0061,Провести психологические консультации для участников кризисного проекта,Социальная инициатива «Бесплатный репетитор»,"С 23 апреля 2026 года можно подключиться к проекту и помочь команде закрыть важную часть работы. Подойдёт волонтёр, которому комфортен формат «Онлайн».",Спорт и ЗОЖ,Нижний Новгород,"- участвовать в супервизии команды;
- соблюдать этику и конфиденциальность;
- вести краткие записи;
- проводить индивидуальные консультации или групповые встречи;","Психология, PR, Работа с детьми",психологическая поддержка; pr; работа с детьми,"Психология, PR, Работа с детьми, Работа с документами","Психология, PR, Работа с детьми, Работа с документами",спорт | старшее поколение | соц помощь,Спорт и ЗОЖ|Помощь пожилым|Социальная помощь,Онлайн,Онлайн,Онлайн,Нижний Новгород,Нижний Новгород,2026-05-18,23.04.2026,18.05.2026,2026-04-23,2026-04-25,published,0.557,0,1,2
task_00276,ngo_0077,Проанализировать эффективность работы горячей линии,Инициатива «Гуманитарная связь»,"До 10 июня 2026 года нужно подготовить результат для команды. Будет полезен человек, который умеет работать самостоятельно и вовремя согласовывать промежуточные шаги.",Миграция,Уфа,"- изучить исходные данные;
- дать рекомендации команде;
- построить визуализацию или дашборд;
- подготовить выводы в понятном формате;","Аналитика, Фото и видео, Коммуникация","  таблицы,  фото и видео,  canva  ","Аналитика, Фото и видео, Коммуникация","Аналитика, Фото и видео, Коммуникация",адаптация; малые города; экология; люди без жилья,Миграция|Сельские территории|Экология|Люди без жилья,Оффлайн,Оффлайн,Оффлайн, Уфа ,Уфа,2026-06-10,29.01.2026,10.06.2026,2026-01-29,2026-02-07,closed,0.348,0,2,3
task_00277,ngo_0040,Подготовить аналитику по целевой аудитории проекта,АНО «Взаимодействие»,Нужна волонтёрская помощь в формате «Оффлайн». Основной фокус — довести работу до завершения и передать материалы или выводы координатору.,Культура и искусство,Казань,"- построить визуализацию или дашборд;
- дать рекомендации команде;
- подготовить выводы в понятном формате;
- изучить исходные данные;","Аналитика, SMM",аналитика,"Аналитика, SMM","Аналитика, SMM",искусство | экология,Культура и искусство|Экология,Оффлайн,Оффлайн,Оффлайн, КАЗАНЬ ,Казань,2026-05-25,12.03.2026,25.05.2026,2026-03-12,2026-03-14,published,0.551,0,2,6
task_00278,ngo_0045,Провести серию уроков по финансовой грамотности для подростков,Волонтёрский центр «Псковские добровольцы»,"Команда ищет участника, который сможет быстро погрузиться в задачу и помочь в направлении «Дети и молодёжь». Особенно пригодятся навыки: Педагогика и Коммуникация.",Дети и молодёжь,Москва,"- собрать обратную связь;
- провести занятие или серию встреч;
- скорректировать программу по итогам;
- подготовить содержание занятия;","Педагогика, Коммуникация",учитель,"Педагогика, Коммуникация","Педагогика, Коммуникация","дети и молодёжь, зож, помощь пожилым",Дети и молодёжь|Спорт и ЗОЖ|Помощь пожилым,Онлайн,Онлайн,Онлайн,Москва,Москва,2026-05-18,22.02.2026,18.05.2026,2026-02-22,2026-03-01,published,0.86,0,1,1
task_00279,ngo_0083,Написать и разослать пресс-релиз о мероприятии,АНО «Дом возможностей»,"Это практическая волонтёрская задача с понятным результатом. Нужно внимательно выполнить договорённости, учитывать контекст региона Ростов-на-Дону и передать итог команде.",Сельские территории,Ростов-на-Дону,"- выстраивать контакты с журналистами;
- помогать с выступлениями спикеров;
- готовить питчи и предложения для СМИ;
- составлять пресс-релизы;","PR, Фандрайзинг, Фото и видео",связи с общественностью | донаты,"PR, Фандрайзинг, Фото и видео","PR, Фандрайзинг, Фото и видео",сельские территории | адаптация | здравоохранение | приюты,Сельские территории|Миграция|Здравоохранение|Животные,Онлайн,Онлайн,Онлайн, РОСТОВ-НА-ДОНУ ,Ростов-на-Дону,2026-05-18,05.05.2026,18.05.2026,2026-05-05,2026-05-08,published,0.713,0,1,2
task_00280,ngo_0048,Проверить договоры организации на соответствие законодательству,Благотворительный фонд «Живём вместе»,"Мы ищем волонтёр с опытом в визуальных материалах, который поможет команде получить понятный и применимый результат. Работа подойдёт человеку, готовому соблюдать договорённости и передать итог координатору.",Помощь пожилым,Екатеринбург,"- проводить консультации по запросу;
- подготавливать шаблоны и памятки;
- объяснять правовые вопросы простым языком;
- проверять документы;","Юридические услуги, Координация волонтёров, Аналитика",  юрист | coordination |  анализ данных  | графический дизайн | prompt engineering  ,"Юридические услуги, Координация волонтёров, Аналитика, Дизайн, prompt engineering, Наставничество","Юридические услуги, Координация волонтёров, Аналитика, Дизайн, prompt engineering, Наставничество",помощь пожилым; медицина; кризисные ситуации,Помощь пожилым|Здравоохранение|Кризисные ситуации,Смешанный,Смешанный,Смешанный,ЕКАТЕРИНБУРГ,Екатеринбург,2026-05-25,08.04.2026,25.05.2026,2026-04-08,2026-04-10,published,0.76,0,1,1
task_00281,ngo_0022,Написать и разослать пресс-релиз о мероприятии,Центр добровольчества «Воронежские добровольцы»,"Нам нужен волонтёр-организатор: предстоит включиться в работу команды, аккуратно выполнить свою часть и согласовать результат. Формат участия — оффлайн.",Культура и искусство,Воронеж,"- выстраивать контакты с журналистами;
- помогать с выступлениями спикеров;
- составлять пресс-релизы;
- готовить питчи и предложения для СМИ;","PR, Организация мероприятий",  связи с общественностью  ,"PR, Организация мероприятий","PR, Организация мероприятий",искусство | соц помощь | бездомные,Культура и искусство|Социальная помощь|Люди без жилья,Оффлайн,Оффлайн,Оффлайн,ВОРОНЕЖ,Воронеж,2026-06-25,05.04.2026,25.06.2026,2026-04-05,2026-04-10,published,0.115,0,5,2
task_00282,ngo_0017,Перевести памятку о правах для мигрантов,Просветительская инициатива «Не молчи»,"Необходимо помочь проекту в направлении «Люди без жилья». Важно разобраться в контексте, выполнить работу в срок и подготовить результат, который можно использовать дальше.",Люди без жилья,Санкт-Петербург,"- соблюдать конфиденциальность;
- переводить документы и переписку;
- адаптировать материалы для аудитории;
- помогать на встречах;","Переводы, Коммуникация, Педагогика",переводчик | коммуникация,"Переводы, Коммуникация, Педагогика","Переводы, Коммуникация, Педагогика",люди без жилья | эко | правозащита,Люди без жилья|Экология|Правозащита,Оффлайн,Оффлайн,Оффлайн,САНКТ-ПЕТЕРБУРГ,Санкт-Петербург,2026-06-10,24.02.2026,10.06.2026,2026-02-24,2026-02-24,moderation,0.297,0,1,3
task_00283,ngo_0052,Снять документальный ролик о работе приюта для животных,Фонд «Серебряный возраст»,"Команде нужна поддержка волонтёра в регионе Уфа. Задача рассчитана на ответственное участие, аккуратную коммуникацию и передачу результата координатору.",Миграция,Уфа,"- обрабатывать материалы;
- передавать итоговые файлы команде;
- снимать на мероприятиях;
- соблюдать этику при работе с людьми;","привлечение средств, кабинетное исследование, Фото и видео","привлечение средств, исследования, видео","привлечение средств, кабинетное исследование, Фото и видео, Медицина","привлечение средств, кабинетное исследование, Фото и видео, Медицина","  адаптация, спорт, старшее поколение  ",Миграция|Спорт и ЗОЖ|Помощь пожилым,Онлайн,Онлайн,Онлайн,Уфа,Уфа,2026-05-16,29.01.2026,16.05.2026,2026-01-29,2026-01-30,published,0.865,0,2,2
task_00284,ngo_0003,Провести психологические консультации для участников кризисного проекта,АНО «Социальный ориентир»,Потребуется помощь волонтёр-аналитик. Работа связана с направлением «Здравоохранение» и предполагает практический результат без лишней бюрократии.,Здравоохранение,Воронеж,"- проводить индивидуальные консультации или групповые встречи;
- соблюдать этику и конфиденциальность;
- участвовать в супервизии команды;
- вести краткие записи;","Психология, Юридические услуги, PR",психология | юрист | PR,"Психология, Юридические услуги, PR, Аналитика","Психология, Юридические услуги, PR, Аналитика","здравоохранение, молодежь, обучение, музеи",Здравоохранение|Дети и молодёжь|Образование|Культура и искусство,Смешанный,Смешанный,Смешанный,Воронеж,Воронеж,2026-06-10,14.04.2026,10.06.2026,2026-04-14,2026-04-22,published,0.379,0,1,3
task_00285,ngo_0088,Провести серию уроков по финансовой грамотности для подростков,АНО «Здесь и сейчас»,"С 10 мая 2026 года можно подключиться к проекту и помочь команде закрыть важную часть работы. Подойдёт волонтёр, которому комфортен формат «Онлайн».",Правозащита,Москва,"- собрать обратную связь;
- скорректировать программу по итогам;
- подготовить содержание занятия;
- провести занятие или серию встреч;","prompt engineering, Педагогика, Фото и видео",техническая помощь / преподавание,"prompt engineering, Педагогика, Фото и видео","prompt engineering, Педагогика, Фото и видео","правозащита,  приюты,  ночлежка,  экология",Правозащита|Животные|Люди без жилья|Экология,Онлайн,Онлайн,Онлайн, МОСКВА ,Москва,2026-06-01,10.05.2026,01.06.2026,2026-05-10,2026-05-11,published,0.917,0,2,4
task_00286,ngo_0069,Проверить договоры организации на соответствие законодательству,Центр добровольчества «Архангельские волонтёры»,"До 10 июня 2026 года нужно подготовить результат для команды. Будет полезен человек, который умеет работать самостоятельно и вовремя согласовывать промежуточные шаги.",Правозащита,Москва,"- проводить консультации по запросу;
- объяснять правовые вопросы простым языком;
- подготавливать шаблоны и памятки;
- проверять документы;","коммуникации, таргет",переговоры,"коммуникации, таргет","коммуникации, таргет",  права человека  ,Правозащита,Смешанный,Смешанный,Смешанный,Москва,Москва,2026-06-10,22.03.2026,10.06.2026,2026-03-22,2026-03-23,moderation,0.622,0,3,3
task_00287,ngo_0019,Подготовить питч для размещения в СМИ,Образовательный проект «Ментальное здоровье»,Нужна волонтёрская помощь в формате «Смешанный». Основной фокус — довести работу до завершения и передать материалы или выводы координатору.,Люди без жилья,Новосибирск,"- помогать с выступлениями спикеров;
- готовить питчи и предложения для СМИ;
- выстраивать контакты с журналистами;
- составлять пресс-релизы;","PR, Работа с детьми",медиа,"PR, Работа с детьми","PR, Работа с детьми",ночлежка; люди с инвалидностью,Люди без жилья|Инклюзия,Смешанный,Смешанный,Смешанный,НОВОСИБИРСК,Новосибирск,2026-06-25,07.02.2026,25.06.2026,2026-02-07,2026-02-11,published,0.596,0,2,1
task_00288,ngo_0004,Проанализировать эффективность работы горячей линии,Благотворительный фонд «Зелёная планета»,"Команда ищет участника, который сможет быстро погрузиться в задачу и помочь в направлении «Социальная помощь». Особенно пригодятся навыки: Аналитика.",Социальная помощь,Новосибирск,"- построить визуализацию или дашборд;
- подготовить выводы в понятном формате;
- изучить исходные данные;
- дать рекомендации команде;",Аналитика,"АНАЛИТИКА, canva",Аналитика,Аналитика,"  соц помощь, музеи, медицина  ",Социальная помощь|Культура и искусство|Здравоохранение,Онлайн,Онлайн,Онлайн, Новосибирск ,Новосибирск,2026-06-10,15.02.2026,10.06.2026,2026-02-15,2026-02-18,published,0.442,0,1,3
task_00289,ngo_0015,Организовать набор волонтёров для уборки территории,Волонтёрский центр «Добровольцы Бурятии»,"Это практическая волонтёрская задача с понятным результатом. Нужно внимательно выполнить договорённости, учитывать контекст региона Москва и передать итог команде.",Культура и искусство,Москва,"- проводить вводные встречи;
- поддерживать связь с волонтёрами;
- вести реестр и распределять задачи;
- готовить отчёты по работе команды;","Координация волонтёров, Аналитика",координация волонтёров,"Координация волонтёров, Аналитика","Координация волонтёров, Аналитика","искусство, ночлежка, пожилые",Культура и искусство|Люди без жилья|Помощь пожилым,Оффлайн,Оффлайн,Оффлайн,  МОСКВА  ,Москва,2026-05-18,22.01.2026,18.05.2026,2026-01-22,2026-01-31,published,0.316,0,2,2
task_00290,ngo_0084,Проверить договоры организации на соответствие законодательству,Инициатива «Чистые берега»,"Мы ищем волонтёр-аналитик, который поможет команде получить понятный и применимый результат. Работа подойдёт человеку, готовому соблюдать договорённости и передать итог координатору.",Миграция,Нижний Новгород,"- проверять документы;
- подготавливать шаблоны и памятки;
- проводить консультации по запросу;
- объяснять правовые вопросы простым языком;","Юридические услуги, Копирайтинг, Исследования","  юридические услуги, написание текстов, кабинетное исследование, no-code  ","Юридические услуги, Копирайтинг, Исследования, prompt engineering, Программирование","Юридические услуги, Копирайтинг, Исследования, prompt engineering, Программирование","мигранты, экология, культура, люди с инвалидностью",Миграция|Экология|Культура и искусство|Инклюзия,Смешанный,Смешанный,Смешанный, НИЖНИЙ НОВГОРОД ,Нижний Новгород,2026-05-14,26.02.2026,14.05.2026,2026-02-26,2026-02-28,published,0.588,0,2,1
task_00291,ngo_0020,Вести Телеграм-канал организации в течение месяца,Благотворительный фонд «Всё будет хорошо»,"Нам нужен волонтёр для работы с контентом и коммуникациями: предстоит включиться в работу команды, аккуратно выполнить свою часть и согласовать результат. Формат участия — онлайн.",Экология,Санкт-Петербург,"- готовить контент-план;
- следить за реакциями и отвечать на комментарии;
- создавать посты и истории;
- анализировать охваты;","SMM, помощь новичкам",  smm  ,"SMM, помощь новичкам","SMM, помощь новичкам","экологические проекты, помощь людям, инклюзия, адаптация",Экология|Социальная помощь|Инклюзия|Миграция,Онлайн,Онлайн,Онлайн, Санкт-Петербург ,Санкт-Петербург,2026-06-10,28.03.2026,10.06.2026,2026-03-28,2026-04-05,published,0.283,0,5,0
task_00292,ngo_0043,Провести серию уроков по финансовой грамотности для подростков,НКО «Право на жизнь»,"Необходимо помочь проекту в направлении «Инклюзия». Важно разобраться в контексте, выполнить работу в срок и подготовить результат, который можно использовать дальше.",Инклюзия,Москва,"- собрать обратную связь;
- скорректировать программу по итогам;
- подготовить содержание занятия;
- провести занятие или серию встреч;","Педагогика, аниматор",педагогика,"Педагогика, аниматор","Педагогика, аниматор","люди с инвалидностью, села, спорт",Инклюзия|Сельские территории|Спорт и ЗОЖ,Онлайн,Онлайн,Онлайн,Москва,Москва,2026-07-10,12.04.2026,10.07.2026,2026-04-12,2026-04-16,published,0.709,0,5,2
task_00293,ngo_0088,Написать серию материалов о подопечных для сайта и соцсетей,АНО «Здесь и сейчас»,"Команде нужна поддержка волонтёра в регионе Челябинск. Задача рассчитана на ответственное участие, аккуратную коммуникацию и передачу результата координатору.",Инклюзия,Челябинск,"- писать тексты по брифу и структуре;
- редактировать материалы команды;
- выдерживать тон и стиль бренда;
- брать короткие интервью у подопечных;","Копирайтинг, Координация волонтёров, SMM",написание текстов / управление волонтерами,"Копирайтинг, Координация волонтёров, SMM","Копирайтинг, Координация волонтёров, SMM",  люди с инвалидностью; правозащита; миграция  ,Инклюзия|Правозащита|Миграция,Онлайн,Онлайн,Онлайн, Челябинск ,Челябинск,2026-07-10,02.03.2026,10.07.2026,2026-03-02,2026-03-07,published,0.92,0,5,3
task_00294,ngo_0074,Организовать субботник в парке при поддержке НКО,АНО «Честный город»,Потребуется помощь волонтёр-организатор. Работа связана с направлением «Дети и молодёжь» и предполагает практический результат без лишней бюрократии.,Дети и молодёжь,Красноярск,"- решать оперативные вопросы в день проведения;
- составить план мероприятия;
- координировать участников;
- подготовить краткий отчёт;","Организация мероприятий, архив, аниматор","  ивенты, работа с документами, аниматор  ","Организация мероприятий, архив, аниматор, Фандрайзинг","Организация мероприятий, архив, аниматор, Фандрайзинг",  молодежь | музеи  ,Дети и молодёжь|Культура и искусство,Смешанный,Смешанный,Смешанный, КРАСНОЯРСК ,Красноярск,2026-06-01,27.01.2026,01.06.2026,2026-01-27,2026-02-01,published,0.65,0,1,3
task_00295,ngo_0076,Помочь архивировать документы за несколько лет,Благотворительный фонд «Маленький принц»,"С 30 января 2026 года можно подключиться к проекту и помочь команде закрыть важную часть работы. Подойдёт волонтёр, которому комфортен формат «Оффлайн».",Кризисные ситуации,Пермь,"- обучить команду работе с документами;
- провести инвентаризацию;
- разобрать и систематизировать архив;
- создать удобную структуру хранения;","Работа с документами, SMM, привлечение средств",бумаги |  смм  | fundraising | педагогика,"Работа с документами, SMM, привлечение средств, Педагогика, Переводы","Работа с документами, SMM, привлечение средств, Педагогика, Переводы",чс / правозащита / музеи,Кризисные ситуации|Правозащита|Культура и искусство,Оффлайн,Оффлайн,Оффлайн,Пермь,Пермь,2026-05-14,30.01.2026,14.05.2026,2026-01-30,2026-02-02,published,0.461,0,1,1
task_00296,ngo_0076,Организовать субботник в парке при поддержке НКО,Благотворительный фонд «Маленький принц»,"До 16 мая 2026 года нужно подготовить результат для команды. Будет полезен человек, который умеет работать самостоятельно и вовремя согласовывать промежуточные шаги.",Культура и искусство,Воронеж,"- координировать участников;
- решать оперативные вопросы в день проведения;
- составить план мероприятия;
- подготовить краткий отчёт;","Организация мероприятий, Переводы, Исследования",помощь на мероприятии; переводчик; опросы,"Организация мероприятий, Переводы, Исследования, SMM","Организация мероприятий, Переводы, Исследования, SMM","искусство,  сельские территории",Культура и искусство|Сельские территории,Онлайн,Онлайн,Онлайн,ВОРОНЕЖ,Воронеж,2026-05-16,03.03.2026,16.05.2026,2026-03-03,2026-03-05,published,0.885,0,1,1
task_00297,ngo_0006,Организовать субботник в парке при поддержке НКО,Волонтёрский центр «Открытое сердце»,Нужна волонтёрская помощь в формате «Смешанный». Основной фокус — довести работу до завершения и передать материалы или выводы координатору.,Культура и искусство,Москва,"- подготовить краткий отчёт;
- координировать участников;
- решать оперативные вопросы в день проведения;
- составить план мероприятия;","Организация мероприятий, Аналитика, PR",помощь на мероприятии; excel,"Организация мероприятий, Аналитика, PR","Организация мероприятий, Аналитика, PR",культура,Культура и искусство,Смешанный,Смешанный,Смешанный, Москва ,Москва,2026-05-25,05.04.2026,25.05.2026,2026-04-05,2026-04-06,published,0.656,0,1,3
task_00298,ngo_0055,Стать наставником для выпускника детского дома,Фонд «Старость в почёте»,"Команда ищет участника, который сможет быстро погрузиться в задачу и помочь в направлении «Образование». Особенно пригодятся навыки: Наставничество.",Образование,Екатеринбург,"- помогать с конкретными задачами и целями;
- регулярно общаться с подопечным;
- участвовать во встречах наставников;
- соблюдать конфиденциальность;",Наставничество,помощь новичкам,Наставничество,Наставничество,образование / правозащита,Образование|Правозащита,Смешанный,Смешанный,Смешанный,ЕКАТЕРИНБУРГ,Екатеринбург,2026-05-25,25.03.2026,25.05.2026,2026-03-25,2026-03-31,published,0.685,0,2,3
task_00299,ngo_0042,Перевести памятку о правах для мигрантов,Просветительский проект «Школа добрых дел»,"Это практическая волонтёрская задача с понятным результатом. Нужно внимательно выполнить договорённости, учитывать контекст региона Волгоград и передать итог команде.",Образование,Волгоград,"- соблюдать конфиденциальность;
- адаптировать материалы для аудитории;
- помогать на встречах;
- переводить документы и переписку;","Переводы, Копирайтинг",  перевод текстов | ux research  ,"Переводы, Копирайтинг","Переводы, Копирайтинг",просвещение | дети и молодёжь,Образование|Дети и молодёжь,Онлайн,Онлайн,Онлайн, Волгоград ,Волгоград,2026-05-18,24.04.2026,18.05.2026,2026-04-24,2026-04-28,published,0.764,0,5,3
task_00300,ngo_0020,Создать брендбук для новой организации,Благотворительный фонд «Всё будет хорошо»,"Мы ищем волонтёр с опытом в визуальных материалах, который поможет команде получить понятный и применимый результат. Работа подойдёт человеку, готовому соблюдать договорённости и передать итог координатору.",Миграция,Санкт-Петербург,"- передавать готовые файлы;
- адаптировать материалы под разные форматы;
- согласовывать правки с командой;
- разрабатывать макеты по брифу;","Дизайн, Работа с документами, Переводы","ДИЗАЙН,  делопроизводство,  canva","Дизайн, Работа с документами, Переводы","Дизайн, Работа с документами, Переводы","миграция,  экологические проекты",Миграция|Экология,Онлайн,Онлайн,Онлайн, Санкт-Петербург ,Санкт-Петербург,2026-05-16,17.01.2026,16.05.2026,2026-01-17,2026-01-22,published,0.513,0,2,2
task_00301,ngo_0048,Организовать праздник для детей в больнице,Благотворительный фонд «Живём вместе»,"Нам нужен волонтёр-аналитик: предстоит включиться в работу команды, аккуратно выполнить свою часть и согласовать результат. Формат участия — смешанный.",Люди без жилья,Екатеринбург,"- провести занятие или мастер-класс;
- взаимодействовать с куратором;
- поддерживать позитивную атмосферу;
- соблюдать правила безопасности;","Работа с детьми, помощь на мероприятии, Работа с документами",дети | организация мероприятий | архив | data analysis,"Работа с детьми, помощь на мероприятии, Работа с документами, Аналитика, Коммуникация","Работа с детьми, помощь на мероприятии, Работа с документами, Аналитика, Коммуникация",ночлежка / кризисные ситуации / доступная среда,Люди без жилья|Кризисные ситуации|Инклюзия,Смешанный,Смешанный,Смешанный,Екатеринбург,Екатеринбург,2026-05-18,19.01.2026,18.05.2026,2026-01-19,2026-01-22,published,0.319,0,1,1
task_00302,ngo_0083,Запустить краудфандинговую кампанию на Планете.ру,АНО «Дом возможностей»,"Необходимо помочь проекту в направлении «Спорт и ЗОЖ». Важно разобраться в контексте, выполнить работу в срок и подготовить результат, который можно использовать дальше.",Спорт и ЗОЖ,Москва,"- координировать продвижение;
- отчитываться об итогах сбора;
- подготовить тексты и контент;
- разработать идею кампании;","Фандрайзинг, Переводы, Аналитика",привлечение средств; translation,"Фандрайзинг, Переводы, Аналитика","Фандрайзинг, Переводы, Аналитика",спорт; ночлежка,Спорт и ЗОЖ|Люди без жилья,Онлайн,Онлайн,Онлайн,МОСКВА,Москва,2026-05-18,29.04.2026,18.05.2026,2026-04-29,2026-04-29,published,0.692,0,1,1
task_00303,ngo_0087,Провести первичный обзвон новых участников программы,Фонд «Право на образование»,"Команде нужна поддержка волонтёра в регионе Москва. Задача рассчитана на ответственное участие, аккуратную коммуникацию и передачу результата координатору.",Миграция,Москва,"- отвечать на запросы по телефону или в мессенджере;
- фиксировать обращения в базе;
- обрабатывать входящие обращения;
- вести переписку с участниками;","Коммуникация, таргет",  коммуникации  ,"Коммуникация, таргет","Коммуникация, таргет",адаптация,Миграция,Онлайн,Онлайн,Онлайн, Москва ,Москва,2026-05-25,20.01.2026,25.05.2026,2026-01-20,2026-01-29,published,0.9,0,5,5
task_00304,ngo_0078,Разработать программу профориентации для выпускников детдома,Фонд «Доступная жизнь»,Потребуется помощь волонтёр-наставник. Работа связана с направлением «Кризисные ситуации» и предполагает практический результат без лишней бюрократии.,Кризисные ситуации,Новосибирск,"- собрать обратную связь;
- подготовить содержание занятия;
- скорректировать программу по итогам;
- провести занятие или серию встреч;","Педагогика, Медицина",педагогика,"Педагогика, Медицина","Педагогика, Медицина",  кризисные ситуации | приюты | бездомные  ,Кризисные ситуации|Животные|Люди без жилья,Онлайн,Онлайн,Онлайн,НОВОСИБИРСК,Новосибирск,2026-06-25,20.04.2026,25.06.2026,2026-04-20,2026-04-29,published,0.464,0,3,3
task_00305,ngo_0074,Адаптировать сайт организации для иностранной аудитории,АНО «Честный город»,"С 9 марта 2026 года можно подключиться к проекту и помочь команде закрыть важную часть работы. Подойдёт волонтёр, которому комфортен формат «Онлайн».",Образование,Волгоград,"- переводить документы и переписку;
- адаптировать материалы для аудитории;
- соблюдать конфиденциальность;
- помогать на встречах;","Переводы, Медицина",переводчик,"Переводы, Медицина","Переводы, Медицина",  просвещение / помощь животным  ,Образование|Животные,Онлайн,Онлайн,Онлайн,  ВОЛГОГРАД  ,Волгоград,2026-06-25,09.03.2026,25.06.2026,2026-03-09,2026-03-18,published,0.59,0,5,1
task_00306,ngo_0054,Проверить договоры организации на соответствие законодательству,АНО «Мост доверия»,"До 1 июня 2026 года нужно подготовить результат для команды. Будет полезен человек, который умеет работать самостоятельно и вовремя согласовывать промежуточные шаги.",Люди без жилья,Волгоград,"- проверять документы;
- проводить консультации по запросу;
- подготавливать шаблоны и памятки;
- объяснять правовые вопросы простым языком;",Юридические услуги,юридические услуги,Юридические услуги,Юридические услуги,"ночлежка, образование",Люди без жилья|Образование,Оффлайн,Оффлайн,Оффлайн, Волгоград ,Волгоград,2026-06-01,03.03.2026,01.06.2026,2026-03-03,2026-03-12,published,0.238,0,1,2
task_00307,ngo_0028,Написать и разослать пресс-релиз о мероприятии,Просветительский центр «Инклюзия без границ»,Нужна волонтёрская помощь в формате «Онлайн». Основной фокус — довести работу до завершения и передать материалы или выводы координатору.,Экология,Москва,"- готовить питчи и предложения для СМИ;
- составлять пресс-релизы;
- помогать с выступлениями спикеров;
- выстраивать контакты с журналистами;","PR, Фандрайзинг, Переводы",  медиа / сбор средств / переводы / написание текстов  ,"PR, Фандрайзинг, Переводы, Копирайтинг, Психология","PR, Фандрайзинг, Переводы, Копирайтинг, Психология",экология | доступная среда,Экология|Инклюзия,Онлайн,Онлайн,Онлайн, Москва ,Москва,2026-06-10,18.04.2026,10.06.2026,2026-04-18,2026-04-27,draft,0.806,0,3,3
task_00308,ngo_0073,Перевести памятку о правах для мигрантов,АНО «Гражданская поддержка»,"Команда ищет участника, который сможет быстро погрузиться в задачу и помочь в направлении «Образование». Особенно пригодятся навыки: Переводы и Программирование.",Образование,Москва,"- переводить документы и переписку;
- адаптировать материалы для аудитории;
- помогать на встречах;
- соблюдать конфиденциальность;","Переводы, Программирование",переводы,"Переводы, Программирование","Переводы, Программирование",образование / мигранты,Образование|Миграция,Смешанный,Смешанный,Смешанный,Москва,Москва,2026-06-10,23.02.2026,10.06.2026,2026-02-23,2026-03-03,published,0.769,0,3,2
task_00309,ngo_0069,Провести опрос участников программы о качестве услуг,Центр добровольчества «Архангельские волонтёры»,"Это практическая волонтёрская задача с понятным результатом. Нужно внимательно выполнить договорённости, учитывать контекст региона Москва и передать итог команде.",Дети и молодёжь,Москва,"- провести интервью или опросы;
- подготовить краткий отчёт с выводами;
- систематизировать результаты;
- разработать анкету или гайд;","коммуникации, Исследования, Организация мероприятий","переговоры,  исследования","коммуникации, Исследования, Организация мероприятий","коммуникации, Исследования, Организация мероприятий",  дети; экологические проекты  ,Дети и молодёжь|Экология,Оффлайн,Оффлайн,Оффлайн, Москва ,Москва,2026-06-25,23.01.2026,25.06.2026,2026-01-23,2026-01-26,published,0.843,0,2,1
task_00310,ngo_0014,Создать брендбук для новой организации,Инициатива «Горячая линия доброй помощи»,"Мы ищем волонтёр с опытом в визуальных материалах, который поможет команде получить понятный и применимый результат. Работа подойдёт человеку, готовому соблюдать договорённости и передать итог координатору.",Животные,Санкт-Петербург,"- разрабатывать макеты по брифу;
- передавать готовые файлы;
- согласовывать правки с командой;
- адаптировать материалы под разные форматы;","Дизайн, Юридические услуги, Работа с документами","дизайн,  юридические услуги,  делопроизводство","Дизайн, Юридические услуги, Работа с документами, Переводы","Дизайн, Юридические услуги, Работа с документами, Переводы",помощь животным | села | дети | люди с инвалидностью,Животные|Сельские территории|Дети и молодёжь|Инклюзия,Оффлайн,Оффлайн,Оффлайн, САНКТ-ПЕТЕРБУРГ ,Санкт-Петербург,2026-05-18,31.03.2026,18.05.2026,2026-03-31,2026-04-04,published,0.739,0,2,0
task_00311,ngo_0048,Перевести памятку о правах для мигрантов,Благотворительный фонд «Живём вместе»,"Нам нужен волонтёр-переводчик: предстоит включиться в работу команды, аккуратно выполнить свою часть и согласовать результат. Формат участия — онлайн.",Люди без жилья,Красноярск,"- соблюдать конфиденциальность;
- адаптировать материалы для аудитории;
- переводить документы и переписку;
- помогать на встречах;",Переводы,translation,Переводы,Переводы,люди без жилья,Люди без жилья,Онлайн,Онлайн,Онлайн,  КРАСНОЯРСК  ,Красноярск,2026-05-25,09.03.2026,25.05.2026,2026-03-09,2026-03-18,published,0.469,0,1,3
task_00312,ngo_0007,Участвовать в выездном медицинском пункте для бездомных,Центр добровольчества «Калужские волонтёры»,"Необходимо помочь проекту в направлении «Кризисные ситуации». Важно разобраться в контексте, выполнить работу в срок и подготовить результат, который можно использовать дальше.",Кризисные ситуации,Казань,"- вести краткую документацию;
- помогать с документами для подопечных;
- участвовать в выезде или приёме;
- взаимодействовать с командой;","Медицина, Педагогика, коммуникации",  первая помощь | учитель  ,"Медицина, Педагогика, коммуникации","Медицина, Педагогика, коммуникации",  кризисные ситуации | дети  ,Кризисные ситуации|Дети и молодёжь,Онлайн,Онлайн,Онлайн,Казань,Казань,2026-07-10,18.02.2026,10.07.2026,2026-02-18,2026-02-26,published,0.516,0,1,4
task_00313,ngo_0084,Провести юридическую консультацию для бездомных людей,Инициатива «Чистые берега»,"Команде нужна поддержка волонтёра в регионе Санкт-Петербург. Задача рассчитана на ответственное участие, аккуратную коммуникацию и передачу результата координатору.",Дети и молодёжь,Санкт-Петербург,"- объяснять правовые вопросы простым языком;
- подготавливать шаблоны и памятки;
- проверять документы;
- проводить консультации по запросу;","Юридические услуги, coordination, Аналитика",  юрист / coordination  ,"Юридические услуги, coordination, Аналитика","Юридические услуги, coordination, Аналитика","дети, культура, социальная помощь, адаптация",Дети и молодёжь|Культура и искусство|Социальная помощь|Миграция,Онлайн,Онлайн,Онлайн, Санкт-Петербург ,Санкт-Петербург,2026-05-25,31.03.2026,25.05.2026,2026-03-31,2026-04-03,closed,0.17,0,2,0
task_00314,ngo_0072,Проанализировать эффективность работы горячей линии,Инициатива «Местный медиатор»,Потребуется помощь волонтёр с опытом в визуальных материалах. Работа связана с направлением «Образование» и предполагает практический результат без лишней бюрократии.,Образование,Москва,"- изучить исходные данные;
- дать рекомендации команде;
- подготовить выводы в понятном формате;
- построить визуализацию или дашборд;","Аналитика, Организация мероприятий",data analysis,"Аналитика, Организация мероприятий","Аналитика, Организация мероприятий","  образование, помощь пожилым  ",Образование|Помощь пожилым,Оффлайн,Оффлайн,Оффлайн, МОСКВА ,Москва,2026-06-10,28.04.2026,10.06.2026,2026-04-28,2026-05-03,published,0.201,0,3,1
task_00315,ngo_0076,Организовать набор волонтёров для уборки территории,Благотворительный фонд «Маленький принц»,"С 26 марта 2026 года можно подключиться к проекту и помочь команде закрыть важную часть работы. Подойдёт волонтёр, которому комфортен формат «Оффлайн».",Сельские территории,Пермь,"- поддерживать связь с волонтёрами;
- проводить вводные встречи;
- готовить отчёты по работе команды;
- вести реестр и распределять задачи;","Координация волонтёров, Фандрайзинг",управление волонтерами,"Координация волонтёров, Фандрайзинг","Координация волонтёров, Фандрайзинг",села / адаптация,Сельские территории|Миграция,Оффлайн,Оффлайн,Оффлайн,Пермь,Пермь,2026-05-16,26.03.2026,16.05.2026,2026-03-26,2026-03-26,published,0.492,0,2,2
task_00316,ngo_0017,Провести психологические консультации для участников кризисного проекта,Просветительская инициатива «Не молчи»,"До 1 июня 2026 года нужно подготовить результат для команды. Будет полезен человек, который умеет работать самостоятельно и вовремя согласовывать промежуточные шаги.",Кризисные ситуации,Самара,"- вести краткие записи;
- участвовать в супервизии команды;
- проводить индивидуальные консультации или групповые встречи;
- соблюдать этику и конфиденциальность;","Психология, Юридические услуги, Копирайтинг",  психолог | правовая помощь  ,"Психология, Юридические услуги, Копирайтинг","Психология, Юридические услуги, Копирайтинг","  чс, соц помощь, бездомные, искусство  ",Кризисные ситуации|Социальная помощь|Люди без жилья|Культура и искусство,Онлайн,Онлайн,Онлайн,САМАРА,Самара,2026-06-01,05.02.2026,01.06.2026,2026-02-05,2026-02-08,published,0.767,0,2,2
task_00317,ngo_0083,Помочь архивировать документы за несколько лет,АНО «Дом возможностей»,Нужна волонтёрская помощь в формате «Смешанный». Основной фокус — довести работу до завершения и передать материалы или выводы координатору.,Культура и искусство,Санкт-Петербург,"- разобрать и систематизировать архив;
- провести инвентаризацию;
- обучить команду работе с документами;
- создать удобную структуру хранения;","Работа с документами, Юридические услуги",  работа с документами  ,"Работа с документами, Юридические услуги","Работа с документами, Юридические услуги",  искусство  ,Культура и искусство,Смешанный,Смешанный,Смешанный,Санкт-Петербург,Санкт-Петербург,2026-06-01,26.03.2026,01.06.2026,2026-03-26,2026-03-28,published,0.275,0,5,1
task_00318,ngo_0074,Провести психологические консультации для участников кризисного проекта,АНО «Честный город»,"Команда ищет участника, который сможет быстро погрузиться в задачу и помочь в направлении «Животные». Особенно пригодятся навыки: Психология.",Животные,Омск,"- вести краткие записи;
- проводить индивидуальные консультации или групповые встречи;
- соблюдать этику и конфиденциальность;
- участвовать в супервизии команды;",Психология,  психолог  ,Психология,Психология,животные / музеи,Животные|Культура и искусство,Онлайн,Онлайн,Онлайн, Омск ,Омск,2026-07-10,13.02.2026,10.07.2026,2026-02-13,2026-02-22,published,0.754,0,5,2
task_00319,ngo_0088,Снять документальный ролик о работе приюта для животных,АНО «Здесь и сейчас»,"Это практическая волонтёрская задача с понятным результатом. Нужно внимательно выполнить договорённости, учитывать контекст региона Волгоград и передать итог команде.",Кризисные ситуации,Волгоград,"- соблюдать этику при работе с людьми;
- обрабатывать материалы;
- снимать на мероприятиях;
- передавать итоговые файлы команде;","Фото и видео, привлечение средств, помощь новичкам","видео, донаты, наставничество, редактура","Фото и видео, привлечение средств, помощь новичкам, Копирайтинг, Коммуникация","Фото и видео, привлечение средств, помощь новичкам, Копирайтинг, Коммуникация",чс,Кризисные ситуации,Оффлайн,Оффлайн,Оффлайн,Волгоград,Волгоград,2026-05-18,17.04.2026,18.05.2026,2026-04-17,2026-04-20,published,0.854,0,5,4
task_00320,ngo_extra_0080,Проанализировать эффективность работы горячей линии,Фонд «Безопасная среда»,"Мы ищем волонтёр с опытом в визуальных материалах, который поможет команде получить понятный и применимый результат. Работа подойдёт человеку, готовому соблюдать договорённости и передать итог координатору.",Животные,Казань,"- подготовить выводы в понятном формате;
- дать рекомендации команде;
- изучить исходные данные;
- построить визуализацию или дашборд;","Аналитика, Юридические услуги, Работа с документами",анализ данных / Юридические услуги / Работа с документами,"Аналитика, Юридические услуги, Работа с документами","Аналитика, Юридические услуги, Работа с документами",Животные,Животные,Онлайн,Онлайн,Онлайн,Казань,Казань,2026-06-18,01.02.2026,18.06.2026,2026-02-01,2026-02-11,published,0.9,0,2,3
task_00321,ngo_extra_0081,Участвовать в выездном медицинском пункте для бездомных,Фонд «Второй шанс»,"Нам нужен волонтёр-наставник: предстоит включиться в работу команды, аккуратно выполнить свою часть и согласовать результат. Формат участия — онлайн.",Правозащита,Самара,"- вести краткую документацию;
- участвовать в выезде или приёме;
- помогать с документами для подопечных;
- взаимодействовать с командой;","Медицина, Работа с детьми, Координация волонтёров",Медицина / дети / координация волонтёров,"Медицина, Работа с детьми, Координация волонтёров, Педагогика","Медицина, Работа с детьми, Координация волонтёров, Педагогика",Правозащита,Правозащита,Онлайн,Онлайн,Онлайн,Самара,Самара,2026-06-25,12.12.2025,25.06.2026,2025-12-12,2025-12-17,published,0.925,0,1,4
task_00322,ngo_extra_0082,Вести Телеграм-канал организации в течение месяца,АНО «Пространство поддержки»,"Необходимо помочь проекту в направлении «Правозащита». Важно разобраться в контексте, выполнить работу в срок и подготовить результат, который можно использовать дальше.",Правозащита,Челябинск,"- анализировать охваты;
- создавать посты и истории;
- готовить контент-план;
- следить за реакциями и отвечать на комментарии;","SMM, Работа с документами",смм | работа с документами,"SMM, Работа с документами","SMM, Работа с документами",Правозащита / Социальная помощь,Правозащита|Социальная помощь,Онлайн,Онлайн,Онлайн,Челябинск,Челябинск,2026-06-25,16.03.2026,25.06.2026,2026-03-16,2026-03-25,published,0.941,0,1,4
task_00323,ngo_extra_0083,Проанализировать эффективность работы горячей линии,АНО «Местное сообщество»,"Команде нужна поддержка волонтёра в регионе Воронеж. Задача рассчитана на ответственное участие, аккуратную коммуникацию и передачу результата координатору.",Сельские территории,Воронеж,"- построить визуализацию или дашборд;
- дать рекомендации команде;
- изучить исходные данные;
- подготовить выводы в понятном формате;",Аналитика, АНАЛИЗ ДАННЫХ ,Аналитика,Аналитика,Сельские территории,Сельские территории,Онлайн,Онлайн,Онлайн,Воронеж,Воронеж,2026-06-25,16.12.2025,25.06.2026,2025-12-16,2025-12-25,published,0.96,0,3,2
task_00325,ngo_extra_0085,Провести опрос участников программы о качестве услуг,Социальная инициатива «Добрые руки»,Потребуется помощь волонтёр-аналитик. Работа связана с направлением «Помощь пожилым» и предполагает практический результат без лишней бюрократии.,Помощь пожилым,Омск,"- подготовить краткий отчёт с выводами;
- разработать анкету или гайд;
- систематизировать результаты;
- провести интервью или опросы;","Исследования, Наставничество", ИССЛЕДОВАНИЯ ; наставничество,"Исследования, Наставничество","Исследования, Наставничество",Помощь пожилым,Помощь пожилым,Онлайн,Онлайн,Онлайн,Омск,Омск,2026-05-25,29.01.2026,25.05.2026,2026-01-29,2026-02-04,published,0.925,0,1,4
task_00326,ngo_extra_0086,Проверить договоры организации на соответствие законодательству,АНО «Помощь рядом»,"С 16 января 2026 года можно подключиться к проекту и помочь команде закрыть важную часть работы. Подойдёт волонтёр, которому комфортен формат «Онлайн».",Образование,Челябинск,"- проверять документы;
- подготавливать шаблоны и памятки;
- проводить консультации по запросу;
- объяснять правовые вопросы простым языком;","Юридические услуги, Исследования, Программирование",Юридические услуги / Исследования / программирование,"Юридические услуги, Исследования, Программирование, Фандрайзинг","Юридические услуги, Исследования, Программирование, Фандрайзинг",Образование / Инклюзия / Животные,Образование|Инклюзия|Животные,Онлайн,Онлайн,Онлайн,Челябинск,Челябинск,2026-06-25,16.01.2026,25.06.2026,2026-01-16,2026-01-22,published,0.98,0,2,2
task_00327,ngo_extra_0087,Провести психологические консультации для участников кризисного проекта,Волонтёрский центр «Сибирское добро»,"До 18 мая 2026 года нужно подготовить результат для команды. Будет полезен человек, который умеет работать самостоятельно и вовремя согласовывать промежуточные шаги.",Дети и молодёжь,Ростов-на-Дону,"- соблюдать этику и конфиденциальность;
- вести краткие записи;
- участвовать в супервизии команды;
- проводить индивидуальные консультации или групповые встречи;","Психология, Переводы","Психология,  ПЕРЕВОДЫ ","Психология, Переводы","Психология, Переводы",Дети и молодёжь,Дети и молодёжь,Онлайн,Онлайн,Онлайн,Ростов-на-Дону,Ростов-на-Дону,2026-05-18,08.02.2026,18.05.2026,2026-02-08,2026-02-13,published,0.92,0,2,3
task_00328,ngo_extra_0088,Создать брендбук для новой организации,Благотворительный фонд «Весна»,Нужна волонтёрская помощь в формате «Оффлайн». Основной фокус — довести работу до завершения и передать материалы или выводы координатору.,Сельские территории,Екатеринбург,"- согласовывать правки с командой;
- разрабатывать макеты по брифу;
- передавать готовые файлы;
- адаптировать материалы под разные форматы;",Дизайн,figma,Дизайн,Дизайн,Сельские территории,Сельские территории,Оффлайн,Оффлайн,Оффлайн,Екатеринбург,Екатеринбург,2026-07-30,19.02.2026,30.07.2026,2026-02-19,2026-02-19,published,0.893,0,2,1
task_00329,ngo_extra_0089,Проанализировать эффективность работы горячей линии,Благотворительный фонд «Открытое сердце»,"Команда ищет участника, который сможет быстро погрузиться в задачу и помочь в направлении «Люди без жилья». Особенно пригодятся навыки: Аналитика, Медицина и Организация мероприятий.",Люди без жилья,Челябинск,"- подготовить выводы в понятном формате;
- изучить исходные данные;
- дать рекомендации команде;
- построить визуализацию или дашборд;","Аналитика, Медицина, Организация мероприятий",аналитика | медицина | организация мероприятий,"Аналитика, Медицина, Организация мероприятий","Аналитика, Медицина, Организация мероприятий",Люди без жилья / Сельские территории / Спорт и ЗОЖ / Помощь пожилым,Люди без жилья|Сельские территории|Спорт и ЗОЖ|Помощь пожилым,Смешанный,Смешанный,Смешанный,Челябинск,Челябинск,2026-06-29,01.05.2026,29.06.2026,2026-05-01,2026-05-05,published,0.95,0,3,4
task_00330,ngo_extra_0090,Стать наставником для выпускника детского дома,Центр добровольчества «Томские волонтёры»,"Это практическая волонтёрская задача с понятным результатом. Нужно внимательно выполнить договорённости, учитывать контекст региона Красноярск и передать итог команде.",Миграция,Красноярск,"- участвовать во встречах наставников;
- регулярно общаться с подопечным;
- помогать с конкретными задачами и целями;
- соблюдать конфиденциальность;","Наставничество, Аналитика",Наставничество / excel,"Наставничество, Аналитика","Наставничество, Аналитика",Миграция,Миграция,Смешанный,Смешанный,Смешанный,Красноярск,Красноярск,2026-06-19,26.01.2026,19.06.2026,2026-01-26,2026-02-05,published,0.9,0,3,3
task_00331,ngo_extra_0091,Провести психологические консультации для участников кризисного проекта,Благотворительный фонд «Здоровый регион»,"Мы ищем волонтёр с опытом в визуальных материалах, который поможет команде получить понятный и применимый результат. Работа подойдёт человеку, готовому соблюдать договорённости и передать итог координатору.",Образование,Омск,"- участвовать в супервизии команды;
- проводить индивидуальные консультации или групповые встречи;
- вести краткие записи;
- соблюдать этику и конфиденциальность;","Психология, Дизайн", ПСИХОЛОГИЯ ; canva,"Психология, Дизайн","Психология, Дизайн",Образование / Кризисные ситуации / Помощь пожилым,Образование|Кризисные ситуации|Помощь пожилым,Оффлайн,Оффлайн,Оффлайн,Омск,Омск,2026-07-06,20.11.2025,06.07.2026,2025-11-20,2025-11-28,published,0.92,0,2,5
task_00332,ngo_extra_0092,Провести занятие по рисованию для детей из малообеспеченных семей,Просветительский проект «Финансовая осознанность»,"Нам нужен волонтёр-организатор: предстоит включиться в работу команды, аккуратно выполнить свою часть и согласовать результат. Формат участия — оффлайн.",Помощь пожилым,Новосибирск,"- соблюдать правила безопасности;
- поддерживать позитивную атмосферу;
- провести занятие или мастер-класс;
- взаимодействовать с куратором;","Работа с детьми, Организация мероприятий"," ДЕТИ ,  ОРГАНИЗАЦИЯ МЕРОПРИЯТИЙ ","Работа с детьми, Организация мероприятий","Работа с детьми, Организация мероприятий",Помощь пожилым / Дети и молодёжь,Помощь пожилым|Дети и молодёжь,Оффлайн,Оффлайн,Оффлайн,НОВОСИБИРСК,Новосибирск,2026-08-01,25.02.2026,01.08.2026,2026-02-25,2026-02-25,published,0.96,0,5,5
task_00333,ngo_extra_0093,Помочь архивировать документы за несколько лет,Образовательная инициатива «Живые знания»,"Необходимо помочь проекту в направлении «Помощь пожилым». Важно разобраться в контексте, выполнить работу в срок и подготовить результат, который можно использовать дальше.",Помощь пожилым,Москва,"- провести инвентаризацию;
- разобрать и систематизировать архив;
- обучить команду работе с документами;
- создать удобную структуру хранения;",Работа с документами,работа с документами,Работа с документами,Работа с документами,Помощь пожилым / Правозащита / Кризисные ситуации,Помощь пожилым|Правозащита|Кризисные ситуации,Онлайн,Онлайн,Онлайн,МОСКВА,Москва,2026-06-10,04.03.2026,10.06.2026,2026-03-04,2026-03-12,published,0.9,0,5,1
task_00334,ngo_extra_0094,Проанализировать эффективность работы горячей линии,АНО «Территория заботы»,"Команде нужна поддержка волонтёра в регионе Ростов-на-Дону. Задача рассчитана на ответственное участие, аккуратную коммуникацию и передачу результата координатору.",Культура и искусство,Ростов-на-Дону,"- изучить исходные данные;
- подготовить выводы в понятном формате;
- дать рекомендации команде;
- построить визуализацию или дашборд;","Аналитика, PR","excel, PR","Аналитика, PR","Аналитика, PR",Культура и искусство,Культура и искусство,Онлайн,Онлайн,Онлайн,Ростов-на-Дону,Ростов-на-Дону,2026-05-18,22.04.2026,18.05.2026,2026-04-22,2026-04-22,published,0.96,0,2,5
task_00335,ngo_extra_0095,Организовать набор волонтёров для уборки территории,Благотворительный фонд «Живая книга»,Потребуется помощь волонтёр для работы с контентом и коммуникациями. Работа связана с направлением «Здравоохранение» и предполагает практический результат без лишней бюрократии.,Здравоохранение,Воронеж,"- готовить отчёты по работе команды;
- вести реестр и распределять задачи;
- проводить вводные встречи;
- поддерживать связь с волонтёрами;","Координация волонтёров, SMM", КООРДИНАЦИЯ ВОЛОНТЁРОВ  | ведение соцсетей,"Координация волонтёров, SMM","Координация волонтёров, SMM",Здравоохранение / Помощь пожилым / Культура и искусство,Здравоохранение|Помощь пожилым|Культура и искусство,Онлайн,Онлайн,Онлайн,Воронеж,Воронеж,2026-05-30,05.05.2026,30.05.2026,2026-05-05,2026-05-10,published,0.95,0,1,2
task_00336,ngo_extra_0096,Настроить CRM для учёта волонтёров в организации,АНО «Равные возможности»,"С 14 февраля 2026 года можно подключиться к проекту и помочь команде закрыть важную часть работы. Подойдёт волонтёр, которому комфортен формат «Онлайн».",Культура и искусство,Красноярск,"- разобраться в текущих процессах;
- обучить 1–2 сотрудников;
- написать краткую инструкцию;
- настроить выбранный инструмент;","IT, Работа с детьми",no-code; дети,"IT, Работа с детьми","IT, Работа с детьми",Культура и искусство,Культура и искусство,Онлайн,Онлайн,Онлайн,Красноярск,Красноярск,2026-07-30,14.02.2026,30.07.2026,2026-02-14,2026-02-21,published,0.9,0,1,4
task_00338,ngo_extra_0098,Вести Телеграм-канал организации в течение месяца,АНО «Доступный мир»,"До 25 мая 2026 года нужно подготовить результат для команды. Будет полезен человек, который умеет работать самостоятельно и вовремя согласовывать промежуточные шаги.",Культура и искусство,Уфа,"- создавать посты и истории;
- следить за реакциями и отвечать на комментарии;
- анализировать охваты;
- готовить контент-план;",SMM,ведение соцсетей,SMM,SMM,Культура и искусство / Образование,Культура и искусство|Образование,Онлайн,Онлайн,Онлайн,Уфа,Уфа,2026-05-25,18.02.2026,25.05.2026,2026-02-18,2026-02-26,published,0.933,0,2,3
task_00339,ngo_extra_0099,Провести занятие по рисованию для детей из малообеспеченных семей,Просветительский центр «Умные соседи»,Нужна волонтёрская помощь в формате «Оффлайн». Основной фокус — довести работу до завершения и передать материалы или выводы координатору.,Помощь пожилым,Челябинск,"- соблюдать правила безопасности;
- поддерживать позитивную атмосферу;
- провести занятие или мастер-класс;
- взаимодействовать с куратором;",Работа с детьми,дети,Работа с детьми,Работа с детьми,Помощь пожилым / Культура и искусство,Помощь пожилым|Культура и искусство,Оффлайн,Оффлайн,Оффлайн,Челябинск,Челябинск,2026-06-03,16.04.2026,03.06.2026,2026-04-16,2026-04-26,published,0.95,0,1,6
task_00340,ngo_extra_0100,Разработать простой сайт для некоммерческой организации,АНО «Живой диалог»,"Команда ищет участника, который сможет быстро погрузиться в задачу и помочь в направлении «Образование». Особенно пригодятся навыки: Программирование.",Образование,Красноярск,"- протестировать и передать результат;
- оформить документацию;
- уточнить техническое задание;
- разработать решение;",Программирование,js,Программирование,Программирование,Образование / Экология / Люди без жилья / Спорт и ЗОЖ,Образование|Экология|Люди без жилья|Спорт и ЗОЖ,Онлайн,Онлайн,Онлайн,Красноярск,Красноярск,2026-05-25,06.05.2026,25.05.2026,2026-05-06,2026-05-06,published,0.967,0,1,6
task_00341,ngo_extra_0101,Провести занятие по рисованию для детей из малообеспеченных семей,АНО «Точка опоры»,"Это практическая волонтёрская задача с понятным результатом. Нужно внимательно выполнить договорённости, учитывать контекст региона Красноярск и передать итог команде.",Социальная помощь,Красноярск,"- соблюдать правила безопасности;
- провести занятие или мастер-класс;
- взаимодействовать с куратором;
- поддерживать позитивную атмосферу;","Работа с детьми, Работа с документами, Исследования","работа с детьми, Работа с документами,  ИССЛЕДОВАНИЯ ","Работа с детьми, Работа с документами, Исследования","Работа с детьми, Работа с документами, Исследования",Социальная помощь,Социальная помощь,Оффлайн,Оффлайн,Оффлайн,Красноярск,Красноярск,2026-05-30,24.11.2025,30.05.2026,2025-11-24,2025-12-03,published,0.891,0,1,2
task_00342,ngo_extra_0102,Настроить CRM для учёта волонтёров в организации,Инициатива «Открытое хранилище вещей»,"Мы ищем волонтёр с опытом в визуальных материалах, который поможет команде получить понятный и применимый результат. Работа подойдёт человеку, готовому соблюдать договорённости и передать итог координатору.",Кризисные ситуации,Красноярск,"- настроить выбранный инструмент;
- обучить 1–2 сотрудников;
- разобраться в текущих процессах;
- написать краткую инструкцию;","IT, Дизайн, Аналитика",no-code; canva; аналитика,"IT, Дизайн, Аналитика","IT, Дизайн, Аналитика",Кризисные ситуации,Кризисные ситуации,Смешанный,Смешанный,Смешанный,Красноярск,Красноярск,2026-06-21,08.01.2026,21.06.2026,2026-01-08,2026-01-18,published,0.9,0,1,4
task_00343,ngo_extra_0103,Написать серию материалов о подопечных для сайта и соцсетей,Просветительский проект «Шаги к знанию»,"Нам нужен волонтёр с опытом в визуальных материалах: предстоит включиться в работу команды, аккуратно выполнить свою часть и согласовать результат. Формат участия — онлайн.",Культура и искусство,Челябинск,"- брать короткие интервью у подопечных;
- редактировать материалы команды;
- выдерживать тон и стиль бренда;
- писать тексты по брифу и структуре;",Копирайтинг,тексты,Копирайтинг,Копирайтинг,Культура и искусство,Культура и искусство,Онлайн,Онлайн,Онлайн,Челябинск,Челябинск,2026-05-14,03.12.2025,14.05.2026,2025-12-03,2025-12-08,published,0.889,0,2,0
task_00344,ngo_extra_0104,Провести занятие по рисованию для детей из малообеспеченных семей,Фонд «Детский берег»,"Необходимо помочь проекту в направлении «Миграция». Важно разобраться в контексте, выполнить работу в срок и подготовить результат, который можно использовать дальше.",Миграция,Ростов-на-Дону,"- поддерживать позитивную атмосферу;
- взаимодействовать с куратором;
- провести занятие или мастер-класс;
- соблюдать правила безопасности;","Работа с детьми, Юридические услуги",дети /  ЮРИДИЧЕСКИЕ УСЛУГИ ,"Работа с детьми, Юридические услуги","Работа с детьми, Юридические услуги",Миграция,Миграция,Онлайн,Онлайн,Онлайн,Ростов-на-Дону,Ростов-на-Дону,2026-05-25,05.01.2026,25.05.2026,2026-01-05,2026-01-08,published,0.866,0,2,0
task_00345,ngo_extra_0105,Проверить договоры организации на соответствие законодательству,Центр гражданского образования «Азбука участия»,"Команде нужна поддержка волонтёра в регионе Казань. Задача рассчитана на ответственное участие, аккуратную коммуникацию и передачу результата координатору.",Инклюзия,Казань,"- проверять документы;
- проводить консультации по запросу;
- подготавливать шаблоны и памятки;
- объяснять правовые вопросы простым языком;","Юридические услуги, IT",Юридические услуги | нейросети,"Юридические услуги, IT","Юридические услуги, IT",Инклюзия / Здравоохранение / Помощь пожилым / Кризисные ситуации,Инклюзия|Здравоохранение|Помощь пожилым|Кризисные ситуации,Онлайн,Онлайн,Онлайн,Казань,Казань,2026-06-25,20.03.2026,25.06.2026,2026-03-20,2026-03-21,published,0.9,0,5,3
task_00346,ngo_extra_0106,Провести серию уроков по финансовой грамотности для подростков,Социальная инициатива «Бесплатные обеды»,Потребуется помощь волонтёр с профильной экспертизой. Работа связана с направлением «Культура и искусство» и предполагает практический результат без лишней бюрократии.,Культура и искусство,Екатеринбург,"- провести занятие или серию встреч;
- подготовить содержание занятия;
- собрать обратную связь;
- скорректировать программу по итогам;","Педагогика, Психология",педагогика | Психология,"Педагогика, Психология","Педагогика, Психология",Культура и искусство,Культура и искусство,Смешанный,Смешанный,Смешанный,Екатеринбург,Екатеринбург,2026-05-14,06.03.2026,14.05.2026,2026-03-06,2026-03-09,published,0.9,0,3,0
task_00347,ngo_extra_0107,Перевести памятку о правах для мигрантов,АНО «Общее дело»,"С 24 января 2026 года можно подключиться к проекту и помочь команде закрыть важную часть работы. Подойдёт волонтёр, которому комфортен формат «Онлайн».",Образование,Волгоград,"- помогать на встречах;
- адаптировать материалы для аудитории;
- переводить документы и переписку;
- соблюдать конфиденциальность;","Переводы, Копирайтинг, Юридические услуги",Переводы / тексты /  ЮРИДИЧЕСКИЕ УСЛУГИ ,"Переводы, Копирайтинг, Юридические услуги","Переводы, Копирайтинг, Юридические услуги",Образование / Люди без жилья,Образование|Люди без жилья,Онлайн,Онлайн,Онлайн,Волгоград,Волгоград,2026-06-03,24.01.2026,03.06.2026,2026-01-24,2026-01-30,published,0.98,0,5,0
task_00348,ngo_extra_0108,Снять документальный ролик о работе приюта для животных,Просветительский проект «Диалог поколений»,"До 3 июня 2026 года нужно подготовить результат для команды. Будет полезен человек, который умеет работать самостоятельно и вовремя согласовывать промежуточные шаги.",Сельские территории,Омск,"- передавать итоговые файлы команде;
- снимать на мероприятиях;
- обрабатывать материалы;
- соблюдать этику при работе с людьми;",Фото и видео,фото и видео,Фото и видео,Фото и видео,Сельские территории,Сельские территории,Смешанный,Смешанный,Смешанный,Омск,Омск,2026-06-03,08.03.2026,03.06.2026,2026-03-08,2026-03-18,published,0.924,0,1,3
task_00349,ngo_extra_0109,Снять документальный ролик о работе приюта для животных,АНО «Солидарность»,Нужна волонтёрская помощь в формате «Онлайн». Основной фокус — довести работу до завершения и передать материалы или выводы координатору.,Экология,Красноярск,"- передавать итоговые файлы команде;
- снимать на мероприятиях;
- обрабатывать материалы;
- соблюдать этику при работе с людьми;","Фото и видео, Педагогика, Исследования",монтаж / педагогика /  ИССЛЕДОВАНИЯ ,"Фото и видео, Педагогика, Исследования, Организация мероприятий, Координация волонтёров","Фото и видео, Педагогика, Исследования, Организация мероприятий, Координация волонтёров",Экология,Экология,Онлайн,Онлайн,Онлайн,Красноярск,Красноярск,2026-06-07,06.01.2026,07.06.2026,2026-01-06,2026-01-07,published,0.967,0,1,3
task_00350,ngo_extra_0110,Провести серию уроков по финансовой грамотности для подростков,Благотворительный фонд «Паруса надежды»,"Команда ищет участника, который сможет быстро погрузиться в задачу и помочь в направлении «Инклюзия». Особенно пригодятся навыки: Педагогика и Психология.",Инклюзия,Санкт-Петербург,"- собрать обратную связь;
- скорректировать программу по итогам;
- провести занятие или серию встреч;
- подготовить содержание занятия;","Педагогика, Психология",репетиторство / Психология,"Педагогика, Психология","Педагогика, Психология",Инклюзия / Сельские территории / Социальная помощь / Дети и молодёжь,Инклюзия|Сельские территории|Социальная помощь|Дети и молодёжь,Оффлайн,Оффлайн,Оффлайн,САНКТ-ПЕТЕРБУРГ,Санкт-Петербург,2026-06-30,04.04.2026,30.06.2026,2026-04-04,2026-04-05,published,0.95,0,1,2
task_00351,ngo_extra_0111,Снять документальный ролик о работе приюта для животных,Образовательная программа «Живи активно»,"Это практическая волонтёрская задача с понятным результатом. Нужно внимательно выполнить договорённости, учитывать контекст региона Нижний Новгород и передать итог команде.",Культура и искусство,Нижний Новгород,"- снимать на мероприятиях;
- соблюдать этику при работе с людьми;
- передавать итоговые файлы команде;
- обрабатывать материалы;",Фото и видео, МОНТАЖ ,Фото и видео,Фото и видео,Культура и искусство / Сельские территории,Культура и искусство|Сельские территории,Онлайн,Онлайн,Онлайн,Нижний Новгород,Нижний Новгород,2026-05-14,23.03.2026,14.05.2026,2026-03-23,2026-03-30,published,0.933,0,1,3
task_00352,ngo_extra_0112,Стать наставником для выпускника детского дома,Просветительский проект «Добро в школу»,"Мы ищем волонтёр-копирайтер, который поможет команде получить понятный и применимый результат. Работа подойдёт человеку, готовому соблюдать договорённости и передать итог координатору.",Дети и молодёжь,Нижний Новгород,"- соблюдать конфиденциальность;
- помогать с конкретными задачами и целями;
- регулярно общаться с подопечным;
- участвовать во встречах наставников;",Наставничество,наставничество,Наставничество,Наставничество,Дети и молодёжь,Дети и молодёжь,Онлайн,Онлайн,Онлайн,Нижний Новгород,Нижний Новгород,2026-06-11,05.12.2025,11.06.2026,2025-12-05,2025-12-05,published,0.937,0,1,4
task_00353,ngo_extra_0113,Разработать простой сайт для некоммерческой организации,АНО «Близко к людям»,"Нам нужен волонтёр-копирайтер: предстоит включиться в работу команды, аккуратно выполнить свою часть и согласовать результат. Формат участия — оффлайн.",Люди без жилья,Новосибирск,"- уточнить техническое задание;
- протестировать и передать результат;
- оформить документацию;
- разработать решение;","Программирование, Копирайтинг",программирование; тексты,"Программирование, Копирайтинг","Программирование, Копирайтинг",Люди без жилья,Люди без жилья,Оффлайн,Оффлайн,Оффлайн,Новосибирск,Новосибирск,2026-05-25,27.11.2025,25.05.2026,2025-11-27,2025-12-04,published,0.94,0,2,5
task_00354,ngo_extra_0114,Написать и разослать пресс-релиз о мероприятии,АНО «Открытая среда»,"Необходимо помочь проекту в направлении «Сельские территории». Важно разобраться в контексте, выполнить работу в срок и подготовить результат, который можно использовать дальше.",Сельские территории,Воронеж,"- выстраивать контакты с журналистами;
- готовить питчи и предложения для СМИ;
- составлять пресс-релизы;
- помогать с выступлениями спикеров;","PR, Медицина, Переводы", PR  | Медицина | Переводы,"PR, Медицина, Переводы, Коммуникация","PR, Медицина, Переводы, Коммуникация",Сельские территории,Сельские территории,Онлайн,Онлайн,Онлайн,Воронеж,Воронеж,2026-07-16,01.04.2026,16.07.2026,2026-04-01,2026-04-08,published,0.967,0,1,3
task_00355,ngo_extra_0115,Участвовать в выездном медицинском пункте для бездомных,Социальная инициатива «Экоквартал»,"Команде нужна поддержка волонтёра в регионе Новосибирск. Задача рассчитана на ответственное участие, аккуратную коммуникацию и передачу результата координатору.",Животные,Новосибирск,"- взаимодействовать с командой;
- участвовать в выезде или приёме;
- вести краткую документацию;
- помогать с документами для подопечных;",Медицина,Медицина,Медицина,Медицина,Животные,Животные,Оффлайн,Оффлайн,Оффлайн,НОВОСИБИРСК,Новосибирск,2026-05-14,31.01.2026,14.05.2026,2026-01-31,2026-02-07,published,0.869,0,3,2
task_00356,ngo_extra_0116,Организовать набор волонтёров для уборки территории,Просветительский проект «Буду специалистом»,Потребуется помощь волонтёр-аналитик. Работа связана с направлением «Социальная помощь» и предполагает практический результат без лишней бюрократии.,Социальная помощь,Уфа,"- готовить отчёты по работе команды;
- вести реестр и распределять задачи;
- проводить вводные встречи;
- поддерживать связь с волонтёрами;","Координация волонтёров, Исследования",координация волонтёров / исследования,"Координация волонтёров, Исследования","Координация волонтёров, Исследования",Социальная помощь / Здравоохранение / Культура и искусство / Кризисные ситуации,Социальная помощь|Здравоохранение|Культура и искусство|Кризисные ситуации,Онлайн,Онлайн,Онлайн,Уфа,Уфа,2026-05-14,02.12.2025,14.05.2026,2025-12-02,2025-12-06,published,0.967,0,5,3
task_00357,ngo_extra_0117,Провести серию уроков по финансовой грамотности для подростков,Образовательный центр «Путь к профессии»,"С 24 декабря 2025 года можно подключиться к проекту и помочь команде закрыть важную часть работы. Подойдёт волонтёр, которому комфортен формат «Онлайн».",Инклюзия,Новосибирск,"- подготовить содержание занятия;
- скорректировать программу по итогам;
- собрать обратную связь;
- провести занятие или серию встреч;",Педагогика, РЕПЕТИТОРСТВО ,Педагогика,Педагогика,Инклюзия,Инклюзия,Онлайн,Онлайн,Онлайн,НОВОСИБИРСК,Новосибирск,2026-06-01,24.12.2025,01.06.2026,2025-12-24,2025-12-27,published,0.9,0,1,3
task_00359,ngo_extra_0119,Помочь архивировать документы за несколько лет,Социальная инициатива «Детская почта доверия»,"До 14 июня 2026 года нужно подготовить результат для команды. Будет полезен человек, который умеет работать самостоятельно и вовремя согласовывать промежуточные шаги.",Социальная помощь,Москва,"- провести инвентаризацию;
- разобрать и систематизировать архив;
- создать удобную структуру хранения;
- обучить команду работе с документами;","Работа с документами, Копирайтинг",Работа с документами;  КОПИРАЙТИНГ ,"Работа с документами, Копирайтинг","Работа с документами, Копирайтинг",Социальная помощь,Социальная помощь,Онлайн,Онлайн,Онлайн,МОСКВА,Москва,2026-06-14,03.05.2026,14.06.2026,2026-05-03,2026-05-05,published,0.88,0,5,3
task_00360,ngo_extra_0000,Написать и разослать пресс-релиз о мероприятии,Инициатива «Город без барьеров»,Нужна волонтёрская помощь в формате «Онлайн». Основной фокус — довести работу до завершения и передать материалы или выводы координатору.,Культура и искусство,Уфа,"- составлять пресс-релизы;
- готовить питчи и предложения для СМИ;
- выстраивать контакты с журналистами;
- помогать с выступлениями спикеров;","PR, Работа с документами",PR; Работа с документами,"PR, Работа с документами","PR, Работа с документами",Культура и искусство,Культура и искусство,Онлайн,Онлайн,Онлайн,Уфа,Уфа,2026-05-17,28.04.2026,17.05.2026,2026-04-28,2026-04-29,published,0.933,0,1,3
task_00361,ngo_extra_0001,Настроить CRM для учёта волонтёров в организации,Социальная инициатива «Трезвое завтра»,"Команда ищет участника, который сможет быстро погрузиться в задачу и помочь в направлении «Миграция». Особенно пригодятся навыки: IT, Исследования и SMM.",Миграция,Москва,"- написать краткую инструкцию;
- настроить выбранный инструмент;
- обучить 1–2 сотрудников;
- разобраться в текущих процессах;","IT, Исследования, SMM",нейросети; исследования; smm,"IT, Исследования, SMM, Фото и видео","IT, Исследования, SMM, Фото и видео",Миграция,Миграция,Смешанный,Смешанный,Смешанный,МОСКВА,Москва,2026-06-10,24.12.2025,10.06.2026,2025-12-24,2025-12-27,published,0.9,0,1,5
task_00362,ngo_extra_0002,Провести психологические консультации для участников кризисного проекта,АНО «Новый старт»,"Это практическая волонтёрская задача с понятным результатом. Нужно внимательно выполнить договорённости, учитывать контекст региона Уфа и передать итог команде.",Социальная помощь,Уфа,"- участвовать в супервизии команды;
- проводить индивидуальные консультации или групповые встречи;
- соблюдать этику и конфиденциальность;
- вести краткие записи;","Психология, Фандрайзинг","психология, Фандрайзинг","Психология, Фандрайзинг","Психология, Фандрайзинг",Социальная помощь / Спорт и ЗОЖ,Социальная помощь|Спорт и ЗОЖ,Оффлайн,Оффлайн,Оффлайн,Уфа,Уфа,2026-06-10,01.01.2026,10.06.2026,2026-01-01,2026-01-03,published,0.933,0,2,6
task_00363,ngo_extra_0003,Провести опрос участников программы о качестве услуг,Просветительский проект «Первая помощь»,"Мы ищем волонтёр-аналитик, который поможет команде получить понятный и применимый результат. Работа подойдёт человеку, готовому соблюдать договорённости и передать итог координатору.",Социальная помощь,Екатеринбург,"- подготовить краткий отчёт с выводами;
- разработать анкету или гайд;
- систематизировать результаты;
- провести интервью или опросы;","Исследования, Переводы, Работа с документами",Исследования / переводы / работа с документами,"Исследования, Переводы, Работа с документами, PR","Исследования, Переводы, Работа с документами, PR",Социальная помощь,Социальная помощь,Онлайн,Онлайн,Онлайн,Екатеринбург,Екатеринбург,2026-05-25,17.02.2026,25.05.2026,2026-02-17,2026-02-27,published,0.925,0,5,4
task_00364,ngo_extra_0004,Проверить договоры организации на соответствие законодательству,Волонтёрский центр «Оренбургские добровольцы»,"Нам нужен волонтёр с вниманием к документам: предстоит включиться в работу команды, аккуратно выполнить свою часть и согласовать результат. Формат участия — оффлайн.",Инклюзия,Нижний Новгород,"- проверять документы;
- подготавливать шаблоны и памятки;
- проводить консультации по запросу;
- объяснять правовые вопросы простым языком;",Юридические услуги,юридические услуги,Юридические услуги,Юридические услуги,Инклюзия,Инклюзия,Оффлайн,Оффлайн,Оффлайн,Нижний Новгород,Нижний Новгород,2026-06-10,14.11.2025,10.06.2026,2025-11-14,2025-11-22,published,0.927,0,1,5
task_00365,ngo_extra_0005,Создать брендбук для новой организации,АНО «Гражданская инициатива»,"Необходимо помочь проекту в направлении «Дети и молодёжь». Важно разобраться в контексте, выполнить работу в срок и подготовить результат, который можно использовать дальше.",Дети и молодёжь,Волгоград,"- согласовывать правки с командой;
- разрабатывать макеты по брифу;
- адаптировать материалы под разные форматы;
- передавать готовые файлы;",Дизайн,figma,Дизайн,Дизайн,Дети и молодёжь / Образование,Дети и молодёжь|Образование,Оффлайн,Оффлайн,Оффлайн,Волгоград,Волгоград,2026-06-09,04.12.2025,09.06.2026,2025-12-04,2025-12-14,published,0.946,0,2,4
task_00366,ngo_extra_0006,Перевести памятку о правах для мигрантов,Просветительский проект «Семья и право»,"Команде нужна поддержка волонтёра в регионе Санкт-Петербург. Задача рассчитана на ответственное участие, аккуратную коммуникацию и передачу результата координатору.",Животные,Санкт-Петербург,"- переводить документы и переписку;
- адаптировать материалы для аудитории;
- соблюдать конфиденциальность;
- помогать на встречах;","Переводы, Юридические услуги",Переводы / Юридические услуги,"Переводы, Юридические услуги","Переводы, Юридические услуги",Животные,Животные,Онлайн,Онлайн,Онлайн,САНКТ-ПЕТЕРБУРГ,Санкт-Петербург,2026-05-26,01.05.2026,26.05.2026,2026-05-01,2026-05-01,published,0.967,0,2,3
task_00367,ngo_extra_0007,Разработать простой сайт для некоммерческой организации,Образовательный центр «Успех каждого»,Потребуется помощь волонтёр-наставник. Работа связана с направлением «Дети и молодёжь» и предполагает практический результат без лишней бюрократии.,Дети и молодёжь,Волгоград,"- разработать решение;
- оформить документацию;
- уточнить техническое задание;
- протестировать и передать результат;",Программирование,python,Программирование,Программирование,Дети и молодёжь,Дети и молодёжь,Оффлайн,Оффлайн,Оффлайн,Волгоград,Волгоград,2026-07-29,29.11.2025,29.07.2026,2025-11-29,2025-12-04,published,0.967,0,1,3
task_00368,ngo_extra_0008,Участвовать в выездном медицинском пункте для бездомных,Фонд «Право на семью»,"С 20 апреля 2026 года можно подключиться к проекту и помочь команде закрыть важную часть работы. Подойдёт волонтёр, которому комфортен формат «Онлайн».",Экология,Казань,"- участвовать в выезде или приёме;
- вести краткую документацию;
- помогать с документами для подопечных;
- взаимодействовать с командой;","Медицина, Работа с детьми",Медицина | дети,"Медицина, Работа с детьми","Медицина, Работа с детьми",Экология,Экология,Онлайн,Онлайн,Онлайн,Казань,Казань,2026-05-27,20.04.2026,27.05.2026,2026-04-20,2026-04-25,published,0.95,0,2,4
task_00369,ngo_extra_0009,Организовать субботник в парке при поддержке НКО,АНО «Доброе намерение»,"До 1 июня 2026 года нужно подготовить результат для команды. Будет полезен человек, который умеет работать самостоятельно и вовремя согласовывать промежуточные шаги.",Социальная помощь,Санкт-Петербург,"- подготовить краткий отчёт;
- составить план мероприятия;
- координировать участников;
- решать оперативные вопросы в день проведения;","Организация мероприятий, Работа с детьми, Медицина",организация мероприятий; дети; медицина,"Организация мероприятий, Работа с детьми, Медицина, Копирайтинг","Организация мероприятий, Работа с детьми, Медицина, Копирайтинг",Социальная помощь,Социальная помощь,Онлайн,Онлайн,Онлайн,САНКТ-ПЕТЕРБУРГ,Санкт-Петербург,2026-06-01,02.01.2026,01.06.2026,2026-01-02,2026-01-03,published,0.9,0,3,0
task_00370,ngo_extra_0010,Организовать набор волонтёров для уборки территории,Благотворительный фонд «Руки помощи»,Нужна волонтёрская помощь в формате «Оффлайн». Основной фокус — довести работу до завершения и передать материалы или выводы координатору.,Спорт и ЗОЖ,Красноярск,"- готовить отчёты по работе команды;
- поддерживать связь с волонтёрами;
- проводить вводные встречи;
- вести реестр и распределять задачи;","Координация волонтёров, SMM, Коммуникация", КООРДИНАЦИЯ ВОЛОНТЁРОВ  | ведение соцсетей | коммуникация,"Координация волонтёров, SMM, Коммуникация","Координация волонтёров, SMM, Коммуникация",Спорт и ЗОЖ / Экология / Помощь пожилым,Спорт и ЗОЖ|Экология|Помощь пожилым,Оффлайн,Оффлайн,Оффлайн,Красноярск,Красноярск,2026-05-25,10.01.2026,25.05.2026,2026-01-10,2026-01-11,published,0.967,0,5,3
task_00371,ngo_extra_0011,Организовать набор волонтёров для уборки территории,Социальная инициатива «Антикризисный штаб»,"Команда ищет участника, который сможет быстро погрузиться в задачу и помочь в направлении «Образование». Особенно пригодятся навыки: Координация волонтёров и IT.",Образование,Санкт-Петербург,"- вести реестр и распределять задачи;
- готовить отчёты по работе команды;
- поддерживать связь с волонтёрами;
- проводить вводные встречи;","Координация волонтёров, IT", КООРДИНАЦИЯ ВОЛОНТЁРОВ ; нейросети,"Координация волонтёров, IT","Координация волонтёров, IT",Образование,Образование,Онлайн,Онлайн,Онлайн,САНКТ-ПЕТЕРБУРГ,Санкт-Петербург,2026-06-09,04.05.2026,09.06.2026,2026-05-04,2026-05-07,published,0.967,0,1,6
task_00372,ngo_extra_0012,Написать серию материалов о подопечных для сайта и соцсетей,Фонд помощи «Дети в беде»,"Это практическая волонтёрская задача с понятным результатом. Нужно внимательно выполнить договорённости, учитывать контекст региона Волгоград и передать итог команде.",Помощь пожилым,Волгоград,"- брать короткие интервью у подопечных;
- писать тексты по брифу и структуре;
- редактировать материалы команды;
- выдерживать тон и стиль бренда;","Копирайтинг, Программирование", КОПИРАЙТИНГ ;  JS ,"Копирайтинг, Программирование","Копирайтинг, Программирование",Помощь пожилым / Кризисные ситуации / Сельские территории,Помощь пожилым|Кризисные ситуации|Сельские территории,Онлайн,Онлайн,Онлайн,Волгоград,Волгоград,2026-06-13,06.01.2026,13.06.2026,2026-01-06,2026-01-08,published,0.9,0,1,2
task_00373,ngo_extra_0013,Создать брендбук для новой организации,Образовательная инициатива «Мы и общество»,"Мы ищем волонтёр с опытом в визуальных материалах, который поможет команде получить понятный и применимый результат. Работа подойдёт человеку, готовому соблюдать договорённости и передать итог координатору.",Инклюзия,Ростов-на-Дону,"- передавать готовые файлы;
- адаптировать материалы под разные форматы;
- согласовывать правки с командой;
- разрабатывать макеты по брифу;","Дизайн, Медицина",canva |  МЕДИЦИНА ,"Дизайн, Медицина","Дизайн, Медицина",Инклюзия,Инклюзия,Оффлайн,Оффлайн,Оффлайн,РОСТОВ-НА-ДОНУ,Ростов-на-Дону,2026-05-18,23.04.2026,18.05.2026,2026-04-23,2026-04-23,published,0.98,0,5,1
task_00374,ngo_extra_0014,Перевести памятку о правах для мигрантов,Центр добровольчества «Вологодские волонтёры»,"Нам нужен волонтёр-аналитик: предстоит включиться в работу команды, аккуратно выполнить свою часть и согласовать результат. Формат участия — онлайн.",Животные,Волгоград,"- переводить документы и переписку;
- адаптировать материалы для аудитории;
- соблюдать конфиденциальность;
- помогать на встречах;","Переводы, Исследования, PR",переводы; Исследования; PR,"Переводы, Исследования, PR","Переводы, Исследования, PR",Животные,Животные,Онлайн,Онлайн,Онлайн,Волгоград,Волгоград,2026-06-10,27.01.2026,10.06.2026,2026-01-27,2026-01-27,published,0.95,0,2,2
task_00375,ngo_extra_0015,Запустить краудфандинговую кампанию на Планете.ру,Благотворительный фонд «Активное долголетие»,"Необходимо помочь проекту в направлении «Животные». Важно разобраться в контексте, выполнить работу в срок и подготовить результат, который можно использовать дальше.",Животные,Омск,"- координировать продвижение;
- разработать идею кампании;
- отчитываться об итогах сбора;
- подготовить тексты и контент;","Фандрайзинг, Работа с документами",фандрайзинг / Работа с документами,"Фандрайзинг, Работа с документами","Фандрайзинг, Работа с документами",Животные,Животные,Онлайн,Онлайн,Онлайн,Омск,Омск,2026-06-21,20.11.2025,21.06.2026,2025-11-20,2025-11-21,published,0.936,0,1,7
task_00376,ngo_extra_0016,Участвовать в выездном медицинском пункте для бездомных,Просветительский проект «Право на город»,"Команде нужна поддержка волонтёра в регионе Воронеж. Задача рассчитана на ответственное участие, аккуратную коммуникацию и передачу результата координатору.",Дети и молодёжь,Воронеж,"- участвовать в выезде или приёме;
- вести краткую документацию;
- взаимодействовать с командой;
- помогать с документами для подопечных;",Медицина,Медицина,Медицина,Медицина,Дети и молодёжь,Дети и молодёжь,Онлайн,Онлайн,Онлайн,Воронеж,Воронеж,2026-05-25,24.02.2026,25.05.2026,2026-02-24,2026-02-27,published,0.927,0,1,2
task_00377,ngo_extra_0017,Организовать набор волонтёров для уборки территории,Волонтёрский центр «Тульское добровольчество»,Потребуется помощь IT-волонтёр. Работа связана с направлением «Образование» и предполагает практический результат без лишней бюрократии.,Образование,Москва,"- готовить отчёты по работе команды;
- поддерживать связь с волонтёрами;
- проводить вводные встречи;
- вести реестр и распределять задачи;",Координация волонтёров,Координация волонтёров,Координация волонтёров,Координация волонтёров,Образование,Образование,Онлайн,Онлайн,Онлайн,Москва,Москва,2026-05-18,27.04.2026,18.05.2026,2026-04-27,2026-05-03,published,0.862,0,1,0
task_00378,ngo_extra_0018,Разработать простой сайт для некоммерческой организации,Волонтёрский центр «Нижегородские добровольцы»,"С 17 марта 2026 года можно подключиться к проекту и помочь команде закрыть важную часть работы. Подойдёт волонтёр, которому комфортен формат «Онлайн».",Кризисные ситуации,Ростов-на-Дону,"- разработать решение;
- протестировать и передать результат;
- уточнить техническое задание;
- оформить документацию;",Программирование,программирование,Программирование,Программирование,Кризисные ситуации / Спорт и ЗОЖ / Культура и искусство / Здравоохранение,Кризисные ситуации|Спорт и ЗОЖ|Культура и искусство|Здравоохранение,Онлайн,Онлайн,Онлайн,Ростов-на-Дону,Ростов-на-Дону,2026-06-17,17.03.2026,17.06.2026,2026-03-17,2026-03-26,published,0.9,0,1,1
task_00379,ngo_extra_0019,Разработать простой сайт для некоммерческой организации,Социальная инициатива «Добрый двор»,"До 22 июня 2026 года нужно подготовить результат для команды. Будет полезен человек, который умеет работать самостоятельно и вовремя согласовывать промежуточные шаги.",Помощь пожилым,Омск,"- разработать решение;
- протестировать и передать результат;
- оформить документацию;
- уточнить техническое задание;","Программирование, Дизайн, Организация мероприятий","программирование,  FIGMA , Организация мероприятий","Программирование, Дизайн, Организация мероприятий","Программирование, Дизайн, Организация мероприятий",Помощь пожилым / Культура и искусство,Помощь пожилым|Культура и искусство,Онлайн,Онлайн,Онлайн,Омск,Омск,2026-06-22,15.11.2025,22.06.2026,2025-11-15,2025-11-21,published,0.92,0,1,5
task_00380,ngo_extra_0020,Провести занятие по рисованию для детей из малообеспеченных семей,Просветительский центр «Открытый класс»,Нужна волонтёрская помощь в формате «Оффлайн». Основной фокус — довести работу до завершения и передать материалы или выводы координатору.,Социальная помощь,Челябинск,"- соблюдать правила безопасности;
- поддерживать позитивную атмосферу;
- взаимодействовать с куратором;
- провести занятие или мастер-класс;",Работа с детьми,дети,Работа с детьми,Работа с детьми,Социальная помощь,Социальная помощь,Оффлайн,Оффлайн,Оффлайн,Челябинск,Челябинск,2026-07-01,14.04.2026,01.07.2026,2026-04-14,2026-04-18,published,0.92,0,2,5
task_00381,ngo_extra_0021,Разработать простой сайт для некоммерческой организации,Социальная инициатива «Мобильная аптека»,"Команда ищет участника, который сможет быстро погрузиться в задачу и помочь в направлении «Экология». Особенно пригодятся навыки: Программирование.",Экология,Челябинск,"- протестировать и передать результат;
- разработать решение;
- уточнить техническое задание;
- оформить документацию;",Программирование,js,Программирование,Программирование,Экология / Культура и искусство,Экология|Культура и искусство,Оффлайн,Оффлайн,Оффлайн,ЧЕЛЯБИНСК,Челябинск,2026-06-25,23.04.2026,25.06.2026,2026-04-23,2026-05-03,published,0.98,0,2,1
task_00382,ngo_extra_0022,Провести психологические консультации для участников кризисного проекта,Инициатива «Помощь после выхода»,"Это практическая волонтёрская задача с понятным результатом. Нужно внимательно выполнить договорённости, учитывать контекст региона Нижний Новгород и передать итог команде.",Спорт и ЗОЖ,Нижний Новгород,"- вести краткие записи;
- соблюдать этику и конфиденциальность;
- участвовать в супервизии команды;
- проводить индивидуальные консультации или групповые встречи;","Психология, Дизайн",психология | canva,"Психология, Дизайн","Психология, Дизайн",Спорт и ЗОЖ / Кризисные ситуации,Спорт и ЗОЖ|Кризисные ситуации,Оффлайн,Оффлайн,Оффлайн,Нижний Новгород,Нижний Новгород,2026-06-21,29.12.2025,21.06.2026,2025-12-29,2025-12-31,published,0.98,0,1,0
task_00383,ngo_extra_0023,Настроить CRM для учёта волонтёров в организации,АНО «Социальный капитал»,"Мы ищем волонтёр-копирайтер, который поможет команде получить понятный и применимый результат. Работа подойдёт человеку, готовому соблюдать договорённости и передать итог координатору.",Образование,Ростов-на-Дону,"- разобраться в текущих процессах;
- обучить 1–2 сотрудников;
- настроить выбранный инструмент;
- написать краткую инструкцию;","IT, Копирайтинг",нейросети / тексты,"IT, Копирайтинг","IT, Копирайтинг",Образование,Образование,Онлайн,Онлайн,Онлайн,Ростов-на-Дону,Ростов-на-Дону,2026-06-09,05.12.2025,09.06.2026,2025-12-05,2025-12-07,published,0.95,0,5,2
task_00384,ngo_extra_0024,Настроить CRM для учёта волонтёров в организации,Социальная инициатива «Живой огород»,"Нам нужен волонтёр-наставник: предстоит включиться в работу команды, аккуратно выполнить свою часть и согласовать результат. Формат участия — оффлайн.",Дети и молодёжь,Самара,"- написать краткую инструкцию;
- разобраться в текущих процессах;
- настроить выбранный инструмент;
- обучить 1–2 сотрудников;","IT, Фандрайзинг",no-code / Фандрайзинг,"IT, Фандрайзинг","IT, Фандрайзинг",Дети и молодёжь,Дети и молодёжь,Оффлайн,Оффлайн,Оффлайн,Самара,Самара,2026-06-13,08.01.2026,13.06.2026,2026-01-08,2026-01-12,published,0.98,0,1,6
task_00385,ngo_extra_0025,Участвовать в выездном медицинском пункте для бездомных,Образовательный проект «Умный город»,"Необходимо помочь проекту в направлении «Люди без жилья». Важно разобраться в контексте, выполнить работу в срок и подготовить результат, который можно использовать дальше.",Люди без жилья,Москва,"- участвовать в выезде или приёме;
- помогать с документами для подопечных;
- вести краткую документацию;
- взаимодействовать с командой;","Медицина, Психология","медицина,  ПСИХОЛОГИЯ ","Медицина, Психология","Медицина, Психология",Люди без жилья / Культура и искусство / Сельские территории,Люди без жилья|Культура и искусство|Сельские территории,Оффлайн,Оффлайн,Оффлайн,МОСКВА,Москва,2026-06-13,29.01.2026,13.06.2026,2026-01-29,2026-02-04,published,0.9,0,5,0
task_00386,ngo_extra_0026,Участвовать в выездном медицинском пункте для бездомных,Благотворительный фонд «Неравнодушные»,"Команде нужна поддержка волонтёра в регионе Ростов-на-Дону. Задача рассчитана на ответственное участие, аккуратную коммуникацию и передачу результата координатору.",Экология,Ростов-на-Дону,"- помогать с документами для подопечных;
- участвовать в выезде или приёме;
- вести краткую документацию;
- взаимодействовать с командой;",Медицина,Медицина,Медицина,Медицина,Экология / Помощь пожилым / Спорт и ЗОЖ / Миграция,Экология|Помощь пожилым|Спорт и ЗОЖ|Миграция,Оффлайн,Оффлайн,Оффлайн,Ростов-на-Дону,Ростов-на-Дону,2026-06-25,31.03.2026,25.06.2026,2026-03-31,2026-04-07,published,0.98,0,5,1
task_00387,ngo_extra_0027,Проанализировать эффективность работы горячей линии,Благотворительный фонд «Горизонт»,Потребуется помощь волонтёр с опытом в визуальных материалах. Работа связана с направлением «Культура и искусство» и предполагает практический результат без лишней бюрократии.,Культура и искусство,Пермь,"- подготовить выводы в понятном формате;
- изучить исходные данные;
- построить визуализацию или дашборд;
- дать рекомендации команде;",Аналитика,excel,Аналитика,Аналитика,Культура и искусство / Образование,Культура и искусство|Образование,Онлайн,Онлайн,Онлайн,Пермь,Пермь,2026-07-17,27.04.2026,17.07.2026,2026-04-27,2026-05-05,published,0.9,0,1,2
task_00388,ngo_extra_0028,Снять документальный ролик о работе приюта для животных,Образовательный проект «Цифровое поколение»,"С 17 декабря 2025 года можно подключиться к проекту и помочь команде закрыть важную часть работы. Подойдёт волонтёр, которому комфортен формат «Онлайн».",Здравоохранение,Уфа,"- снимать на мероприятиях;
- соблюдать этику при работе с людьми;
- передавать итоговые файлы команде;
- обрабатывать материалы;",Фото и видео,монтаж,Фото и видео,Фото и видео,Здравоохранение / Сельские территории,Здравоохранение|Сельские территории,Онлайн,Онлайн,Онлайн,Уфа,Уфа,2026-06-22,17.12.2025,22.06.2026,2025-12-17,2025-12-25,published,0.95,0,5,4
task_00389,ngo_extra_0029,Настроить CRM для учёта волонтёров в организации,АНО «Практика добра»,"До 15 июля 2026 года нужно подготовить результат для команды. Будет полезен человек, который умеет работать самостоятельно и вовремя согласовывать промежуточные шаги.",Здравоохранение,Челябинск,"- настроить выбранный инструмент;
- обучить 1–2 сотрудников;
- написать краткую инструкцию;
- разобраться в текущих процессах;",IT, НЕЙРОСЕТИ ,IT,IT,Здравоохранение,Здравоохранение,Оффлайн,Оффлайн,Оффлайн,Челябинск,Челябинск,2026-07-15,27.04.2026,15.07.2026,2026-04-27,2026-05-03,published,0.869,0,2,1
task_00390,ngo_extra_0030,Провести серию уроков по финансовой грамотности для подростков,Инициатива «Помощь без бюрократии»,Нужна волонтёрская помощь в формате «Онлайн». Основной фокус — довести работу до завершения и передать материалы или выводы координатору.,Люди без жилья,Уфа,"- скорректировать программу по итогам;
- провести занятие или серию встреч;
- собрать обратную связь;
- подготовить содержание занятия;",Педагогика,репетиторство,Педагогика,Педагогика,Люди без жилья / Социальная помощь / Инклюзия,Люди без жилья|Социальная помощь|Инклюзия,Онлайн,Онлайн,Онлайн,Уфа,Уфа,2026-05-29,07.12.2025,29.05.2026,2025-12-07,2025-12-08,published,0.98,0,2,1
task_00391,ngo_extra_0031,Помочь архивировать документы за несколько лет,Центр добровольчества «Иркутские волонтёры»,"Команда ищет участника, который сможет быстро погрузиться в задачу и помочь в направлении «Люди без жилья». Особенно пригодятся навыки: Работа с документами и Психология.",Люди без жилья,Челябинск,"- создать удобную структуру хранения;
- обучить команду работе с документами;
- провести инвентаризацию;
- разобрать и систематизировать архив;","Работа с документами, Психология",Работа с документами; психология,"Работа с документами, Психология","Работа с документами, Психология",Люди без жилья,Люди без жилья,Оффлайн,Оффлайн,Оффлайн,Челябинск,Челябинск,2026-06-25,07.02.2026,25.06.2026,2026-02-07,2026-02-17,published,0.9,0,1,1
task_00392,ngo_extra_0032,Создать брендбук для новой организации,АНО «Свобода передвижения»,"Это практическая волонтёрская задача с понятным результатом. Нужно внимательно выполнить договорённости, учитывать контекст региона Уфа и передать итог команде.",Кризисные ситуации,Уфа,"- передавать готовые файлы;
- адаптировать материалы под разные форматы;
- разрабатывать макеты по брифу;
- согласовывать правки с командой;","Дизайн, Переводы, Фандрайзинг",дизайн; Переводы; Фандрайзинг,"Дизайн, Переводы, Фандрайзинг","Дизайн, Переводы, Фандрайзинг",Кризисные ситуации,Кризисные ситуации,Онлайн,Онлайн,Онлайн,Уфа,Уфа,2026-06-20,11.12.2025,20.06.2026,2025-12-11,2025-12-13,published,0.933,0,1,3
task_00393,ngo_extra_0033,Написать серию материалов о подопечных для сайта и соцсетей,Центр добровольчества «Пермские волонтёры»,"Мы ищем волонтёр с опытом в визуальных материалах, который поможет команде получить понятный и применимый результат. Работа подойдёт человеку, готовому соблюдать договорённости и передать итог координатору.",Люди без жилья,Самара,"- выдерживать тон и стиль бренда;
- писать тексты по брифу и структуре;
- брать короткие интервью у подопечных;
- редактировать материалы команды;",Копирайтинг,тексты,Копирайтинг,Копирайтинг,Люди без жилья,Люди без жилья,Онлайн,Онлайн,Онлайн,Самара,Самара,2026-05-27,04.03.2026,27.05.2026,2026-03-04,2026-03-10,published,0.864,0,1,2
task_00395,ngo_extra_0035,Снять документальный ролик о работе приюта для животных,Благотворительный фонд «Добрый берег»,"Нам нужен волонтёр с опытом в визуальных материалах: предстоит включиться в работу команды, аккуратно выполнить свою часть и согласовать результат. Формат участия — смешанный.",Дети и молодёжь,Челябинск,"- соблюдать этику при работе с людьми;
- снимать на мероприятиях;
- обрабатывать материалы;
- передавать итоговые файлы команде;","Фото и видео, Фандрайзинг, Программирование"," МОНТАЖ , Фандрайзинг, программирование","Фото и видео, Фандрайзинг, Программирование","Фото и видео, Фандрайзинг, Программирование",Дети и молодёжь,Дети и молодёжь,Смешанный,Смешанный,Смешанный,Челябинск,Челябинск,2026-06-25,04.05.2026,25.06.2026,2026-05-04,2026-05-05,published,0.95,0,1,2
task_00396,ngo_extra_0036,Провести опрос участников программы о качестве услуг,Просветительская программа «Здоровая деревня»,"Необходимо помочь проекту в направлении «Экология». Важно разобраться в контексте, выполнить работу в срок и подготовить результат, который можно использовать дальше.",Экология,Самара,"- систематизировать результаты;
- провести интервью или опросы;
- подготовить краткий отчёт с выводами;
- разработать анкету или гайд;",Исследования,исследования,Исследования,Исследования,Экология,Экология,Оффлайн,Оффлайн,Оффлайн,Самара,Самара,2026-06-12,22.01.2026,12.06.2026,2026-01-22,2026-02-01,published,0.906,0,2,3
task_00397,ngo_extra_0037,Провести серию уроков по финансовой грамотности для подростков,Инициатива «Экологическая субботка»,"Команде нужна поддержка волонтёра в регионе Санкт-Петербург. Задача рассчитана на ответственное участие, аккуратную коммуникацию и передачу результата координатору.",Помощь пожилым,Санкт-Петербург,"- провести занятие или серию встреч;
- собрать обратную связь;
- подготовить содержание занятия;
- скорректировать программу по итогам;","Педагогика, Переводы, Координация волонтёров",педагогика; Переводы; Координация волонтёров,"Педагогика, Переводы, Координация волонтёров, Медицина","Педагогика, Переводы, Координация волонтёров, Медицина",Помощь пожилым / Кризисные ситуации,Помощь пожилым|Кризисные ситуации,Оффлайн,Оффлайн,Оффлайн,САНКТ-ПЕТЕРБУРГ,Санкт-Петербург,2026-06-05,15.03.2026,05.06.2026,2026-03-15,2026-03-21,published,0.95,0,3,4
task_00398,ngo_extra_0038,Провести серию уроков по финансовой грамотности для подростков,Центр добровольчества «Астраханские волонтёры»,Потребуется помощь волонтёр-наставник. Работа связана с направлением «Дети и молодёжь» и предполагает практический результат без лишней бюрократии.,Дети и молодёжь,Самара,"- провести занятие или серию встреч;
- скорректировать программу по итогам;
- подготовить содержание занятия;
- собрать обратную связь;",Педагогика,педагогика,Педагогика,Педагогика,Дети и молодёжь / Кризисные ситуации,Дети и молодёжь|Кризисные ситуации,Онлайн,Онлайн,Онлайн,Самара,Самара,2026-06-25,15.01.2026,25.06.2026,2026-01-15,2026-01-15,published,0.92,0,1,5
task_00399,ngo_extra_0039,Участвовать в выездном медицинском пункте для бездомных,Просветительский центр «Будущее рядом»,"С 6 мая 2026 года можно подключиться к проекту и помочь команде закрыть важную часть работы. Подойдёт волонтёр, которому комфортен формат «Онлайн».",Помощь пожилым,Екатеринбург,"- помогать с документами для подопечных;
- участвовать в выезде или приёме;
- вести краткую документацию;
- взаимодействовать с командой;","Медицина, Работа с документами", МЕДИЦИНА ; работа с документами,"Медицина, Работа с документами","Медицина, Работа с документами",Помощь пожилым,Помощь пожилым,Онлайн,Онлайн,Онлайн,Екатеринбург,Екатеринбург,2026-06-26,06.05.2026,26.06.2026,2026-05-06,2026-05-11,published,0.933,0,2,3
task_00400,ngo_extra_0040,Запустить краудфандинговую кампанию на Планете.ру,Просветительский центр «Экопросвещение»,"До 25 июня 2026 года нужно подготовить результат для команды. Будет полезен человек, который умеет работать самостоятельно и вовремя согласовывать промежуточные шаги.",Сельские территории,Челябинск,"- отчитываться об итогах сбора;
- разработать идею кампании;
- координировать продвижение;
- подготовить тексты и контент;",Фандрайзинг, ФАНДРАЙЗИНГ ,Фандрайзинг,Фандрайзинг,Сельские территории / Миграция,Сельские территории|Миграция,Оффлайн,Оффлайн,Оффлайн,Челябинск,Челябинск,2026-06-25,04.12.2025,25.06.2026,2025-12-04,2025-12-13,published,0.891,0,1,1
task_00401,ngo_extra_0041,Организовать субботник в парке при поддержке НКО,Просветительский проект «Дети учат детей»,Нужна волонтёрская помощь в формате «Оффлайн». Основной фокус — довести работу до завершения и передать материалы или выводы координатору.,Социальная помощь,Пермь,"- составить план мероприятия;
- координировать участников;
- подготовить краткий отчёт;
- решать оперативные вопросы в день проведения;","Организация мероприятий, PR",организация мероприятий; pr,"Организация мероприятий, PR","Организация мероприятий, PR",Социальная помощь / Образование,Социальная помощь|Образование,Оффлайн,Оффлайн,Оффлайн,ПЕРМЬ,Пермь,2026-06-25,04.01.2026,25.06.2026,2026-01-04,2026-01-11,published,0.92,0,1,5
task_00402,ngo_extra_0042,Организовать субботник в парке при поддержке НКО,Образовательный центр «Активный гражданин»,"Команда ищет участника, который сможет быстро погрузиться в задачу и помочь в направлении «Люди без жилья». Особенно пригодятся навыки: Организация мероприятий.",Люди без жилья,Пермь,"- составить план мероприятия;
- подготовить краткий отчёт;
- координировать участников;
- решать оперативные вопросы в день проведения;",Организация мероприятий,Организация мероприятий,Организация мероприятий,Организация мероприятий,Люди без жилья / Образование,Люди без жилья|Образование,Оффлайн,Оффлайн,Оффлайн,Пермь,Пермь,2026-05-16,12.02.2026,16.05.2026,2026-02-12,2026-02-12,published,0.932,0,2,2
task_00403,ngo_extra_0043,Помочь архивировать документы за несколько лет,Образовательная инициатива «Молодёжный актив»,"Это практическая волонтёрская задача с понятным результатом. Нужно внимательно выполнить договорённости, учитывать контекст региона Волгоград и передать итог команде.",Люди без жилья,Волгоград,"- провести инвентаризацию;
- создать удобную структуру хранения;
- разобрать и систематизировать архив;
- обучить команду работе с документами;",Работа с документами,работа с документами,Работа с документами,Работа с документами,Люди без жилья,Люди без жилья,Оффлайн,Оффлайн,Оффлайн,Волгоград,Волгоград,2026-05-18,12.12.2025,18.05.2026,2025-12-12,2025-12-13,published,0.98,0,2,0
task_00404,ngo_extra_0044,Написать серию материалов о подопечных для сайта и соцсетей,Центр добровольчества «Активный гражданин»,"Мы ищем волонтёр с опытом в визуальных материалах, который поможет команде получить понятный и применимый результат. Работа подойдёт человеку, готовому соблюдать договорённости и передать итог координатору.",Животные,Красноярск,"- выдерживать тон и стиль бренда;
- писать тексты по брифу и структуре;
- редактировать материалы команды;
- брать короткие интервью у подопечных;",Копирайтинг,тексты,Копирайтинг,Копирайтинг,Животные / Культура и искусство,Животные|Культура и искусство,Онлайн,Онлайн,Онлайн,Красноярск,Красноярск,2026-06-10,15.01.2026,10.06.2026,2026-01-15,2026-01-23,published,0.9,0,2,4
task_00405,ngo_extra_0045,Провести опрос участников программы о качестве услуг,Социальная инициатива «Скорая социальная помощь»,"Нам нужен волонтёр-аналитик: предстоит включиться в работу команды, аккуратно выполнить свою часть и согласовать результат. Формат участия — оффлайн.",Кризисные ситуации,Красноярск,"- подготовить краткий отчёт с выводами;
- систематизировать результаты;
- разработать анкету или гайд;
- провести интервью или опросы;","Исследования, Психология, Наставничество","Исследования, психология, Наставничество","Исследования, Психология, Наставничество, Работа с документами","Исследования, Психология, Наставничество, Работа с документами",Кризисные ситуации,Кризисные ситуации,Оффлайн,Оффлайн,Оффлайн,Красноярск,Красноярск,2026-07-12,30.04.2026,12.07.2026,2026-04-30,2026-05-01,published,0.9,0,1,2
task_00406,ngo_extra_0046,Написать серию материалов о подопечных для сайта и соцсетей,Центр добровольчества «Рязанские волонтёры»,"Необходимо помочь проекту в направлении «Экология». Важно разобраться в контексте, выполнить работу в срок и подготовить результат, который можно использовать дальше.",Экология,Санкт-Петербург,"- редактировать материалы команды;
- выдерживать тон и стиль бренда;
- брать короткие интервью у подопечных;
- писать тексты по брифу и структуре;",Копирайтинг, КОПИРАЙТИНГ ,Копирайтинг,Копирайтинг,Экология,Экология,Онлайн,Онлайн,Онлайн,Санкт-Петербург,Санкт-Петербург,2026-05-18,13.12.2025,18.05.2026,2025-12-13,2025-12-17,published,0.88,0,2,1
task_00407,ngo_extra_0047,Вести Телеграм-канал организации в течение месяца,Благотворительный фонд «Местный герой»,"Команде нужна поддержка волонтёра в регионе Москва. Задача рассчитана на ответственное участие, аккуратную коммуникацию и передачу результата координатору.",Культура и искусство,Москва,"- следить за реакциями и отвечать на комментарии;
- анализировать охваты;
- создавать посты и истории;
- готовить контент-план;",SMM,ведение соцсетей,SMM,SMM,Культура и искусство,Культура и искусство,Онлайн,Онлайн,Онлайн,Москва,Москва,2026-05-18,18.03.2026,18.05.2026,2026-03-18,2026-03-22,published,0.857,0,3,3
task_00408,ngo_extra_0048,Стать наставником для выпускника детского дома,Образовательный центр «Знание и действие»,Потребуется помощь волонтёр-копирайтер. Работа связана с направлением «Образование» и предполагает практический результат без лишней бюрократии.,Образование,Пермь,"- участвовать во встречах наставников;
- регулярно общаться с подопечным;
- помогать с конкретными задачами и целями;
- соблюдать конфиденциальность;","Наставничество, PR, Копирайтинг",Наставничество | PR |  КОПИРАЙТИНГ ,"Наставничество, PR, Копирайтинг, Фандрайзинг","Наставничество, PR, Копирайтинг, Фандрайзинг",Образование,Образование,Онлайн,Онлайн,Онлайн,Пермь,Пермь,2026-05-30,12.02.2026,30.05.2026,2026-02-12,2026-02-17,published,0.898,0,1,1
task_00409,ngo_extra_0049,Создать брендбук для новой организации,Инициатива «Лекарства для пожилых»,"С 2 февраля 2026 года можно подключиться к проекту и помочь команде закрыть важную часть работы. Подойдёт волонтёр, которому комфортен формат «Онлайн».",Сельские территории,Нижний Новгород,"- разрабатывать макеты по брифу;
- согласовывать правки с командой;
- передавать готовые файлы;
- адаптировать материалы под разные форматы;","Дизайн, Фото и видео, Координация волонтёров",canva / фото и видео / Координация волонтёров,"Дизайн, Фото и видео, Координация волонтёров","Дизайн, Фото и видео, Координация волонтёров",Сельские территории,Сельские территории,Онлайн,Онлайн,Онлайн,Нижний Новгород,Нижний Новгород,2026-06-14,02.02.2026,14.06.2026,2026-02-02,2026-02-06,published,0.92,0,2,5
task_00410,ngo_extra_0050,Проверить договоры организации на соответствие законодательству,Благотворительный фонд «Территория добра»,"До 9 июня 2026 года нужно подготовить результат для команды. Будет полезен человек, который умеет работать самостоятельно и вовремя согласовывать промежуточные шаги.",Животные,Москва,"- проводить консультации по запросу;
- объяснять правовые вопросы простым языком;
- проверять документы;
- подготавливать шаблоны и памятки;","Юридические услуги, Копирайтинг, Фандрайзинг",юридические услуги / тексты /  ФАНДРАЙЗИНГ ,"Юридические услуги, Копирайтинг, Фандрайзинг, Психология","Юридические услуги, Копирайтинг, Фандрайзинг, Психология",Животные,Животные,Онлайн,Онлайн,Онлайн,МОСКВА,Москва,2026-06-09,11.05.2026,09.06.2026,2026-05-11,2026-05-11,published,0.967,0,1,3
task_00411,ngo_extra_0051,Провести занятие по рисованию для детей из малообеспеченных семей,Просветительский центр «Рядом с природой»,Нужна волонтёрская помощь в формате «Онлайн». Основной фокус — довести работу до завершения и передать материалы или выводы координатору.,Дети и молодёжь,Екатеринбург,"- соблюдать правила безопасности;
- взаимодействовать с куратором;
- поддерживать позитивную атмосферу;
- провести занятие или мастер-класс;","Работа с детьми, Копирайтинг, Аналитика",дети / копирайтинг / анализ данных,"Работа с детьми, Копирайтинг, Аналитика, Переводы, Работа с документами","Работа с детьми, Копирайтинг, Аналитика, Переводы, Работа с документами",Дети и молодёжь / Здравоохранение,Дети и молодёжь|Здравоохранение,Онлайн,Онлайн,Онлайн,ЕКАТЕРИНБУРГ,Екатеринбург,2026-06-11,14.11.2025,11.06.2026,2025-11-14,2025-11-21,published,0.95,0,1,2
task_00412,ngo_extra_0052,Написать серию материалов о подопечных для сайта и соцсетей,Социальная инициатива «Дрова для деревни»,"Команда ищет участника, который сможет быстро погрузиться в задачу и помочь в направлении «Правозащита». Особенно пригодятся навыки: Копирайтинг.",Правозащита,Пермь,"- писать тексты по брифу и структуре;
- брать короткие интервью у подопечных;
- выдерживать тон и стиль бренда;
- редактировать материалы команды;",Копирайтинг,копирайтинг,Копирайтинг,Копирайтинг,Правозащита / Помощь пожилым / Миграция,Правозащита|Помощь пожилым|Миграция,Смешанный,Смешанный,Смешанный,Пермь,Пермь,2026-06-26,17.11.2025,26.06.2026,2025-11-17,2025-11-17,published,0.95,0,2,6
task_00413,ngo_extra_0053,Стать наставником для выпускника детского дома,Волонтёрский центр «Ставропольские добровольцы»,"Это практическая волонтёрская задача с понятным результатом. Нужно внимательно выполнить договорённости, учитывать контекст региона Челябинск и передать итог команде.",Дети и молодёжь,Челябинск,"- участвовать во встречах наставников;
- соблюдать конфиденциальность;
- помогать с конкретными задачами и целями;
- регулярно общаться с подопечным;",Наставничество, НАСТАВНИЧЕСТВО ,Наставничество,Наставничество,Дети и молодёжь,Дети и молодёжь,Онлайн,Онлайн,Онлайн,Челябинск,Челябинск,2026-06-25,23.12.2025,25.06.2026,2025-12-23,2025-12-29,published,0.92,0,3,3
task_00414,ngo_extra_0054,Помочь архивировать документы за несколько лет,Волонтёрский центр «Ивановские добровольцы»,"Мы ищем волонтёр с вниманием к документам, который поможет команде получить понятный и применимый результат. Работа подойдёт человеку, готовому соблюдать договорённости и передать итог координатору.",Кризисные ситуации,Казань,"- обучить команду работе с документами;
- разобрать и систематизировать архив;
- создать удобную структуру хранения;
- провести инвентаризацию;",Работа с документами,работа с документами,Работа с документами,Работа с документами,Кризисные ситуации,Кризисные ситуации,Онлайн,Онлайн,Онлайн,КАЗАНЬ,Казань,2026-06-10,12.03.2026,10.06.2026,2026-03-12,2026-03-21,published,0.882,0,1,3
task_00415,ngo_extra_0055,Снять документальный ролик о работе приюта для животных,Центр добровольчества «Курские волонтёры»,"Нам нужен волонтёр с опытом в визуальных материалах: предстоит включиться в работу команды, аккуратно выполнить свою часть и согласовать результат. Формат участия — смешанный.",Животные,Москва,"- снимать на мероприятиях;
- соблюдать этику при работе с людьми;
- передавать итоговые файлы команде;
- обрабатывать материалы;","Фото и видео, Юридические услуги",фото и видео; юридические услуги,"Фото и видео, Юридические услуги","Фото и видео, Юридические услуги",Животные,Животные,Смешанный,Смешанный,Смешанный,Москва,Москва,2026-05-18,20.12.2025,18.05.2026,2025-12-20,2025-12-28,published,0.9,0,2,2
task_00416,ngo_extra_0056,Настроить CRM для учёта волонтёров в организации,Центр добровольчества «Брянские волонтёры»,"Необходимо помочь проекту в направлении «Социальная помощь». Важно разобраться в контексте, выполнить работу в срок и подготовить результат, который можно использовать дальше.",Социальная помощь,Уфа,"- написать краткую инструкцию;
- обучить 1–2 сотрудников;
- настроить выбранный инструмент;
- разобраться в текущих процессах;",IT, НЕЙРОСЕТИ ,IT,IT,Социальная помощь,Социальная помощь,Онлайн,Онлайн,Онлайн,Уфа,Уфа,2026-06-19,12.01.2026,19.06.2026,2026-01-12,2026-01-18,published,0.927,0,3,2
task_00417,ngo_extra_0057,Организовать субботник в парке при поддержке НКО,Социальная инициатива «Психологическая помощь онлайн»,"Команде нужна поддержка волонтёра в регионе Пермь. Задача рассчитана на ответственное участие, аккуратную коммуникацию и передачу результата координатору.",Инклюзия,Пермь,"- координировать участников;
- составить план мероприятия;
- подготовить краткий отчёт;
- решать оперативные вопросы в день проведения;","Организация мероприятий, Переводы, Координация волонтёров",организация мероприятий; Переводы; Координация волонтёров,"Организация мероприятий, Переводы, Координация волонтёров","Организация мероприятий, Переводы, Координация волонтёров",Инклюзия,Инклюзия,Смешанный,Смешанный,Смешанный,Пермь,Пермь,2026-05-14,12.12.2025,14.05.2026,2025-12-12,2025-12-16,published,0.98,0,3,1
task_00418,ngo_extra_0058,Разработать простой сайт для некоммерческой организации,Волонтёрский центр «Краснодарские добровольцы»,Потребуется помощь волонтёр с вниманием к документам. Работа связана с направлением «Помощь пожилым» и предполагает практический результат без лишней бюрократии.,Помощь пожилым,Омск,"- разработать решение;
- оформить документацию;
- уточнить техническое задание;
- протестировать и передать результат;","Программирование, IT",js |  IT ,"Программирование, IT","Программирование, IT",Помощь пожилым / Спорт и ЗОЖ / Экология,Помощь пожилым|Спорт и ЗОЖ|Экология,Онлайн,Онлайн,Онлайн,Омск,Омск,2026-06-10,16.02.2026,10.06.2026,2026-02-16,2026-02-19,published,0.9,0,3,2
task_00419,ngo_extra_0059,Провести серию уроков по финансовой грамотности для подростков,Центр добровольчества «Кировские волонтёры»,"С 19 декабря 2025 года можно подключиться к проекту и помочь команде закрыть важную часть работы. Подойдёт волонтёр, которому комфортен формат «Смешанный».",Спорт и ЗОЖ,Новосибирск,"- собрать обратную связь;
- скорректировать программу по итогам;
- провести занятие или серию встреч;
- подготовить содержание занятия;","Педагогика, Коммуникация, Программирование",педагогика | поддержка | js,"Педагогика, Коммуникация, Программирование, Копирайтинг","Педагогика, Коммуникация, Программирование, Копирайтинг",Спорт и ЗОЖ / Экология / Культура и искусство,Спорт и ЗОЖ|Экология|Культура и искусство,Смешанный,Смешанный,Смешанный,НОВОСИБИРСК,Новосибирск,2026-06-11,19.12.2025,11.06.2026,2025-12-19,2025-12-20,published,0.967,0,5,3
task_00420,ngo_extra_0060,Настроить CRM для учёта волонтёров в организации,Социальная инициатива «Бесплатная юридическая консультация»,"До 5 июня 2026 года нужно подготовить результат для команды. Будет полезен человек, который умеет работать самостоятельно и вовремя согласовывать промежуточные шаги.",Правозащита,Воронеж,"- обучить 1–2 сотрудников;
- написать краткую инструкцию;
- разобраться в текущих процессах;
- настроить выбранный инструмент;",IT,it,IT,IT,Правозащита / Экология,Правозащита|Экология,Онлайн,Онлайн,Онлайн,Воронеж,Воронеж,2026-06-05,25.03.2026,05.06.2026,2026-03-25,2026-03-30,published,0.92,0,1,5
task_00421,ngo_extra_0061,Организовать набор волонтёров для уборки территории,Образовательная инициатива «Среда обитания»,Нужна волонтёрская помощь в формате «Онлайн». Основной фокус — довести работу до завершения и передать материалы или выводы координатору.,Социальная помощь,Ростов-на-Дону,"- вести реестр и распределять задачи;
- проводить вводные встречи;
- поддерживать связь с волонтёрами;
- готовить отчёты по работе команды;",Координация волонтёров,Координация волонтёров,Координация волонтёров,Координация волонтёров,Социальная помощь / Образование,Социальная помощь|Образование,Онлайн,Онлайн,Онлайн,Ростов-на-Дону,Ростов-на-Дону,2026-07-24,02.12.2025,24.07.2026,2025-12-02,2025-12-11,published,0.98,0,3,2
task_00422,ngo_extra_0062,Запустить краудфандинговую кампанию на Планете.ру,Благотворительный фонд «Поддержка семьи»,"Команда ищет участника, который сможет быстро погрузиться в задачу и помочь в направлении «Люди без жилья». Особенно пригодятся навыки: Фандрайзинг.",Люди без жилья,Воронеж,"- разработать идею кампании;
- подготовить тексты и контент;
- отчитываться об итогах сбора;
- координировать продвижение;",Фандрайзинг, ФАНДРАЙЗИНГ ,Фандрайзинг,Фандрайзинг,Люди без жилья,Люди без жилья,Онлайн,Онлайн,Онлайн,Воронеж,Воронеж,2026-06-10,21.01.2026,10.06.2026,2026-01-21,2026-01-22,published,0.959,0,2,4
task_00423,ngo_extra_0063,Организовать субботник в парке при поддержке НКО,Фонд «Равный доступ»,"Это практическая волонтёрская задача с понятным результатом. Нужно внимательно выполнить договорённости, учитывать контекст региона Казань и передать итог команде.",Спорт и ЗОЖ,Казань,"- составить план мероприятия;
- подготовить краткий отчёт;
- решать оперативные вопросы в день проведения;
- координировать участников;","Организация мероприятий, Аналитика, Программирование",организация мероприятий; аналитика;  JS ,"Организация мероприятий, Аналитика, Программирование, Исследования","Организация мероприятий, Аналитика, Программирование, Исследования",Спорт и ЗОЖ,Спорт и ЗОЖ,Онлайн,Онлайн,Онлайн,Казань,Казань,2026-06-10,29.03.2026,10.06.2026,2026-03-29,2026-04-03,published,0.98,0,2,5
task_00424,ngo_extra_0064,Провести первичный обзвон новых участников программы,Волонтёрский центр «Ярославские добровольцы»,"Мы ищем волонтёр-копирайтер, который поможет команде получить понятный и применимый результат. Работа подойдёт человеку, готовому соблюдать договорённости и передать итог координатору.",Образование,Ростов-на-Дону,"- отвечать на запросы по телефону или в мессенджере;
- вести переписку с участниками;
- фиксировать обращения в базе;
- обрабатывать входящие обращения;","Коммуникация, Копирайтинг, Организация мероприятий",поддержка | копирайтинг | организация мероприятий,"Коммуникация, Копирайтинг, Организация мероприятий","Коммуникация, Копирайтинг, Организация мероприятий",Образование / Здравоохранение,Образование|Здравоохранение,Онлайн,Онлайн,Онлайн,Ростов-на-Дону,Ростов-на-Дону,2026-05-14,29.11.2025,14.05.2026,2025-11-29,2025-12-06,published,0.925,0,1,4
task_00425,ngo_extra_0065,Написать серию материалов о подопечных для сайта и соцсетей,Образовательный проект «Социальный навигатор»,"Нам нужен волонтёр с опытом в визуальных материалах: предстоит включиться в работу команды, аккуратно выполнить свою часть и согласовать результат. Формат участия — онлайн.",Дети и молодёжь,Челябинск,"- писать тексты по брифу и структуре;
- выдерживать тон и стиль бренда;
- редактировать материалы команды;
- брать короткие интервью у подопечных;",Копирайтинг,копирайтинг,Копирайтинг,Копирайтинг,Дети и молодёжь,Дети и молодёжь,Онлайн,Онлайн,Онлайн,Челябинск,Челябинск,2026-06-25,21.03.2026,25.06.2026,2026-03-21,2026-03-24,published,0.96,0,3,3
task_00426,ngo_extra_0066,Участвовать в выездном медицинском пункте для бездомных,Волонтёрский центр «Орёл добра»,"Необходимо помочь проекту в направлении «Культура и искусство». Важно разобраться в контексте, выполнить работу в срок и подготовить результат, который можно использовать дальше.",Культура и искусство,Омск,"- помогать с документами для подопечных;
- участвовать в выезде или приёме;
- вести краткую документацию;
- взаимодействовать с командой;","Медицина, Работа с документами, Организация мероприятий",Медицина / Работа с документами / Организация мероприятий,"Медицина, Работа с документами, Организация мероприятий","Медицина, Работа с документами, Организация мероприятий",Культура и искусство,Культура и искусство,Онлайн,Онлайн,Онлайн,Омск,Омск,2026-06-13,20.02.2026,13.06.2026,2026-02-20,2026-02-25,published,0.98,0,5,3
task_00427,ngo_extra_0067,Написать и разослать пресс-релиз о мероприятии,Образовательный проект «Профессия — помогать»,"Команде нужна поддержка волонтёра в регионе Воронеж. Задача рассчитана на ответственное участие, аккуратную коммуникацию и передачу результата координатору.",Помощь пожилым,Воронеж,"- составлять пресс-релизы;
- готовить питчи и предложения для СМИ;
- выстраивать контакты с журналистами;
- помогать с выступлениями спикеров;","PR, Коммуникация",pr;  КОММУНИКАЦИЯ ,"PR, Коммуникация","PR, Коммуникация",Помощь пожилым,Помощь пожилым,Смешанный,Смешанный,Смешанный,Воронеж,Воронеж,2026-05-18,15.12.2025,18.05.2026,2025-12-15,2025-12-21,published,0.918,0,2,5
task_00428,ngo_extra_0068,Создать брендбук для новой организации,Просветительская инициатива «Право знать»,Потребуется помощь волонтёр с опытом в визуальных материалах. Работа связана с направлением «Культура и искусство» и предполагает практический результат без лишней бюрократии.,Культура и искусство,Пермь,"- адаптировать материалы под разные форматы;
- передавать готовые файлы;
- согласовывать правки с командой;
- разрабатывать макеты по брифу;","Дизайн, Фандрайзинг, IT",canva /  ФАНДРАЙЗИНГ  / it,"Дизайн, Фандрайзинг, IT, Фото и видео","Дизайн, Фандрайзинг, IT, Фото и видео",Культура и искусство,Культура и искусство,Смешанный,Смешанный,Смешанный,Пермь,Пермь,2026-05-15,02.02.2026,15.05.2026,2026-02-02,2026-02-03,published,0.92,0,3,5
task_00429,ngo_extra_0069,Создать брендбук для новой организации,Образовательный центр «Практика добра»,"С 8 мая 2026 года можно подключиться к проекту и помочь команде закрыть важную часть работы. Подойдёт волонтёр, которому комфортен формат «Онлайн».",Животные,Москва,"- адаптировать материалы под разные форматы;
- передавать готовые файлы;
- согласовывать правки с командой;
- разрабатывать макеты по брифу;","Дизайн, Коммуникация",дизайн / поддержка,"Дизайн, Коммуникация","Дизайн, Коммуникация",Животные,Животные,Онлайн,Онлайн,Онлайн,МОСКВА,Москва,2026-06-30,08.05.2026,30.06.2026,2026-05-08,2026-05-11,published,0.98,0,2,1
task_00430,ngo_extra_0070,Провести первичный обзвон новых участников программы,Центр добровольчества «Помоги рядом»,"До 25 мая 2026 года нужно подготовить результат для команды. Будет полезен человек, который умеет работать самостоятельно и вовремя согласовывать промежуточные шаги.",Люди без жилья,Новосибирск,"- фиксировать обращения в базе;
- отвечать на запросы по телефону или в мессенджере;
- вести переписку с участниками;
- обрабатывать входящие обращения;","Коммуникация, Работа с детьми","поддержка, дети","Коммуникация, Работа с детьми","Коммуникация, Работа с детьми",Люди без жилья / Инклюзия,Люди без жилья|Инклюзия,Оффлайн,Оффлайн,Оффлайн,НОВОСИБИРСК,Новосибирск,2026-05-25,24.04.2026,25.05.2026,2026-04-24,2026-05-04,published,0.98,0,2,2
task_00431,ngo_extra_0071,Провести серию уроков по финансовой грамотности для подростков,АНО «Рядом»,Нужна волонтёрская помощь в формате «Онлайн». Основной фокус — довести работу до завершения и передать материалы или выводы координатору.,Животные,Ростов-на-Дону,"- провести занятие или серию встреч;
- скорректировать программу по итогам;
- собрать обратную связь;
- подготовить содержание занятия;","Педагогика, Работа с документами, SMM","репетиторство, Работа с документами, смм","Педагогика, Работа с документами, SMM","Педагогика, Работа с документами, SMM",Животные,Животные,Онлайн,Онлайн,Онлайн,Ростов-на-Дону,Ростов-на-Дону,2026-06-24,17.12.2025,24.06.2026,2025-12-17,2025-12-23,published,0.98,0,3,1
task_00432,ngo_extra_0072,Написать и разослать пресс-релиз о мероприятии,Благотворительный фонд «Надежда и жизнь»,"Команда ищет участника, который сможет быстро погрузиться в задачу и помочь в направлении «Помощь пожилым». Особенно пригодятся навыки: PR и Наставничество.",Помощь пожилым,Ростов-на-Дону,"- помогать с выступлениями спикеров;
- выстраивать контакты с журналистами;
- составлять пресс-релизы;
- готовить питчи и предложения для СМИ;","PR, Наставничество","PR, Наставничество","PR, Наставничество","PR, Наставничество",Помощь пожилым,Помощь пожилым,Онлайн,Онлайн,Онлайн,Ростов-на-Дону,Ростов-на-Дону,2026-05-14,12.12.2025,14.05.2026,2025-12-12,2025-12-18,published,0.95,0,3,6
task_00433,ngo_extra_0073,Создать брендбук для новой организации,Фонд «Помощь людям в беде»,"Это практическая волонтёрская задача с понятным результатом. Нужно внимательно выполнить договорённости, учитывать контекст региона Москва и передать итог команде.",Люди без жилья,Москва,"- разрабатывать макеты по брифу;
- согласовывать правки с командой;
- передавать готовые файлы;
- адаптировать материалы под разные форматы;",Дизайн,canva,Дизайн,Дизайн,Люди без жилья,Люди без жилья,Оффлайн,Оффлайн,Оффлайн,МОСКВА,Москва,2026-05-18,03.05.2026,18.05.2026,2026-05-03,2026-05-07,published,0.871,0,2,2
task_00434,ngo_extra_0074,Написать и разослать пресс-релиз о мероприятии,Фонд «Чистое будущее»,"Мы ищем волонтёр-организатор, который поможет команде получить понятный и применимый результат. Работа подойдёт человеку, готовому соблюдать договорённости и передать итог координатору.",Культура и искусство,Воронеж,"- составлять пресс-релизы;
- помогать с выступлениями спикеров;
- готовить питчи и предложения для СМИ;
- выстраивать контакты с журналистами;","PR, Переводы, IT", PR ;  ПЕРЕВОДЫ ; it,"PR, Переводы, IT","PR, Переводы, IT",Культура и искусство / Сельские территории,Культура и искусство|Сельские территории,Онлайн,Онлайн,Онлайн,Воронеж,Воронеж,2026-07-05,14.01.2026,05.07.2026,2026-01-14,2026-01-16,published,0.933,0,1,3
task_00435,ngo_extra_0075,Участвовать в выездном медицинском пункте для бездомных,Волонтёрский центр «Добровольчество Юга»,"Нам нужен волонтёр для работы с контентом и коммуникациями: предстоит включиться в работу команды, аккуратно выполнить свою часть и согласовать результат. Формат участия — оффлайн.",Люди без жилья,Челябинск,"- участвовать в выезде или приёме;
- помогать с документами для подопечных;
- вести краткую документацию;
- взаимодействовать с командой;","Медицина, SMM",Медицина; смм,"Медицина, SMM","Медицина, SMM",Люди без жилья / Образование,Люди без жилья|Образование,Оффлайн,Оффлайн,Оффлайн,Челябинск,Челябинск,2026-05-23,02.01.2026,23.05.2026,2026-01-02,2026-01-09,published,0.917,0,2,6
task_00436,ngo_extra_0076,Настроить CRM для учёта волонтёров в организации,Волонтёрский центр «Барнаульские добровольцы»,"Необходимо помочь проекту в направлении «Экология». Важно разобраться в контексте, выполнить работу в срок и подготовить результат, который можно использовать дальше.",Экология,Ростов-на-Дону,"- обучить 1–2 сотрудников;
- настроить выбранный инструмент;
- разобраться в текущих процессах;
- написать краткую инструкцию;","IT, Организация мероприятий, Наставничество",no-code | организация мероприятий | Наставничество,"IT, Организация мероприятий, Наставничество","IT, Организация мероприятий, Наставничество",Экология / Образование,Экология|Образование,Онлайн,Онлайн,Онлайн,Ростов-на-Дону,Ростов-на-Дону,2026-06-28,01.12.2025,28.06.2026,2025-12-01,2025-12-09,published,0.967,0,2,6
task_00438,ngo_extra_0078,Проверить договоры организации на соответствие законодательству,Образовательный проект «Гражданская грамотность»,"Команде нужна поддержка волонтёра в регионе Казань. Задача рассчитана на ответственное участие, аккуратную коммуникацию и передачу результата координатору.",Дети и молодёжь,Казань,"- проверять документы;
- проводить консультации по запросу;
- объяснять правовые вопросы простым языком;
- подготавливать шаблоны и памятки;","Юридические услуги, Переводы, Психология", ЮРИДИЧЕСКИЕ УСЛУГИ  | переводы | психология,"Юридические услуги, Переводы, Психология","Юридические услуги, Переводы, Психология",Дети и молодёжь,Дети и молодёжь,Онлайн,Онлайн,Онлайн,Казань,Казань,2026-05-16,09.01.2026,16.05.2026,2026-01-09,2026-01-15,published,0.9,0,2,3
task_00439,ngo_extra_0079,Проверить договоры организации на соответствие законодательству,Образовательная платформа «Онлайн-наставник»,Потребуется помощь волонтёр-наставник. Работа связана с направлением «Дети и молодёжь» и предполагает практический результат без лишней бюрократии.,Дети и молодёжь,Пермь,"- проверять документы;
- проводить консультации по запросу;
- подготавливать шаблоны и памятки;
- объяснять правовые вопросы простым языком;","Юридические услуги, Медицина",Юридические услуги | медицина,"Юридические услуги, Медицина","Юридические услуги, Медицина",Дети и молодёжь / Кризисные ситуации / Культура и искусство,Дети и молодёжь|Кризисные ситуации|Культура и искусство,Оффлайн,Оффлайн,Оффлайн,Пермь,Пермь,2026-06-09,29.04.2026,09.06.2026,2026-04-29,2026-05-01,published,0.95,0,2,2
task_00440,ngo_extra_0080,Провести опрос участников программы о качестве услуг,Фонд «Безопасная среда»,"С 25 февраля 2026 года можно подключиться к проекту и помочь команде закрыть важную часть работы. Подойдёт волонтёр, которому комфортен формат «Онлайн».",Правозащита,Новосибирск,"- систематизировать результаты;
- разработать анкету или гайд;
- подготовить краткий отчёт с выводами;
- провести интервью или опросы;","Исследования, Дизайн, IT",Исследования; дизайн; it,"Исследования, Дизайн, IT","Исследования, Дизайн, IT",Правозащита / Сельские территории / Животные / Здравоохранение,Правозащита|Сельские территории|Животные|Здравоохранение,Онлайн,Онлайн,Онлайн,Новосибирск,Новосибирск,2026-05-25,25.02.2026,25.05.2026,2026-02-25,2026-02-26,published,0.925,0,5,4
task_00441,ngo_extra_0081,Написать серию материалов о подопечных для сайта и соцсетей,Фонд «Второй шанс»,"До 18 мая 2026 года нужно подготовить результат для команды. Будет полезен человек, который умеет работать самостоятельно и вовремя согласовывать промежуточные шаги.",Социальная помощь,Москва,"- брать короткие интервью у подопечных;
- выдерживать тон и стиль бренда;
- писать тексты по брифу и структуре;
- редактировать материалы команды;",Копирайтинг, ТЕКСТЫ ,Копирайтинг,Копирайтинг,Социальная помощь,Социальная помощь,Онлайн,Онлайн,Онлайн,Москва,Москва,2026-05-18,26.11.2025,18.05.2026,2025-11-26,2025-11-26,published,0.9,0,2,0
task_00442,ngo_extra_0082,Перевести памятку о правах для мигрантов,АНО «Пространство поддержки»,Нужна волонтёрская помощь в формате «Оффлайн». Основной фокус — довести работу до завершения и передать материалы или выводы координатору.,Помощь пожилым,Красноярск,"- переводить документы и переписку;
- помогать на встречах;
- соблюдать конфиденциальность;
- адаптировать материалы для аудитории;","Переводы, Исследования, PR",переводы / Исследования / PR,"Переводы, Исследования, PR","Переводы, Исследования, PR",Помощь пожилым / Образование,Помощь пожилым|Образование,Оффлайн,Оффлайн,Оффлайн,Красноярск,Красноярск,2026-05-25,16.02.2026,25.05.2026,2026-02-16,2026-02-18,published,0.98,0,1,1
task_00443,ngo_extra_0083,Вести Телеграм-канал организации в течение месяца,АНО «Местное сообщество»,"Команда ищет участника, который сможет быстро погрузиться в задачу и помочь в направлении «Спорт и ЗОЖ». Особенно пригодятся навыки: SMM, Переводы и PR.",Спорт и ЗОЖ,Челябинск,"- следить за реакциями и отвечать на комментарии;
- создавать посты и истории;
- анализировать охваты;
- готовить контент-план;","SMM, Переводы, PR",smm / Переводы / PR,"SMM, Переводы, PR, Педагогика, Программирование, Фандрайзинг","SMM, Переводы, PR, Педагогика, Программирование, Фандрайзинг",Спорт и ЗОЖ,Спорт и ЗОЖ,Онлайн,Онлайн,Онлайн,Челябинск,Челябинск,2026-06-06,09.02.2026,06.06.2026,2026-02-09,2026-02-11,published,0.9,0,2,3
task_00444,ngo_extra_0084,Провести серию уроков по финансовой грамотности для подростков,Инициатива «Поддержка трудовых мигрантов»,"Это практическая волонтёрская задача с понятным результатом. Нужно внимательно выполнить договорённости, учитывать контекст региона Самара и передать итог команде.",Помощь пожилым,Самара,"- подготовить содержание занятия;
- скорректировать программу по итогам;
- собрать обратную связь;
- провести занятие или серию встреч;",Педагогика, РЕПЕТИТОРСТВО ,Педагогика,Педагогика,Помощь пожилым / Инклюзия / Спорт и ЗОЖ / Миграция,Помощь пожилым|Инклюзия|Спорт и ЗОЖ|Миграция,Оффлайн,Оффлайн,Оффлайн,Самара,Самара,2026-06-05,13.04.2026,05.06.2026,2026-04-13,2026-04-14,published,0.95,0,1,2
task_00445,ngo_extra_0085,Написать серию материалов о подопечных для сайта и соцсетей,Социальная инициатива «Добрые руки»,"Мы ищем волонтёр с опытом в визуальных материалах, который поможет команде получить понятный и применимый результат. Работа подойдёт человеку, готовому соблюдать договорённости и передать итог координатору.",Дети и молодёжь,Екатеринбург,"- редактировать материалы команды;
- выдерживать тон и стиль бренда;
- брать короткие интервью у подопечных;
- писать тексты по брифу и структуре;","Копирайтинг, IT, Коммуникация","тексты, no-code, поддержка","Копирайтинг, IT, Коммуникация","Копирайтинг, IT, Коммуникация",Дети и молодёжь / Экология,Дети и молодёжь|Экология,Смешанный,Смешанный,Смешанный,Екатеринбург,Екатеринбург,2026-05-25,29.01.2026,25.05.2026,2026-01-29,2026-02-08,published,0.933,0,5,6
task_00446,ngo_extra_0086,Вести Телеграм-канал организации в течение месяца,АНО «Помощь рядом»,"Нам нужен волонтёр для работы с контентом и коммуникациями: предстоит включиться в работу команды, аккуратно выполнить свою часть и согласовать результат. Формат участия — онлайн.",Животные,Уфа,"- создавать посты и истории;
- следить за реакциями и отвечать на комментарии;
- готовить контент-план;
- анализировать охваты;",SMM,смм,SMM,SMM,Животные / Социальная помощь,Животные|Социальная помощь,Онлайн,Онлайн,Онлайн,Уфа,Уфа,2026-05-31,31.12.2025,31.05.2026,2025-12-31,2026-01-08,published,0.933,0,2,3
task_00447,ngo_extra_0087,Написать и разослать пресс-релиз о мероприятии,Волонтёрский центр «Сибирское добро»,"Необходимо помочь проекту в направлении «Миграция». Важно разобраться в контексте, выполнить работу в срок и подготовить результат, который можно использовать дальше.",Миграция,Нижний Новгород,"- составлять пресс-релизы;
- помогать с выступлениями спикеров;
- готовить питчи и предложения для СМИ;
- выстраивать контакты с журналистами;",PR,PR,PR,PR,Миграция,Миграция,Онлайн,Онлайн,Онлайн,Нижний Новгород,Нижний Новгород,2026-05-31,24.03.2026,31.05.2026,2026-03-24,2026-03-25,published,0.866,0,2,2
task_00448,ngo_extra_0088,Перевести памятку о правах для мигрантов,Благотворительный фонд «Весна»,"Команде нужна поддержка волонтёра в регионе Ростов-на-Дону. Задача рассчитана на ответственное участие, аккуратную коммуникацию и передачу результата координатору.",Здравоохранение,Ростов-на-Дону,"- соблюдать конфиденциальность;
- адаптировать материалы для аудитории;
- переводить документы и переписку;
- помогать на встречах;","Переводы, Психология, Программирование"," ПЕРЕВОДЫ , Психология, программирование","Переводы, Психология, Программирование, Коммуникация","Переводы, Психология, Программирование, Коммуникация",Здравоохранение / Культура и искусство / Образование,Здравоохранение|Культура и искусство|Образование,Онлайн,Онлайн,Онлайн,Ростов-на-Дону,Ростов-на-Дону,2026-05-18,24.04.2026,18.05.2026,2026-04-24,2026-04-25,published,0.933,0,1,3
task_00449,ngo_extra_0089,Стать наставником для выпускника детского дома,Благотворительный фонд «Открытое сердце»,Потребуется помощь волонтёр-копирайтер. Работа связана с направлением «Люди без жилья» и предполагает практический результат без лишней бюрократии.,Люди без жилья,Волгоград,"- регулярно общаться с подопечным;
- помогать с конкретными задачами и целями;
- участвовать во встречах наставников;
- соблюдать конфиденциальность;","Наставничество, Психология",Наставничество /  ПСИХОЛОГИЯ ,"Наставничество, Психология","Наставничество, Психология",Люди без жилья / Правозащита / Дети и молодёжь,Люди без жилья|Правозащита|Дети и молодёжь,Оффлайн,Оффлайн,Оффлайн,Волгоград,Волгоград,2026-06-11,30.04.2026,11.06.2026,2026-04-30,2026-05-07,published,0.9,0,5,0
task_00450,ngo_extra_0090,Провести занятие по рисованию для детей из малообеспеченных семей,Центр добровольчества «Томские волонтёры»,"С 20 февраля 2026 года можно подключиться к проекту и помочь команде закрыть важную часть работы. Подойдёт волонтёр, которому комфортен формат «Онлайн».",Дети и молодёжь,Омск,"- взаимодействовать с куратором;
- провести занятие или мастер-класс;
- поддерживать позитивную атмосферу;
- соблюдать правила безопасности;","Работа с детьми, Аналитика",работа с детьми / excel,"Работа с детьми, Аналитика","Работа с детьми, Аналитика",Дети и молодёжь,Дети и молодёжь,Онлайн,Онлайн,Онлайн,Омск,Омск,2026-07-04,20.02.2026,04.07.2026,2026-02-20,2026-02-25,published,0.933,0,2,3
task_00451,ngo_extra_0091,Провести первичный обзвон новых участников программы,Благотворительный фонд «Здоровый регион»,"До 1 августа 2026 года нужно подготовить результат для команды. Будет полезен человек, который умеет работать самостоятельно и вовремя согласовывать промежуточные шаги.",Социальная помощь,Екатеринбург,"- вести переписку с участниками;
- отвечать на запросы по телефону или в мессенджере;
- обрабатывать входящие обращения;
- фиксировать обращения в базе;","Коммуникация, SMM, Наставничество","поддержка, smm, Наставничество","Коммуникация, SMM, Наставничество, Переводы","Коммуникация, SMM, Наставничество, Переводы",Социальная помощь / Кризисные ситуации,Социальная помощь|Кризисные ситуации,Онлайн,Онлайн,Онлайн,Екатеринбург,Екатеринбург,2026-08-01,14.04.2026,01.08.2026,2026-04-14,2026-04-17,published,0.925,0,3,4
task_00452,ngo_extra_0092,Проверить договоры организации на соответствие законодательству,Просветительский проект «Финансовая осознанность»,Нужна волонтёрская помощь в формате «Оффлайн». Основной фокус — довести работу до завершения и передать материалы или выводы координатору.,Помощь пожилым,Казань,"- проводить консультации по запросу;
- подготавливать шаблоны и памятки;
- проверять документы;
- объяснять правовые вопросы простым языком;",Юридические услуги,юридические услуги,Юридические услуги,Юридические услуги,Помощь пожилым,Помощь пожилым,Оффлайн,Оффлайн,Оффлайн,Казань,Казань,2026-05-15,10.02.2026,15.05.2026,2026-02-10,2026-02-17,published,0.922,0,2,3
task_00453,ngo_extra_0093,Вести Телеграм-канал организации в течение месяца,Образовательная инициатива «Живые знания»,"Команда ищет участника, который сможет быстро погрузиться в задачу и помочь в направлении «Социальная помощь». Особенно пригодятся навыки: SMM и Копирайтинг.",Социальная помощь,Пермь,"- создавать посты и истории;
- готовить контент-план;
- анализировать охваты;
- следить за реакциями и отвечать на комментарии;","SMM, Копирайтинг",smm | тексты,"SMM, Копирайтинг","SMM, Копирайтинг",Социальная помощь,Социальная помощь,Смешанный,Смешанный,Смешанный,Пермь,Пермь,2026-06-18,07.03.2026,18.06.2026,2026-03-07,2026-03-09,published,0.975,0,3,4
task_00454,ngo_extra_0094,Стать наставником для выпускника детского дома,АНО «Территория заботы»,"Это практическая волонтёрская задача с понятным результатом. Нужно внимательно выполнить договорённости, учитывать контекст региона Санкт-Петербург и передать итог команде.",Экология,Санкт-Петербург,"- регулярно общаться с подопечным;
- участвовать во встречах наставников;
- соблюдать конфиденциальность;
- помогать с конкретными задачами и целями;","Наставничество, Аналитика, Координация волонтёров",Наставничество; excel; Координация волонтёров,"Наставничество, Аналитика, Координация волонтёров","Наставничество, Аналитика, Координация волонтёров",Экология / Здравоохранение,Экология|Здравоохранение,Смешанный,Смешанный,Смешанный,САНКТ-ПЕТЕРБУРГ,Санкт-Петербург,2026-07-08,09.01.2026,08.07.2026,2026-01-09,2026-01-13,published,0.933,0,5,3
task_00455,ngo_extra_0095,Вести Телеграм-канал организации в течение месяца,Благотворительный фонд «Живая книга»,"Мы ищем волонтёр для работы с контентом и коммуникациями, который поможет команде получить понятный и применимый результат. Работа подойдёт человеку, готовому соблюдать договорённости и передать итог координатору.",Сельские территории,Челябинск,"- готовить контент-план;
- анализировать охваты;
- следить за реакциями и отвечать на комментарии;
- создавать посты и истории;",SMM,смм,SMM,SMM,Сельские территории,Сельские территории,Онлайн,Онлайн,Онлайн,Челябинск,Челябинск,2026-06-25,03.04.2026,25.06.2026,2026-04-03,2026-04-07,published,0.898,0,5,1
task_00456,ngo_extra_0096,Провести опрос участников программы о качестве услуг,АНО «Равные возможности»,"Нам нужен волонтёр-аналитик: предстоит включиться в работу команды, аккуратно выполнить свою часть и согласовать результат. Формат участия — онлайн.",Дети и молодёжь,Омск,"- подготовить краткий отчёт с выводами;
- систематизировать результаты;
- провести интервью или опросы;
- разработать анкету или гайд;","Исследования, Программирование", ИССЛЕДОВАНИЯ  |  PYTHON ,"Исследования, Программирование","Исследования, Программирование",Дети и молодёжь / Инклюзия / Кризисные ситуации / Образование,Дети и молодёжь|Инклюзия|Кризисные ситуации|Образование,Онлайн,Онлайн,Онлайн,Омск,Омск,2026-05-14,28.04.2026,14.05.2026,2026-04-28,2026-05-04,published,0.933,0,1,3
task_00457,ngo_extra_0097,Помочь архивировать документы за несколько лет,Волонтёрский центр «Смоленское добро»,"Необходимо помочь проекту в направлении «Социальная помощь». Важно разобраться в контексте, выполнить работу в срок и подготовить результат, который можно использовать дальше.",Социальная помощь,Челябинск,"- создать удобную структуру хранения;
- обучить команду работе с документами;
- разобрать и систематизировать архив;
- провести инвентаризацию;","Работа с документами, PR",Работа с документами | PR,"Работа с документами, PR","Работа с документами, PR",Социальная помощь / Люди без жилья,Социальная помощь|Люди без жилья,Онлайн,Онлайн,Онлайн,Челябинск,Челябинск,2026-06-08,29.11.2025,08.06.2026,2025-11-29,2025-12-05,published,0.98,0,5,1
task_00458,ngo_extra_0098,Снять документальный ролик о работе приюта для животных,АНО «Доступный мир»,"Команде нужна поддержка волонтёра в регионе Уфа. Задача рассчитана на ответственное участие, аккуратную коммуникацию и передачу результата координатору.",Дети и молодёжь,Уфа,"- передавать итоговые файлы команде;
- соблюдать этику при работе с людьми;
- обрабатывать материалы;
- снимать на мероприятиях;",Фото и видео,фото и видео,Фото и видео,Фото и видео,Дети и молодёжь / Люди без жилья,Дети и молодёжь|Люди без жилья,Смешанный,Смешанный,Смешанный,Уфа,Уфа,2026-07-11,30.03.2026,11.07.2026,2026-03-30,2026-04-08,published,0.9,0,2,4
task_00460,ngo_extra_0100,Провести первичный обзвон новых участников программы,АНО «Живой диалог»,Потребуется помощь волонтёр-наставник. Работа связана с направлением «Сельские территории» и предполагает практический результат без лишней бюрократии.,Сельские территории,Уфа,"- вести переписку с участниками;
- фиксировать обращения в базе;
- отвечать на запросы по телефону или в мессенджере;
- обрабатывать входящие обращения;","Коммуникация, Наставничество, Работа с детьми","поддержка, Наставничество, работа с детьми","Коммуникация, Наставничество, Работа с детьми","Коммуникация, Наставничество, Работа с детьми",Сельские территории,Сельские территории,Онлайн,Онлайн,Онлайн,Уфа,Уфа,2026-05-18,08.12.2025,18.05.2026,2025-12-08,2025-12-18,published,0.98,0,2,2
task_00461,ngo_extra_0101,Организовать набор волонтёров для уборки территории,АНО «Точка опоры»,"С 14 ноября 2025 года можно подключиться к проекту и помочь команде закрыть важную часть работы. Подойдёт волонтёр, которому комфортен формат «Онлайн».",Инклюзия,Волгоград,"- вести реестр и распределять задачи;
- готовить отчёты по работе команды;
- поддерживать связь с волонтёрами;
- проводить вводные встречи;","Координация волонтёров, PR",Координация волонтёров; PR,"Координация волонтёров, PR","Координация волонтёров, PR",Инклюзия / Социальная помощь / Спорт и ЗОЖ / Миграция,Инклюзия|Социальная помощь|Спорт и ЗОЖ|Миграция,Онлайн,Онлайн,Онлайн,Волгоград,Волгоград,2026-06-09,14.11.2025,09.06.2026,2025-11-14,2025-11-20,published,0.912,0,2,8
task_00462,ngo_extra_0102,Провести психологические консультации для участников кризисного проекта,Инициатива «Открытое хранилище вещей»,"До 15 июня 2026 года нужно подготовить результат для команды. Будет полезен человек, который умеет работать самостоятельно и вовремя согласовывать промежуточные шаги.",Экология,Казань,"- участвовать в супервизии команды;
- проводить индивидуальные консультации или групповые встречи;
- вести краткие записи;
- соблюдать этику и конфиденциальность;",Психология, ПСИХОЛОГИЯ ,Психология,Психология,Экология,Экология,Онлайн,Онлайн,Онлайн,Казань,Казань,2026-06-15,16.04.2026,15.06.2026,2026-04-16,2026-04-25,published,0.98,0,3,1
task_00463,ngo_extra_0103,Разработать простой сайт для некоммерческой организации,Просветительский проект «Шаги к знанию»,Нужна волонтёрская помощь в формате «Онлайн». Основной фокус — довести работу до завершения и передать материалы или выводы координатору.,Экология,Омск,"- разработать решение;
- оформить документацию;
- уточнить техническое задание;
- протестировать и передать результат;",Программирование,python,Программирование,Программирование,Экология,Экология,Онлайн,Онлайн,Онлайн,Омск,Омск,2026-05-30,06.04.2026,30.05.2026,2026-04-06,2026-04-14,published,0.884,0,2,1
task_00465,ngo_extra_0105,Организовать набор волонтёров для уборки территории,Центр гражданского образования «Азбука участия»,"Команда ищет участника, который сможет быстро погрузиться в задачу и помочь в направлении «Помощь пожилым». Особенно пригодятся навыки: Координация волонтёров.",Помощь пожилым,Екатеринбург,"- проводить вводные встречи;
- готовить отчёты по работе команды;
- поддерживать связь с волонтёрами;
- вести реестр и распределять задачи;",Координация волонтёров,Координация волонтёров,Координация волонтёров,Координация волонтёров,Помощь пожилым / Образование,Помощь пожилым|Образование,Оффлайн,Оффлайн,Оффлайн,Екатеринбург,Екатеринбург,2026-05-14,08.02.2026,14.05.2026,2026-02-08,2026-02-08,published,0.92,0,5,5
task_00466,ngo_extra_0106,Провести опрос участников программы о качестве услуг,Социальная инициатива «Бесплатные обеды»,"Это практическая волонтёрская задача с понятным результатом. Нужно внимательно выполнить договорённости, учитывать контекст региона Красноярск и передать итог команде.",Миграция,Красноярск,"- провести интервью или опросы;
- разработать анкету или гайд;
- подготовить краткий отчёт с выводами;
- систематизировать результаты;","Исследования, Юридические услуги",исследования | юридические услуги,"Исследования, Юридические услуги","Исследования, Юридические услуги",Миграция / Социальная помощь,Миграция|Социальная помощь,Смешанный,Смешанный,Смешанный,Красноярск,Красноярск,2026-06-07,15.04.2026,07.06.2026,2026-04-15,2026-04-16,published,0.9,0,3,1
task_00467,ngo_extra_0107,Провести опрос участников программы о качестве услуг,АНО «Общее дело»,"Мы ищем волонтёр с опытом в визуальных материалах, который поможет команде получить понятный и применимый результат. Работа подойдёт человеку, готовому соблюдать договорённости и передать итог координатору.",Люди без жилья,Нижний Новгород,"- систематизировать результаты;
- разработать анкету или гайд;
- провести интервью или опросы;
- подготовить краткий отчёт с выводами;","Исследования, Фото и видео, Организация мероприятий",Исследования; монтаж; Организация мероприятий,"Исследования, Фото и видео, Организация мероприятий","Исследования, Фото и видео, Организация мероприятий",Люди без жилья / Экология,Люди без жилья|Экология,Онлайн,Онлайн,Онлайн,Нижний Новгород,Нижний Новгород,2026-06-10,26.11.2025,10.06.2026,2025-11-26,2025-11-28,published,0.95,0,2,4
task_00468,ngo_extra_0108,Создать брендбук для новой организации,Просветительский проект «Диалог поколений»,"Нам нужен волонтёр с опытом в визуальных материалах: предстоит включиться в работу команды, аккуратно выполнить свою часть и согласовать результат. Формат участия — смешанный.",Животные,Москва,"- передавать готовые файлы;
- адаптировать материалы под разные форматы;
- разрабатывать макеты по брифу;
- согласовывать правки с командой;",Дизайн, FIGMA ,Дизайн,Дизайн,Животные / Люди без жилья,Животные|Люди без жилья,Смешанный,Смешанный,Смешанный,МОСКВА,Москва,2026-06-10,13.11.2025,10.06.2026,2025-11-13,2025-11-21,published,0.967,0,3,3
task_00469,ngo_extra_0109,Провести серию уроков по финансовой грамотности для подростков,АНО «Солидарность»,"Необходимо помочь проекту в направлении «Помощь пожилым». Важно разобраться в контексте, выполнить работу в срок и подготовить результат, который можно использовать дальше.",Помощь пожилым,Екатеринбург,"- собрать обратную связь;
- провести занятие или серию встреч;
- подготовить содержание занятия;
- скорректировать программу по итогам;","Педагогика, Копирайтинг",репетиторство; тексты,"Педагогика, Копирайтинг","Педагогика, Копирайтинг",Помощь пожилым,Помощь пожилым,Смешанный,Смешанный,Смешанный,Екатеринбург,Екатеринбург,2026-07-03,03.03.2026,03.07.2026,2026-03-03,2026-03-03,published,0.95,0,1,2
task_00470,ngo_extra_0110,Помочь архивировать документы за несколько лет,Благотворительный фонд «Паруса надежды»,"Команде нужна поддержка волонтёра в регионе Уфа. Задача рассчитана на ответственное участие, аккуратную коммуникацию и передачу результата координатору.",Животные,Уфа,"- создать удобную структуру хранения;
- разобрать и систематизировать архив;
- провести инвентаризацию;
- обучить команду работе с документами;","Работа с документами, Переводы, Фото и видео","работа с документами,  ПЕРЕВОДЫ , фото и видео","Работа с документами, Переводы, Фото и видео","Работа с документами, Переводы, Фото и видео",Животные,Животные,Онлайн,Онлайн,Онлайн,Уфа,Уфа,2026-05-25,10.01.2026,25.05.2026,2026-01-10,2026-01-12,published,0.98,0,5,2
task_00472,ngo_extra_0112,Проверить договоры организации на соответствие законодательству,Просветительский проект «Добро в школу»,Потребуется помощь волонтёр с вниманием к документам. Работа связана с направлением «Образование» и предполагает практический результат без лишней бюрократии.,Образование,Новосибирск,"- подготавливать шаблоны и памятки;
- проводить консультации по запросу;
- объяснять правовые вопросы простым языком;
- проверять документы;","Юридические услуги, Педагогика",Юридические услуги / педагогика,"Юридические услуги, Педагогика","Юридические услуги, Педагогика",Образование,Образование,Онлайн,Онлайн,Онлайн,НОВОСИБИРСК,Новосибирск,2026-06-11,15.12.2025,11.06.2026,2025-12-15,2025-12-18,published,0.98,0,5,2
task_00473,ngo_extra_0113,Проверить договоры организации на соответствие законодательству,АНО «Близко к людям»,"С 29 декабря 2025 года можно подключиться к проекту и помочь команде закрыть важную часть работы. Подойдёт волонтёр, которому комфортен формат «Онлайн».",Сельские территории,Санкт-Петербург,"- проводить консультации по запросу;
- подготавливать шаблоны и памятки;
- проверять документы;
- объяснять правовые вопросы простым языком;",Юридические услуги, ЮРИДИЧЕСКИЕ УСЛУГИ ,Юридические услуги,Юридические услуги,Сельские территории,Сельские территории,Онлайн,Онлайн,Онлайн,САНКТ-ПЕТЕРБУРГ,Санкт-Петербург,2026-06-23,29.12.2025,23.06.2026,2025-12-29,2025-12-31,published,0.9,0,3,4
task_00474,ngo_extra_0114,Провести первичный обзвон новых участников программы,АНО «Открытая среда»,"До 1 июня 2026 года нужно подготовить результат для команды. Будет полезен человек, который умеет работать самостоятельно и вовремя согласовывать промежуточные шаги.",Экология,Самара,"- обрабатывать входящие обращения;
- отвечать на запросы по телефону или в мессенджере;
- фиксировать обращения в базе;
- вести переписку с участниками;",Коммуникация, ПОДДЕРЖКА ,Коммуникация,Коммуникация,Экология,Экология,Оффлайн,Оффлайн,Оффлайн,Самара,Самара,2026-06-01,04.12.2025,01.06.2026,2025-12-04,2025-12-05,published,0.951,0,1,2
task_00475,ngo_extra_0115,Написать и разослать пресс-релиз о мероприятии,Социальная инициатива «Экоквартал»,Нужна волонтёрская помощь в формате «Оффлайн». Основной фокус — довести работу до завершения и передать материалы или выводы координатору.,Правозащита,Ростов-на-Дону,"- составлять пресс-релизы;
- помогать с выступлениями спикеров;
- готовить питчи и предложения для СМИ;
- выстраивать контакты с журналистами;","PR, Медицина, Коммуникация",pr; медицина;  ПОДДЕРЖКА ,"PR, Медицина, Коммуникация","PR, Медицина, Коммуникация",Правозащита,Правозащита,Оффлайн,Оффлайн,Оффлайн,Ростов-на-Дону,Ростов-на-Дону,2026-05-31,09.02.2026,31.05.2026,2026-02-09,2026-02-10,published,0.9,0,2,2
task_00476,ngo_extra_0116,Снять документальный ролик о работе приюта для животных,Просветительский проект «Буду специалистом»,"Команда ищет участника, который сможет быстро погрузиться в задачу и помочь в направлении «Миграция». Особенно пригодятся навыки: Фото и видео.",Миграция,Омск,"- снимать на мероприятиях;
- передавать итоговые файлы команде;
- соблюдать этику при работе с людьми;
- обрабатывать материалы;",Фото и видео, ФОТО И ВИДЕО ,Фото и видео,Фото и видео,Миграция,Миграция,Онлайн,Онлайн,Онлайн,Омск,Омск,2026-05-25,18.03.2026,25.05.2026,2026-03-18,2026-03-18,published,0.946,0,1,5
task_00477,ngo_extra_0117,Организовать набор волонтёров для уборки территории,Образовательный центр «Путь к профессии»,"Это практическая волонтёрская задача с понятным результатом. Нужно внимательно выполнить договорённости, учитывать контекст региона Красноярск и передать итог команде.",Помощь пожилым,Красноярск,"- поддерживать связь с волонтёрами;
- проводить вводные встречи;
- вести реестр и распределять задачи;
- готовить отчёты по работе команды;",Координация волонтёров, КООРДИНАЦИЯ ВОЛОНТЁРОВ ,Координация волонтёров,Координация волонтёров,Помощь пожилым,Помощь пожилым,Онлайн,Онлайн,Онлайн,Красноярск,Красноярск,2026-06-25,01.05.2026,25.06.2026,2026-05-01,2026-05-02,published,0.909,0,5,4
task_00478,ngo_extra_0118,Участвовать в выездном медицинском пункте для бездомных,АНО «Связующее звено»,"Мы ищем волонтёр с вниманием к документам, который поможет команде получить понятный и применимый результат. Работа подойдёт человеку, готовому соблюдать договорённости и передать итог координатору.",Инклюзия,Красноярск,"- участвовать в выезде или приёме;
- взаимодействовать с командой;
- помогать с документами для подопечных;
- вести краткую документацию;",Медицина,Медицина,Медицина,Медицина,Инклюзия / Здравоохранение / Социальная помощь / Сельские территории,Инклюзия|Здравоохранение|Социальная помощь|Сельские территории,Онлайн,Онлайн,Онлайн,Красноярск,Красноярск,2026-07-07,25.01.2026,07.07.2026,2026-01-25,2026-01-28,published,0.94,0,5,5
task_00479,ngo_extra_0119,Участвовать в выездном медицинском пункте для бездомных,Социальная инициатива «Детская почта доверия»,"Нам нужен волонтёр с опытом в визуальных материалах: предстоит включиться в работу команды, аккуратно выполнить свою часть и согласовать результат. Формат участия — онлайн.",Культура и искусство,Пермь,"- вести краткую документацию;
- участвовать в выезде или приёме;
- помогать с документами для подопечных;
- взаимодействовать с командой;","Медицина, Дизайн, Педагогика",Медицина; дизайн; педагогика,"Медицина, Дизайн, Педагогика, Копирайтинг, Организация мероприятий, Наставничество","Медицина, Дизайн, Педагогика, Копирайтинг, Организация мероприятий, Наставничество",Культура и искусство,Культура и искусство,Онлайн,Онлайн,Онлайн,ПЕРМЬ,Пермь,2026-05-25,28.04.2026,25.05.2026,2026-04-28,2026-05-04,published,0.925,0,1,4
task_00480,ngo_extra_0000,Организовать субботник в парке при поддержке НКО,Инициатива «Город без барьеров»,"Необходимо помочь проекту в направлении «Сельские территории». Важно разобраться в контексте, выполнить работу в срок и подготовить результат, который можно использовать дальше.",Сельские территории,Красноярск,"- подготовить краткий отчёт;
- координировать участников;
- составить план мероприятия;
- решать оперативные вопросы в день проведения;",Организация мероприятий, ОРГАНИЗАЦИЯ МЕРОПРИЯТИЙ ,Организация мероприятий,Организация мероприятий,Сельские территории,Сельские территории,Оффлайн,Оффлайн,Оффлайн,Красноярск,Красноярск,2026-05-26,28.02.2026,26.05.2026,2026-02-28,2026-03-03,published,0.98,0,1,1
task_00481,ngo_extra_0001,Участвовать в выездном медицинском пункте для бездомных,Социальная инициатива «Трезвое завтра»,"Команде нужна поддержка волонтёра в регионе Красноярск. Задача рассчитана на ответственное участие, аккуратную коммуникацию и передачу результата координатору.",Животные,Красноярск,"- взаимодействовать с командой;
- вести краткую документацию;
- помогать с документами для подопечных;
- участвовать в выезде или приёме;",Медицина,медицина,Медицина,Медицина,Животные,Животные,Онлайн,Онлайн,Онлайн,Красноярск,Красноярск,2026-05-25,13.03.2026,25.05.2026,2026-03-13,2026-03-15,published,0.915,0,2,3
task_00482,ngo_extra_0002,Участвовать в выездном медицинском пункте для бездомных,АНО «Новый старт»,Потребуется помощь волонтёр-организатор. Работа связана с направлением «Здравоохранение» и предполагает практический результат без лишней бюрократии.,Здравоохранение,Ростов-на-Дону,"- взаимодействовать с командой;
- вести краткую документацию;
- участвовать в выезде или приёме;
- помогать с документами для подопечных;","Медицина, Организация мероприятий",медицина / организация мероприятий,"Медицина, Организация мероприятий","Медицина, Организация мероприятий",Здравоохранение,Здравоохранение,Онлайн,Онлайн,Онлайн,Ростов-на-Дону,Ростов-на-Дону,2026-05-26,25.12.2025,26.05.2026,2025-12-25,2025-12-25,published,0.933,0,1,3
task_00483,ngo_extra_0003,Организовать субботник в парке при поддержке НКО,Просветительский проект «Первая помощь»,"С 12 ноября 2025 года можно подключиться к проекту и помочь команде закрыть важную часть работы. Подойдёт волонтёр, которому комфортен формат «Онлайн».",Инклюзия,Пермь,"- подготовить краткий отчёт;
- решать оперативные вопросы в день проведения;
- составить план мероприятия;
- координировать участников;","Организация мероприятий, Копирайтинг",Организация мероприятий;  КОПИРАЙТИНГ ,"Организация мероприятий, Копирайтинг","Организация мероприятий, Копирайтинг",Инклюзия,Инклюзия,Онлайн,Онлайн,Онлайн,Пермь,Пермь,2026-05-29,12.11.2025,29.05.2026,2025-11-12,2025-11-18,published,0.971,0,1,5
task_00484,ngo_extra_0004,Участвовать в выездном медицинском пункте для бездомных,Волонтёрский центр «Оренбургские добровольцы»,"До 18 мая 2026 года нужно подготовить результат для команды. Будет полезен человек, который умеет работать самостоятельно и вовремя согласовывать промежуточные шаги.",Люди без жилья,Санкт-Петербург,"- участвовать в выезде или приёме;
- вести краткую документацию;
- взаимодействовать с командой;
- помогать с документами для подопечных;","Медицина, PR, Организация мероприятий","Медицина,  PR ,  ОРГАНИЗАЦИЯ МЕРОПРИЯТИЙ ","Медицина, PR, Организация мероприятий","Медицина, PR, Организация мероприятий",Люди без жилья,Люди без жилья,Смешанный,Смешанный,Смешанный,САНКТ-ПЕТЕРБУРГ,Санкт-Петербург,2026-05-18,11.05.2026,18.05.2026,2026-05-11,2026-05-11,published,0.967,0,1,3
task_00485,ngo_extra_0005,Вести Телеграм-канал организации в течение месяца,АНО «Гражданская инициатива»,Нужна волонтёрская помощь в формате «Онлайн». Основной фокус — довести работу до завершения и передать материалы или выводы координатору.,Кризисные ситуации,Нижний Новгород,"- следить за реакциями и отвечать на комментарии;
- готовить контент-план;
- анализировать охваты;
- создавать посты и истории;","SMM, Исследования, Наставничество", СММ  / исследования /  НАСТАВНИЧЕСТВО ,"SMM, Исследования, Наставничество","SMM, Исследования, Наставничество",Кризисные ситуации,Кризисные ситуации,Онлайн,Онлайн,Онлайн,Нижний Новгород,Нижний Новгород,2026-06-07,28.12.2025,07.06.2026,2025-12-28,2025-12-30,published,0.933,0,1,3
task_00486,ngo_extra_0006,Запустить краудфандинговую кампанию на Планете.ру,Просветительский проект «Семья и право»,"Команда ищет участника, который сможет быстро погрузиться в задачу и помочь в направлении «Миграция». Особенно пригодятся навыки: Фандрайзинг, Аналитика и Фото и видео.",Миграция,Самара,"- подготовить тексты и контент;
- разработать идею кампании;
- координировать продвижение;
- отчитываться об итогах сбора;","Фандрайзинг, Аналитика, Фото и видео",Фандрайзинг / excel /  МОНТАЖ ,"Фандрайзинг, Аналитика, Фото и видео","Фандрайзинг, Аналитика, Фото и видео",Миграция,Миграция,Онлайн,Онлайн,Онлайн,Самара,Самара,2026-07-29,09.02.2026,29.07.2026,2026-02-09,2026-02-10,published,0.9,0,2,0
task_00487,ngo_extra_0007,Написать серию материалов о подопечных для сайта и соцсетей,Образовательный центр «Успех каждого»,"Это практическая волонтёрская задача с понятным результатом. Нужно внимательно выполнить договорённости, учитывать контекст региона Воронеж и передать итог команде.",Миграция,Воронеж,"- выдерживать тон и стиль бренда;
- писать тексты по брифу и структуре;
- редактировать материалы команды;
- брать короткие интервью у подопечных;","Копирайтинг, Медицина, Координация волонтёров",тексты / медицина / Координация волонтёров,"Копирайтинг, Медицина, Координация волонтёров","Копирайтинг, Медицина, Координация волонтёров",Миграция,Миграция,Смешанный,Смешанный,Смешанный,ВОРОНЕЖ,Воронеж,2026-06-25,04.05.2026,25.06.2026,2026-05-04,2026-05-10,published,0.9,0,5,1
task_00488,ngo_extra_0008,Провести первичный обзвон новых участников программы,Фонд «Право на семью»,"Мы ищем волонтёр для коммуникации с участниками, который поможет команде получить понятный и применимый результат. Работа подойдёт человеку, готовому соблюдать договорённости и передать итог координатору.",Животные,Ростов-на-Дону,"- вести переписку с участниками;
- фиксировать обращения в базе;
- отвечать на запросы по телефону или в мессенджере;
- обрабатывать входящие обращения;","Коммуникация, Программирование",коммуникация / js,"Коммуникация, Программирование","Коммуникация, Программирование",Животные,Животные,Смешанный,Смешанный,Смешанный,РОСТОВ-НА-ДОНУ,Ростов-на-Дону,2026-05-18,07.04.2026,18.05.2026,2026-04-07,2026-04-11,published,0.9,0,1,2
task_00489,ngo_extra_0009,Помочь архивировать документы за несколько лет,АНО «Доброе намерение»,"Нам нужен волонтёр с вниманием к документам: предстоит включиться в работу команды, аккуратно выполнить свою часть и согласовать результат. Формат участия — онлайн.",Культура и искусство,Пермь,"- провести инвентаризацию;
- разобрать и систематизировать архив;
- обучить команду работе с документами;
- создать удобную структуру хранения;","Работа с документами, IT, Координация волонтёров",Работа с документами |  НЕЙРОСЕТИ  |  КООРДИНАЦИЯ ВОЛОНТЁРОВ ,"Работа с документами, IT, Координация волонтёров","Работа с документами, IT, Координация волонтёров",Культура и искусство,Культура и искусство,Онлайн,Онлайн,Онлайн,Пермь,Пермь,2026-06-10,28.03.2026,10.06.2026,2026-03-28,2026-03-31,published,0.9,0,2,2
task_00490,ngo_extra_0010,Написать и разослать пресс-релиз о мероприятии,Благотворительный фонд «Руки помощи»,"Необходимо помочь проекту в направлении «Дети и молодёжь». Важно разобраться в контексте, выполнить работу в срок и подготовить результат, который можно использовать дальше.",Дети и молодёжь,Волгоград,"- выстраивать контакты с журналистами;
- составлять пресс-релизы;
- помогать с выступлениями спикеров;
- готовить питчи и предложения для СМИ;","PR, Психология, Работа с документами", PR  / Психология / Работа с документами,"PR, Психология, Работа с документами, Программирование","PR, Психология, Работа с документами, Программирование",Дети и молодёжь,Дети и молодёжь,Смешанный,Смешанный,Смешанный,Волгоград,Волгоград,2026-05-24,25.02.2026,24.05.2026,2026-02-25,2026-02-28,published,0.98,0,1,2
task_00491,ngo_extra_0011,Перевести памятку о правах для мигрантов,Социальная инициатива «Антикризисный штаб»,"Команде нужна поддержка волонтёра в регионе Омск. Задача рассчитана на ответственное участие, аккуратную коммуникацию и передачу результата координатору.",Инклюзия,Омск,"- соблюдать конфиденциальность;
- переводить документы и переписку;
- адаптировать материалы для аудитории;
- помогать на встречах;","Переводы, Коммуникация, Педагогика",Переводы / поддержка / педагогика,"Переводы, Коммуникация, Педагогика, Психология","Переводы, Коммуникация, Педагогика, Психология",Инклюзия / Кризисные ситуации,Инклюзия|Кризисные ситуации,Оффлайн,Оффлайн,Оффлайн,Омск,Омск,2026-05-23,12.01.2026,23.05.2026,2026-01-12,2026-01-18,published,0.9,0,5,0
task_00492,ngo_extra_0012,Создать брендбук для новой организации,Фонд помощи «Дети в беде»,Потребуется помощь волонтёр с опытом в визуальных материалах. Работа связана с направлением «Люди без жилья» и предполагает практический результат без лишней бюрократии.,Люди без жилья,Ростов-на-Дону,"- разрабатывать макеты по брифу;
- передавать готовые файлы;
- адаптировать материалы под разные форматы;
- согласовывать правки с командой;","Дизайн, Работа с документами"," CANVA , работа с документами","Дизайн, Работа с документами","Дизайн, Работа с документами",Люди без жилья / Дети и молодёжь / Культура и искусство / Животные,Люди без жилья|Дети и молодёжь|Культура и искусство|Животные,Онлайн,Онлайн,Онлайн,Ростов-на-Дону,Ростов-на-Дону,2026-06-02,22.02.2026,02.06.2026,2026-02-22,2026-03-04,published,0.94,0,3,5
task_00493,ngo_extra_0013,Провести занятие по рисованию для детей из малообеспеченных семей,Образовательная инициатива «Мы и общество»,"С 8 мая 2026 года можно подключиться к проекту и помочь команде закрыть важную часть работы. Подойдёт волонтёр, которому комфортен формат «Оффлайн».",Люди без жилья,Красноярск,"- провести занятие или мастер-класс;
- соблюдать правила безопасности;
- взаимодействовать с куратором;
- поддерживать позитивную атмосферу;","Работа с детьми, PR","работа с детьми, PR","Работа с детьми, PR","Работа с детьми, PR",Люди без жилья,Люди без жилья,Оффлайн,Оффлайн,Оффлайн,Красноярск,Красноярск,2026-05-27,08.05.2026,27.05.2026,2026-05-08,2026-05-11,published,0.95,0,2,8
task_00494,ngo_extra_0014,Провести психологические консультации для участников кризисного проекта,Центр добровольчества «Вологодские волонтёры»,"До 29 мая 2026 года нужно подготовить результат для команды. Будет полезен человек, который умеет работать самостоятельно и вовремя согласовывать промежуточные шаги.",Помощь пожилым,Волгоград,"- соблюдать этику и конфиденциальность;
- участвовать в супервизии команды;
- вести краткие записи;
- проводить индивидуальные консультации или групповые встречи;",Психология,психология,Психология,Психология,Помощь пожилым / Миграция,Помощь пожилым|Миграция,Оффлайн,Оффлайн,Оффлайн,Волгоград,Волгоград,2026-05-29,23.01.2026,29.05.2026,2026-01-23,2026-02-01,published,0.967,0,1,3
task_00495,ngo_extra_0015,Помочь архивировать документы за несколько лет,Благотворительный фонд «Активное долголетие»,Нужна волонтёрская помощь в формате «Онлайн». Основной фокус — довести работу до завершения и передать материалы или выводы координатору.,Инклюзия,Санкт-Петербург,"- создать удобную структуру хранения;
- обучить команду работе с документами;
- разобрать и систематизировать архив;
- провести инвентаризацию;","Работа с документами, Фото и видео, Юридические услуги",работа с документами /  МОНТАЖ  / юридические услуги,"Работа с документами, Фото и видео, Юридические услуги","Работа с документами, Фото и видео, Юридические услуги",Инклюзия,Инклюзия,Онлайн,Онлайн,Онлайн,Санкт-Петербург,Санкт-Петербург,2026-06-08,30.03.2026,08.06.2026,2026-03-30,2026-03-31,published,0.933,0,2,3
task_00496,ngo_extra_0016,Перевести памятку о правах для мигрантов,Просветительский проект «Право на город»,"Команда ищет участника, который сможет быстро погрузиться в задачу и помочь в направлении «Образование». Особенно пригодятся навыки: Переводы.",Образование,Волгоград,"- переводить документы и переписку;
- адаптировать материалы для аудитории;
- соблюдать конфиденциальность;
- помогать на встречах;",Переводы, ПЕРЕВОДЫ ,Переводы,Переводы,Образование,Образование,Оффлайн,Оффлайн,Оффлайн,Волгоград,Волгоград,2026-06-06,19.04.2026,06.06.2026,2026-04-19,2026-04-28,published,0.98,0,2,2
task_00497,ngo_extra_0017,Написать и разослать пресс-релиз о мероприятии,Волонтёрский центр «Тульское добровольчество»,"Это практическая волонтёрская задача с понятным результатом. Нужно внимательно выполнить договорённости, учитывать контекст региона Волгоград и передать итог команде.",Инклюзия,Волгоград,"- готовить питчи и предложения для СМИ;
- составлять пресс-релизы;
- выстраивать контакты с журналистами;
- помогать с выступлениями спикеров;","PR, Работа с документами, Организация мероприятий",PR; работа с документами; организация мероприятий,"PR, Работа с документами, Организация мероприятий, Психология","PR, Работа с документами, Организация мероприятий, Психология",Инклюзия / Кризисные ситуации,Инклюзия|Кризисные ситуации,Онлайн,Онлайн,Онлайн,Волгоград,Волгоград,2026-06-04,05.02.2026,04.06.2026,2026-02-05,2026-02-15,published,0.933,0,2,3
task_00498,ngo_extra_0018,Стать наставником для выпускника детского дома,Волонтёрский центр «Нижегородские добровольцы»,"Мы ищем волонтёр-копирайтер, который поможет команде получить понятный и применимый результат. Работа подойдёт человеку, готовому соблюдать договорённости и передать итог координатору.",Культура и искусство,Красноярск,"- соблюдать конфиденциальность;
- участвовать во встречах наставников;
- помогать с конкретными задачами и целями;
- регулярно общаться с подопечным;",Наставничество,наставничество,Наставничество,Наставничество,Культура и искусство,Культура и искусство,Смешанный,Смешанный,Смешанный,Красноярск,Красноярск,2026-07-18,15.01.2026,18.07.2026,2026-01-15,2026-01-20,published,0.86,0,2,3
task_00499,ngo_extra_0019,Вести Телеграм-канал организации в течение месяца,Социальная инициатива «Добрый двор»,"Нам нужен волонтёр для работы с контентом и коммуникациями: предстоит включиться в работу команды, аккуратно выполнить свою часть и согласовать результат. Формат участия — оффлайн.",Дети и молодёжь,Волгоград,"- создавать посты и истории;
- анализировать охваты;
- следить за реакциями и отвечать на комментарии;
- готовить контент-план;","SMM, Юридические услуги","ведение соцсетей, Юридические услуги","SMM, Юридические услуги","SMM, Юридические услуги",Дети и молодёжь / Здравоохранение / Инклюзия / Правозащита,Дети и молодёжь|Здравоохранение|Инклюзия|Правозащита,Оффлайн,Оффлайн,Оффлайн,Волгоград,Волгоград,2026-05-18,01.02.2026,18.05.2026,2026-02-01,2026-02-04,published,0.95,0,5,6
task_00500,ngo_extra_0020,Создать брендбук для новой организации,Просветительский центр «Открытый класс»,"Необходимо помочь проекту в направлении «Спорт и ЗОЖ». Важно разобраться в контексте, выполнить работу в срок и подготовить результат, который можно использовать дальше.",Спорт и ЗОЖ,Екатеринбург,"- адаптировать материалы под разные форматы;
- согласовывать правки с командой;
- передавать готовые файлы;
- разрабатывать макеты по брифу;",Дизайн, ДИЗАЙН ,Дизайн,Дизайн,Спорт и ЗОЖ / Сельские территории,Спорт и ЗОЖ|Сельские территории,Онлайн,Онлайн,Онлайн,Екатеринбург,Екатеринбург,2026-05-25,28.03.2026,25.05.2026,2026-03-28,2026-04-07,published,0.884,0,1,1
task_00501,ngo_extra_0021,Настроить CRM для учёта волонтёров в организации,Социальная инициатива «Мобильная аптека»,"Команде нужна поддержка волонтёра в регионе Красноярск. Задача рассчитана на ответственное участие, аккуратную коммуникацию и передачу результата координатору.",Социальная помощь,Красноярск,"- написать краткую инструкцию;
- разобраться в текущих процессах;
- настроить выбранный инструмент;
- обучить 1–2 сотрудников;",IT,нейросети,IT,IT,Социальная помощь,Социальная помощь,Смешанный,Смешанный,Смешанный,Красноярск,Красноярск,2026-06-06,19.02.2026,06.06.2026,2026-02-19,2026-02-26,published,0.92,0,2,3
task_00502,ngo_extra_0022,Провести первичный обзвон новых участников программы,Инициатива «Помощь после выхода»,Потребуется помощь волонтёр для коммуникации с участниками. Работа связана с направлением «Животные» и предполагает практический результат без лишней бюрократии.,Животные,Челябинск,"- обрабатывать входящие обращения;
- отвечать на запросы по телефону или в мессенджере;
- вести переписку с участниками;
- фиксировать обращения в базе;",Коммуникация,поддержка,Коммуникация,Коммуникация,Животные / Инклюзия,Животные|Инклюзия,Онлайн,Онлайн,Онлайн,Челябинск,Челябинск,2026-06-15,08.05.2026,15.06.2026,2026-05-08,2026-05-11,published,0.925,0,5,4
task_00503,ngo_extra_0023,Разработать простой сайт для некоммерческой организации,АНО «Социальный капитал»,"С 24 декабря 2025 года можно подключиться к проекту и помочь команде закрыть важную часть работы. Подойдёт волонтёр, которому комфортен формат «Смешанный».",Правозащита,Самара,"- разработать решение;
- протестировать и передать результат;
- уточнить техническое задание;
- оформить документацию;","Программирование, Исследования, Организация мероприятий",js | исследования | организация мероприятий,"Программирование, Исследования, Организация мероприятий","Программирование, Исследования, Организация мероприятий",Правозащита,Правозащита,Смешанный,Смешанный,Смешанный,Самара,Самара,2026-07-12,24.12.2025,12.07.2026,2025-12-24,2025-12-24,published,0.9,0,1,2
task_00504,ngo_extra_0024,Участвовать в выездном медицинском пункте для бездомных,Социальная инициатива «Живой огород»,"До 20 мая 2026 года нужно подготовить результат для команды. Будет полезен человек, который умеет работать самостоятельно и вовремя согласовывать промежуточные шаги.",Здравоохранение,Волгоград,"- взаимодействовать с командой;
- участвовать в выезде или приёме;
- помогать с документами для подопечных;
- вести краткую документацию;","Медицина, Программирование, Работа с документами",Медицина / js / Работа с документами,"Медицина, Программирование, Работа с документами, Организация мероприятий","Медицина, Программирование, Работа с документами, Организация мероприятий",Здравоохранение / Животные,Здравоохранение|Животные,Онлайн,Онлайн,Онлайн,Волгоград,Волгоград,2026-05-20,18.02.2026,20.05.2026,2026-02-18,2026-02-24,published,0.967,0,2,3
task_00505,ngo_extra_0025,Написать и разослать пресс-релиз о мероприятии,Образовательный проект «Умный город»,Нужна волонтёрская помощь в формате «Оффлайн». Основной фокус — довести работу до завершения и передать материалы или выводы координатору.,Культура и искусство,Екатеринбург,"- готовить питчи и предложения для СМИ;
- выстраивать контакты с журналистами;
- составлять пресс-релизы;
- помогать с выступлениями спикеров;",PR,PR,PR,PR,Культура и искусство / Правозащита,Культура и искусство|Правозащита,Оффлайн,Оффлайн,Оффлайн,Екатеринбург,Екатеринбург,2026-06-12,21.03.2026,12.06.2026,2026-03-21,2026-03-23,published,0.933,0,1,3
task_00506,ngo_extra_0026,Провести серию уроков по финансовой грамотности для подростков,Благотворительный фонд «Неравнодушные»,"Команда ищет участника, который сможет быстро погрузиться в задачу и помочь в направлении «Правозащита». Особенно пригодятся навыки: Педагогика, Аналитика и Медицина.",Правозащита,Екатеринбург,"- собрать обратную связь;
- скорректировать программу по итогам;
- подготовить содержание занятия;
- провести занятие или серию встреч;","Педагогика, Аналитика, Медицина",педагогика; анализ данных; Медицина,"Педагогика, Аналитика, Медицина","Педагогика, Аналитика, Медицина",Правозащита / Спорт и ЗОЖ,Правозащита|Спорт и ЗОЖ,Онлайн,Онлайн,Онлайн,Екатеринбург,Екатеринбург,2026-05-25,29.01.2026,25.05.2026,2026-01-29,2026-02-08,published,0.9,0,2,6
task_00507,ngo_extra_0027,Запустить краудфандинговую кампанию на Планете.ру,Благотворительный фонд «Горизонт»,"Это практическая волонтёрская задача с понятным результатом. Нужно внимательно выполнить договорённости, учитывать контекст региона Волгоград и передать итог команде.",Люди без жилья,Волгоград,"- отчитываться об итогах сбора;
- координировать продвижение;
- разработать идею кампании;
- подготовить тексты и контент;","Фандрайзинг, Исследования",фандрайзинг / исследования,"Фандрайзинг, Исследования","Фандрайзинг, Исследования",Люди без жилья / Кризисные ситуации / Инклюзия,Люди без жилья|Кризисные ситуации|Инклюзия,Онлайн,Онлайн,Онлайн,Волгоград,Волгоград,2026-05-25,14.11.2025,25.05.2026,2025-11-14,2025-11-18,published,0.9,0,2,1
task_00508,ngo_extra_0028,Проверить договоры организации на соответствие законодательству,Образовательный проект «Цифровое поколение»,"Мы ищем волонтёр-аналитик, который поможет команде получить понятный и применимый результат. Работа подойдёт человеку, готовому соблюдать договорённости и передать итог координатору.",Кризисные ситуации,Санкт-Петербург,"- проверять документы;
- проводить консультации по запросу;
- подготавливать шаблоны и памятки;
- объяснять правовые вопросы простым языком;","Юридические услуги, Координация волонтёров, Аналитика",Юридические услуги | Координация волонтёров |  АНАЛИЗ ДАННЫХ ,"Юридические услуги, Координация волонтёров, Аналитика","Юридические услуги, Координация волонтёров, Аналитика",Кризисные ситуации,Кризисные ситуации,Онлайн,Онлайн,Онлайн,Санкт-Петербург,Санкт-Петербург,2026-06-04,21.03.2026,04.06.2026,2026-03-21,2026-03-30,published,0.933,0,1,3
task_00509,ngo_extra_0029,Проанализировать эффективность работы горячей линии,АНО «Практика добра»,"Нам нужен волонтёр с опытом в визуальных материалах: предстоит включиться в работу команды, аккуратно выполнить свою часть и согласовать результат. Формат участия — онлайн.",Миграция,Воронеж,"- построить визуализацию или дашборд;
- изучить исходные данные;
- подготовить выводы в понятном формате;
- дать рекомендации команде;","Аналитика, Психология","excel, Психология","Аналитика, Психология","Аналитика, Психология",Миграция,Миграция,Онлайн,Онлайн,Онлайн,ВОРОНЕЖ,Воронеж,2026-06-10,30.11.2025,10.06.2026,2025-11-30,2025-12-09,published,0.953,0,2,5
task_00510,ngo_extra_0030,Провести опрос участников программы о качестве услуг,Инициатива «Помощь без бюрократии»,"Необходимо помочь проекту в направлении «Здравоохранение». Важно разобраться в контексте, выполнить работу в срок и подготовить результат, который можно использовать дальше.",Здравоохранение,Казань,"- провести интервью или опросы;
- систематизировать результаты;
- подготовить краткий отчёт с выводами;
- разработать анкету или гайд;","Исследования, Педагогика, Наставничество","Исследования, педагогика, Наставничество","Исследования, Педагогика, Наставничество","Исследования, Педагогика, Наставничество",Здравоохранение / Кризисные ситуации / Культура и искусство,Здравоохранение|Кризисные ситуации|Культура и искусство,Онлайн,Онлайн,Онлайн,КАЗАНЬ,Казань,2026-06-10,25.12.2025,10.06.2026,2025-12-25,2026-01-02,published,0.917,0,1,6
task_00511,ngo_extra_0031,Проверить договоры организации на соответствие законодательству,Центр добровольчества «Иркутские волонтёры»,"Команде нужна поддержка волонтёра в регионе Красноярск. Задача рассчитана на ответственное участие, аккуратную коммуникацию и передачу результата координатору.",Помощь пожилым,Красноярск,"- объяснять правовые вопросы простым языком;
- проводить консультации по запросу;
- подготавливать шаблоны и памятки;
- проверять документы;","Юридические услуги, Работа с детьми","Юридические услуги, работа с детьми","Юридические услуги, Работа с детьми","Юридические услуги, Работа с детьми",Помощь пожилым,Помощь пожилым,Онлайн,Онлайн,Онлайн,Красноярск,Красноярск,2026-06-08,18.12.2025,08.06.2026,2025-12-18,2025-12-28,published,0.879,0,3,3
task_00513,ngo_extra_0033,Вести Телеграм-канал организации в течение месяца,Центр добровольчества «Пермские волонтёры»,Потребуется помощь волонтёр для работы с контентом и коммуникациями. Работа связана с направлением «Кризисные ситуации» и предполагает практический результат без лишней бюрократии.,Кризисные ситуации,Воронеж,"- следить за реакциями и отвечать на комментарии;
- создавать посты и истории;
- готовить контент-план;
- анализировать охваты;","SMM, Программирование",смм / программирование,"SMM, Программирование","SMM, Программирование",Кризисные ситуации / Культура и искусство / Образование / Животные,Кризисные ситуации|Культура и искусство|Образование|Животные,Онлайн,Онлайн,Онлайн,Воронеж,Воронеж,2026-05-20,22.11.2025,20.05.2026,2025-11-22,2025-12-02,published,0.94,0,1,5
task_00515,ngo_extra_0035,Запустить краудфандинговую кампанию на Планете.ру,Благотворительный фонд «Добрый берег»,"С 13 декабря 2025 года можно подключиться к проекту и помочь команде закрыть важную часть работы. Подойдёт волонтёр, которому комфортен формат «Смешанный».",Культура и искусство,Уфа,"- разработать идею кампании;
- отчитываться об итогах сбора;
- подготовить тексты и контент;
- координировать продвижение;","Фандрайзинг, Работа с детьми",фандрайзинг; дети,"Фандрайзинг, Работа с детьми","Фандрайзинг, Работа с детьми",Культура и искусство,Культура и искусство,Смешанный,Смешанный,Смешанный,Уфа,Уфа,2026-06-25,13.12.2025,25.06.2026,2025-12-13,2025-12-19,published,0.98,0,1,0
task_00516,ngo_extra_0036,Помочь архивировать документы за несколько лет,Просветительская программа «Здоровая деревня»,"До 22 июня 2026 года нужно подготовить результат для команды. Будет полезен человек, который умеет работать самостоятельно и вовремя согласовывать промежуточные шаги.",Образование,Воронеж,"- обучить команду работе с документами;
- провести инвентаризацию;
- создать удобную структуру хранения;
- разобрать и систематизировать архив;","Работа с документами, Наставничество, Исследования",работа с документами | Наставничество |  ИССЛЕДОВАНИЯ ,"Работа с документами, Наставничество, Исследования, IT, Педагогика","Работа с документами, Наставничество, Исследования, IT, Педагогика",Образование / Спорт и ЗОЖ,Образование|Спорт и ЗОЖ,Оффлайн,Оффлайн,Оффлайн,Воронеж,Воронеж,2026-06-22,07.01.2026,22.06.2026,2026-01-07,2026-01-08,published,0.9,0,1,2
task_00517,ngo_extra_0037,Разработать простой сайт для некоммерческой организации,Инициатива «Экологическая субботка»,Нужна волонтёрская помощь в формате «Оффлайн». Основной фокус — довести работу до завершения и передать материалы или выводы координатору.,Спорт и ЗОЖ,Казань,"- оформить документацию;
- разработать решение;
- протестировать и передать результат;
- уточнить техническое задание;",Программирование,программирование,Программирование,Программирование,Спорт и ЗОЖ / Инклюзия,Спорт и ЗОЖ|Инклюзия,Оффлайн,Оффлайн,Оффлайн,Казань,Казань,2026-06-08,09.04.2026,08.06.2026,2026-04-09,2026-04-18,published,0.95,0,1,2
task_00518,ngo_extra_0038,Участвовать в выездном медицинском пункте для бездомных,Центр добровольчества «Астраханские волонтёры»,"Команда ищет участника, который сможет быстро погрузиться в задачу и помочь в направлении «Помощь пожилым». Особенно пригодятся навыки: Медицина.",Помощь пожилым,Москва,"- вести краткую документацию;
- взаимодействовать с командой;
- помогать с документами для подопечных;
- участвовать в выезде или приёме;",Медицина, МЕДИЦИНА ,Медицина,Медицина,Помощь пожилым / Сельские территории / Инклюзия,Помощь пожилым|Сельские территории|Инклюзия,Онлайн,Онлайн,Онлайн,Москва,Москва,2026-05-18,22.11.2025,18.05.2026,2025-11-22,2025-11-26,published,0.917,0,2,6
task_00519,ngo_extra_0039,Разработать простой сайт для некоммерческой организации,Просветительский центр «Будущее рядом»,"Это практическая волонтёрская задача с понятным результатом. Нужно внимательно выполнить договорённости, учитывать контекст региона Уфа и передать итог команде.",Образование,Уфа,"- оформить документацию;
- протестировать и передать результат;
- уточнить техническое задание;
- разработать решение;",Программирование,js,Программирование,Программирование,Образование / Дети и молодёжь,Образование|Дети и молодёжь,Онлайн,Онлайн,Онлайн,Уфа,Уфа,2026-06-18,24.03.2026,18.06.2026,2026-03-24,2026-03-30,published,0.9,0,2,1
task_00520,ngo_extra_0040,Привлечь партнёров для совместной акции по сбору средств,Просветительский центр «Экопросвещение»,"Мы ищем волонтёр для работы с контентом и коммуникациями, который поможет команде получить понятный и применимый результат. Работа подойдёт человеку, готовому соблюдать договорённости и передать итог координатору.",Культура и искусство,Санкт-Петербург,"- координировать продвижение;
- подготовить тексты и контент;
- разработать идею кампании;
- отчитываться об итогах сбора;",Фандрайзинг,фандрайзинг,Фандрайзинг,Фандрайзинг,Культура и искусство / Здравоохранение / Правозащита / Кризисные ситуации,Культура и искусство|Здравоохранение|Правозащита|Кризисные ситуации,Онлайн,Онлайн,Онлайн,САНКТ-ПЕТЕРБУРГ,Санкт-Петербург,2026-05-21,09.12.2025,21.05.2026,2025-12-09,2025-12-18,published,0.9,0,1,3
task_00521,ngo_extra_0041,Провести психологические консультации для участников кризисного проекта,Просветительский проект «Дети учат детей»,"Нам нужен волонтёр-копирайтер: предстоит включиться в работу команды, аккуратно выполнить свою часть и согласовать результат. Формат участия — смешанный.",Инклюзия,Пермь,"- проводить индивидуальные консультации или групповые встречи;
- соблюдать этику и конфиденциальность;
- вести краткие записи;
- участвовать в супервизии команды;","Психология, Медицина, Копирайтинг", ПСИХОЛОГИЯ  / Медицина / тексты,"Психология, Медицина, Копирайтинг, Наставничество","Психология, Медицина, Копирайтинг, Наставничество",Инклюзия,Инклюзия,Смешанный,Смешанный,Смешанный,Пермь,Пермь,2026-05-18,29.01.2026,18.05.2026,2026-01-29,2026-01-29,published,0.98,0,2,5
task_00522,ngo_extra_0042,Организовать набор волонтёров для уборки территории,Образовательный центр «Активный гражданин»,"Необходимо помочь проекту в направлении «Инклюзия». Важно разобраться в контексте, выполнить работу в срок и подготовить результат, который можно использовать дальше.",Инклюзия,Уфа,"- поддерживать связь с волонтёрами;
- готовить отчёты по работе команды;
- вести реестр и распределять задачи;
- проводить вводные встречи;","Координация волонтёров, PR, Копирайтинг",координация волонтёров;  PR ;  ТЕКСТЫ ,"Координация волонтёров, PR, Копирайтинг","Координация волонтёров, PR, Копирайтинг",Инклюзия / Помощь пожилым,Инклюзия|Помощь пожилым,Онлайн,Онлайн,Онлайн,Уфа,Уфа,2026-06-30,20.04.2026,30.06.2026,2026-04-20,2026-04-29,published,0.933,0,1,6
task_00523,ngo_extra_0043,Создать брендбук для новой организации,Образовательная инициатива «Молодёжный актив»,"Команде нужна поддержка волонтёра в регионе Красноярск. Задача рассчитана на ответственное участие, аккуратную коммуникацию и передачу результата координатору.",Инклюзия,Красноярск,"- адаптировать материалы под разные форматы;
- передавать готовые файлы;
- согласовывать правки с командой;
- разрабатывать макеты по брифу;","Дизайн, Коммуникация","canva, поддержка","Дизайн, Коммуникация","Дизайн, Коммуникация",Инклюзия / Кризисные ситуации / Социальная помощь,Инклюзия|Кризисные ситуации|Социальная помощь,Онлайн,Онлайн,Онлайн,Красноярск,Красноярск,2026-06-06,16.04.2026,06.06.2026,2026-04-16,2026-04-21,published,0.9,0,5,2
task_00524,ngo_extra_0044,Участвовать в выездном медицинском пункте для бездомных,Центр добровольчества «Активный гражданин»,Потребуется помощь волонтёр с вниманием к документам. Работа связана с направлением «Люди без жилья» и предполагает практический результат без лишней бюрократии.,Люди без жилья,Новосибирск,"- вести краткую документацию;
- участвовать в выезде или приёме;
- взаимодействовать с командой;
- помогать с документами для подопечных;",Медицина,Медицина,Медицина,Медицина,Люди без жилья,Люди без жилья,Смешанный,Смешанный,Смешанный,НОВОСИБИРСК,Новосибирск,2026-06-09,03.02.2026,09.06.2026,2026-02-03,2026-02-13,published,0.9,0,1,1
task_00525,ngo_extra_0045,Вести Телеграм-канал организации в течение месяца,Социальная инициатива «Скорая социальная помощь»,"С 24 февраля 2026 года можно подключиться к проекту и помочь команде закрыть важную часть работы. Подойдёт волонтёр, которому комфортен формат «Онлайн».",Сельские территории,Самара,"- анализировать охваты;
- создавать посты и истории;
- готовить контент-план;
- следить за реакциями и отвечать на комментарии;","SMM, Аналитика",смм |  АНАЛИТИКА ,"SMM, Аналитика","SMM, Аналитика",Сельские территории,Сельские территории,Онлайн,Онлайн,Онлайн,Самара,Самара,2026-06-25,24.02.2026,25.06.2026,2026-02-24,2026-02-24,published,0.98,0,3,1
task_00526,ngo_extra_0046,Организовать набор волонтёров для уборки территории,Центр добровольчества «Рязанские волонтёры»,"До 25 мая 2026 года нужно подготовить результат для команды. Будет полезен человек, который умеет работать самостоятельно и вовремя согласовывать промежуточные шаги.",Здравоохранение,Новосибирск,"- поддерживать связь с волонтёрами;
- вести реестр и распределять задачи;
- проводить вводные встречи;
- готовить отчёты по работе команды;",Координация волонтёров,Координация волонтёров,Координация волонтёров,Координация волонтёров,Здравоохранение / Культура и искусство,Здравоохранение|Культура и искусство,Онлайн,Онлайн,Онлайн,НОВОСИБИРСК,Новосибирск,2026-05-25,06.01.2026,25.05.2026,2026-01-06,2026-01-16,published,0.887,0,1,2
task_00527,ngo_extra_0047,Написать серию материалов о подопечных для сайта и соцсетей,Благотворительный фонд «Местный герой»,Нужна волонтёрская помощь в формате «Смешанный». Основной фокус — довести работу до завершения и передать материалы или выводы координатору.,Миграция,Пермь,"- писать тексты по брифу и структуре;
- брать короткие интервью у подопечных;
- редактировать материалы команды;
- выдерживать тон и стиль бренда;",Копирайтинг,тексты,Копирайтинг,Копирайтинг,Миграция,Миграция,Смешанный,Смешанный,Смешанный,Пермь,Пермь,2026-05-29,02.05.2026,29.05.2026,2026-05-02,2026-05-10,published,0.907,0,2,4
task_00528,ngo_extra_0048,Перевести памятку о правах для мигрантов,Образовательный центр «Знание и действие»,"Команда ищет участника, который сможет быстро погрузиться в задачу и помочь в направлении «Животные». Особенно пригодятся навыки: Переводы.",Животные,Нижний Новгород,"- помогать на встречах;
- соблюдать конфиденциальность;
- адаптировать материалы для аудитории;
- переводить документы и переписку;",Переводы,переводы,Переводы,Переводы,Животные,Животные,Онлайн,Онлайн,Онлайн,Нижний Новгород,Нижний Новгород,2026-05-20,18.11.2025,20.05.2026,2025-11-18,2025-11-20,published,0.92,0,5,7
task_00529,ngo_extra_0049,Участвовать в выездном медицинском пункте для бездомных,Инициатива «Лекарства для пожилых»,"Это практическая волонтёрская задача с понятным результатом. Нужно внимательно выполнить договорённости, учитывать контекст региона Пермь и передать итог команде.",Здравоохранение,Пермь,"- взаимодействовать с командой;
- помогать с документами для подопечных;
- вести краткую документацию;
- участвовать в выезде или приёме;",Медицина, МЕДИЦИНА ,Медицина,Медицина,Здравоохранение,Здравоохранение,Онлайн,Онлайн,Онлайн,Пермь,Пермь,2026-05-20,22.04.2026,20.05.2026,2026-04-22,2026-04-27,published,0.9,0,1,0
task_00530,ngo_extra_0050,Разработать простой сайт для некоммерческой организации,Благотворительный фонд «Территория добра»,"Мы ищем волонтёр-наставник, который поможет команде получить понятный и применимый результат. Работа подойдёт человеку, готовому соблюдать договорённости и передать итог координатору.",Инклюзия,Ростов-на-Дону,"- протестировать и передать результат;
- оформить документацию;
- уточнить техническое задание;
- разработать решение;","Программирование, Педагогика, Переводы",программирование / педагогика / переводы,"Программирование, Педагогика, Переводы, PR, IT, Работа с детьми","Программирование, Педагогика, Переводы, PR, IT, Работа с детьми",Инклюзия,Инклюзия,Онлайн,Онлайн,Онлайн,Ростов-на-Дону,Ростов-на-Дону,2026-07-04,17.12.2025,04.07.2026,2025-12-17,2025-12-26,published,0.95,0,1,2
task_00531,ngo_extra_0051,Провести первичный обзвон новых участников программы,Просветительский центр «Рядом с природой»,"Нам нужен волонтёр для коммуникации с участниками: предстоит включиться в работу команды, аккуратно выполнить свою часть и согласовать результат. Формат участия — оффлайн.",Экология,Челябинск,"- обрабатывать входящие обращения;
- фиксировать обращения в базе;
- отвечать на запросы по телефону или в мессенджере;
- вести переписку с участниками;",Коммуникация,поддержка,Коммуникация,Коммуникация,Экология / Животные,Экология|Животные,Оффлайн,Оффлайн,Оффлайн,Челябинск,Челябинск,2026-06-25,12.11.2025,25.06.2026,2025-11-12,2025-11-18,published,0.971,0,2,7
task_00532,ngo_extra_0052,Написать и разослать пресс-релиз о мероприятии,Социальная инициатива «Дрова для деревни»,"Необходимо помочь проекту в направлении «Помощь пожилым». Важно разобраться в контексте, выполнить работу в срок и подготовить результат, который можно использовать дальше.",Помощь пожилым,Новосибирск,"- составлять пресс-релизы;
- выстраивать контакты с журналистами;
- готовить питчи и предложения для СМИ;
- помогать с выступлениями спикеров;","PR, Медицина",PR /  МЕДИЦИНА ,"PR, Медицина","PR, Медицина",Помощь пожилым,Помощь пожилым,Онлайн,Онлайн,Онлайн,НОВОСИБИРСК,Новосибирск,2026-05-24,03.01.2026,24.05.2026,2026-01-03,2026-01-03,published,0.933,0,3,3
task_00533,ngo_extra_0053,Организовать субботник в парке при поддержке НКО,Волонтёрский центр «Ставропольские добровольцы»,"Команде нужна поддержка волонтёра в регионе Нижний Новгород. Задача рассчитана на ответственное участие, аккуратную коммуникацию и передачу результата координатору.",Правозащита,Нижний Новгород,"- подготовить краткий отчёт;
- координировать участников;
- составить план мероприятия;
- решать оперативные вопросы в день проведения;",Организация мероприятий,организация мероприятий,Организация мероприятий,Организация мероприятий,Правозащита,Правозащита,Онлайн,Онлайн,Онлайн,НИЖНИЙ НОВГОРОД,Нижний Новгород,2026-06-10,05.01.2026,10.06.2026,2026-01-05,2026-01-13,published,0.888,0,1,3
task_00534,ngo_extra_0054,Разработать простой сайт для некоммерческой организации,Волонтёрский центр «Ивановские добровольцы»,Потребуется помощь волонтёр-организатор. Работа связана с направлением «Здравоохранение» и предполагает практический результат без лишней бюрократии.,Здравоохранение,Красноярск,"- оформить документацию;
- разработать решение;
- уточнить техническое задание;
- протестировать и передать результат;","Программирование, Переводы, Организация мероприятий",js; Переводы;  ОРГАНИЗАЦИЯ МЕРОПРИЯТИЙ ,"Программирование, Переводы, Организация мероприятий","Программирование, Переводы, Организация мероприятий",Здравоохранение,Здравоохранение,Оффлайн,Оффлайн,Оффлайн,Красноярск,Красноярск,2026-06-27,18.04.2026,27.06.2026,2026-04-18,2026-04-24,published,0.9,0,1,2
task_00535,ngo_extra_0055,Организовать набор волонтёров для уборки территории,Центр добровольчества «Курские волонтёры»,"С 23 января 2026 года можно подключиться к проекту и помочь команде закрыть важную часть работы. Подойдёт волонтёр, которому комфортен формат «Смешанный».",Инклюзия,Ростов-на-Дону,"- проводить вводные встречи;
- вести реестр и распределять задачи;
- готовить отчёты по работе команды;
- поддерживать связь с волонтёрами;","Координация волонтёров, Психология",координация волонтёров | психология,"Координация волонтёров, Психология","Координация волонтёров, Психология",Инклюзия,Инклюзия,Смешанный,Смешанный,Смешанный,Ростов-на-Дону,Ростов-на-Дону,2026-05-14,23.01.2026,14.05.2026,2026-01-23,2026-01-23,published,0.98,0,1,1
task_00536,ngo_extra_0056,Организовать набор волонтёров для уборки территории,Центр добровольчества «Брянские волонтёры»,"До 5 июня 2026 года нужно подготовить результат для команды. Будет полезен человек, который умеет работать самостоятельно и вовремя согласовывать промежуточные шаги.",Дети и молодёжь,Волгоград,"- поддерживать связь с волонтёрами;
- готовить отчёты по работе команды;
- проводить вводные встречи;
- вести реестр и распределять задачи;","Координация волонтёров, PR", КООРДИНАЦИЯ ВОЛОНТЁРОВ  / PR,"Координация волонтёров, PR","Координация волонтёров, PR",Дети и молодёжь,Дети и молодёжь,Оффлайн,Оффлайн,Оффлайн,Волгоград,Волгоград,2026-06-05,20.02.2026,05.06.2026,2026-02-20,2026-02-28,published,0.96,0,3,5
task_00537,ngo_extra_0057,Организовать набор волонтёров для уборки территории,Социальная инициатива «Психологическая помощь онлайн»,Нужна волонтёрская помощь в формате «Онлайн». Основной фокус — довести работу до завершения и передать материалы или выводы координатору.,Социальная помощь,Пермь,"- поддерживать связь с волонтёрами;
- вести реестр и распределять задачи;
- проводить вводные встречи;
- готовить отчёты по работе команды;",Координация волонтёров, КООРДИНАЦИЯ ВОЛОНТЁРОВ ,Координация волонтёров,Координация волонтёров,Социальная помощь,Социальная помощь,Онлайн,Онлайн,Онлайн,Пермь,Пермь,2026-07-03,29.01.2026,03.07.2026,2026-01-29,2026-02-05,published,0.912,0,3,4
task_00538,ngo_extra_0058,Организовать субботник в парке при поддержке НКО,Волонтёрский центр «Краснодарские добровольцы»,"Команда ищет участника, который сможет быстро погрузиться в задачу и помочь в направлении «Дети и молодёжь». Особенно пригодятся навыки: Организация мероприятий и Юридические услуги.",Дети и молодёжь,Нижний Новгород,"- решать оперативные вопросы в день проведения;
- координировать участников;
- составить план мероприятия;
- подготовить краткий отчёт;","Организация мероприятий, Юридические услуги",Организация мероприятий | юридические услуги,"Организация мероприятий, Юридические услуги","Организация мероприятий, Юридические услуги",Дети и молодёжь / Помощь пожилым,Дети и молодёжь|Помощь пожилым,Онлайн,Онлайн,Онлайн,Нижний Новгород,Нижний Новгород,2026-06-10,17.03.2026,10.06.2026,2026-03-17,2026-03-18,published,0.933,0,2,3
task_00539,ngo_extra_0059,Провести опрос участников программы о качестве услуг,Центр добровольчества «Кировские волонтёры»,"Это практическая волонтёрская задача с понятным результатом. Нужно внимательно выполнить договорённости, учитывать контекст региона Уфа и передать итог команде.",Сельские территории,Уфа,"- подготовить краткий отчёт с выводами;
- систематизировать результаты;
- разработать анкету или гайд;
- провести интервью или опросы;",Исследования, ИССЛЕДОВАНИЯ ,Исследования,Исследования,Сельские территории,Сельские территории,Онлайн,Онлайн,Онлайн,Уфа,Уфа,2026-05-18,03.03.2026,18.05.2026,2026-03-03,2026-03-13,published,0.96,0,5,3
task_00540,ngo_extra_0060,Разработать простой сайт для некоммерческой организации,Социальная инициатива «Бесплатная юридическая консультация»,"Мы ищем волонтёр с вниманием к документам, который поможет команде получить понятный и применимый результат. Работа подойдёт человеку, готовому соблюдать договорённости и передать итог координатору.",Здравоохранение,Челябинск,"- протестировать и передать результат;
- разработать решение;
- уточнить техническое задание;
- оформить документацию;","Программирование, Юридические услуги",python;  ЮРИДИЧЕСКИЕ УСЛУГИ ,"Программирование, Юридические услуги","Программирование, Юридические услуги",Здравоохранение,Здравоохранение,Онлайн,Онлайн,Онлайн,Челябинск,Челябинск,2026-07-09,15.02.2026,09.07.2026,2026-02-15,2026-02-19,published,0.98,0,1,0
task_00541,ngo_extra_0061,Стать наставником для выпускника детского дома,Образовательная инициатива «Среда обитания»,"Нам нужен волонтёр-копирайтер: предстоит включиться в работу команды, аккуратно выполнить свою часть и согласовать результат. Формат участия — онлайн.",Правозащита,Самара,"- регулярно общаться с подопечным;
- участвовать во встречах наставников;
- помогать с конкретными задачами и целями;
- соблюдать конфиденциальность;",Наставничество,наставничество,Наставничество,Наставничество,Правозащита / Животные,Правозащита|Животные,Онлайн,Онлайн,Онлайн,САМАРА,Самара,2026-06-25,06.02.2026,25.06.2026,2026-02-06,2026-02-11,published,0.98,0,5,2
task_00542,ngo_extra_0062,Вести Телеграм-канал организации в течение месяца,Благотворительный фонд «Поддержка семьи»,"Необходимо помочь проекту в направлении «Кризисные ситуации». Важно разобраться в контексте, выполнить работу в срок и подготовить результат, который можно использовать дальше.",Кризисные ситуации,Екатеринбург,"- создавать посты и истории;
- готовить контент-план;
- следить за реакциями и отвечать на комментарии;
- анализировать охваты;",SMM,смм,SMM,SMM,Кризисные ситуации,Кризисные ситуации,Онлайн,Онлайн,Онлайн,ЕКАТЕРИНБУРГ,Екатеринбург,2026-05-25,03.02.2026,25.05.2026,2026-02-03,2026-02-05,published,0.945,0,1,8
task_00543,ngo_extra_0063,Провести занятие по рисованию для детей из малообеспеченных семей,Фонд «Равный доступ»,"Команде нужна поддержка волонтёра в регионе Санкт-Петербург. Задача рассчитана на ответственное участие, аккуратную коммуникацию и передачу результата координатору.",Социальная помощь,Санкт-Петербург,"- провести занятие или мастер-класс;
- поддерживать позитивную атмосферу;
- взаимодействовать с куратором;
- соблюдать правила безопасности;",Работа с детьми,дети,Работа с детьми,Работа с детьми,Социальная помощь,Социальная помощь,Онлайн,Онлайн,Онлайн,САНКТ-ПЕТЕРБУРГ,Санкт-Петербург,2026-06-18,15.11.2025,18.06.2026,2025-11-15,2025-11-18,published,0.929,0,1,3
task_00544,ngo_extra_0064,Вести Телеграм-канал организации в течение месяца,Волонтёрский центр «Ярославские добровольцы»,Потребуется помощь волонтёр для работы с контентом и коммуникациями. Работа связана с направлением «Люди без жилья» и предполагает практический результат без лишней бюрократии.,Люди без жилья,Екатеринбург,"- анализировать охваты;
- создавать посты и истории;
- готовить контент-план;
- следить за реакциями и отвечать на комментарии;","SMM, PR",смм / PR,"SMM, PR","SMM, PR",Люди без жилья / Экология / Инклюзия,Люди без жилья|Экология|Инклюзия,Смешанный,Смешанный,Смешанный,Екатеринбург,Екатеринбург,2026-07-19,25.02.2026,19.07.2026,2026-02-25,2026-03-03,published,0.98,0,2,1
task_00545,ngo_extra_0065,Перевести памятку о правах для мигрантов,Образовательный проект «Социальный навигатор»,"С 11 февраля 2026 года можно подключиться к проекту и помочь команде закрыть важную часть работы. Подойдёт волонтёр, которому комфортен формат «Онлайн».",Спорт и ЗОЖ,Челябинск,"- адаптировать материалы для аудитории;
- помогать на встречах;
- соблюдать конфиденциальность;
- переводить документы и переписку;","Переводы, Исследования, Психология"," ПЕРЕВОДЫ , исследования, психология","Переводы, Исследования, Психология","Переводы, Исследования, Психология",Спорт и ЗОЖ,Спорт и ЗОЖ,Онлайн,Онлайн,Онлайн,Челябинск,Челябинск,2026-06-25,11.02.2026,25.06.2026,2026-02-11,2026-02-13,published,0.933,0,1,3
task_00546,ngo_extra_0066,Организовать набор волонтёров для уборки территории,Волонтёрский центр «Орёл добра»,"До 8 июля 2026 года нужно подготовить результат для команды. Будет полезен человек, который умеет работать самостоятельно и вовремя согласовывать промежуточные шаги.",Здравоохранение,Москва,"- вести реестр и распределять задачи;
- поддерживать связь с волонтёрами;
- готовить отчёты по работе команды;
- проводить вводные встречи;",Координация волонтёров,координация волонтёров,Координация волонтёров,Координация волонтёров,Здравоохранение,Здравоохранение,Онлайн,Онлайн,Онлайн,МОСКВА,Москва,2026-07-08,03.04.2026,08.07.2026,2026-04-03,2026-04-05,published,0.914,0,1,2
task_00547,ngo_extra_0067,Запустить краудфандинговую кампанию на Планете.ру,Образовательный проект «Профессия — помогать»,Нужна волонтёрская помощь в формате «Оффлайн». Основной фокус — довести работу до завершения и передать материалы или выводы координатору.,Социальная помощь,Уфа,"- отчитываться об итогах сбора;
- разработать идею кампании;
- подготовить тексты и контент;
- координировать продвижение;",Фандрайзинг,Фандрайзинг,Фандрайзинг,Фандрайзинг,Социальная помощь,Социальная помощь,Оффлайн,Оффлайн,Оффлайн,Уфа,Уфа,2026-05-14,13.04.2026,14.05.2026,2026-04-13,2026-04-15,published,0.898,0,2,2
task_00548,ngo_extra_0068,Запустить краудфандинговую кампанию на Планете.ру,Просветительская инициатива «Право знать»,"Команда ищет участника, который сможет быстро погрузиться в задачу и помочь в направлении «Социальная помощь». Особенно пригодятся навыки: Фандрайзинг, PR и Педагогика.",Социальная помощь,Красноярск,"- разработать идею кампании;
- подготовить тексты и контент;
- отчитываться об итогах сбора;
- координировать продвижение;","Фандрайзинг, PR, Педагогика","фандрайзинг, PR, педагогика","Фандрайзинг, PR, Педагогика, Юридические услуги","Фандрайзинг, PR, Педагогика, Юридические услуги",Социальная помощь / Образование,Социальная помощь|Образование,Онлайн,Онлайн,Онлайн,Красноярск,Красноярск,2026-07-04,21.12.2025,04.07.2026,2025-12-21,2025-12-27,published,0.98,0,1,1
task_00549,ngo_extra_0069,Организовать субботник в парке при поддержке НКО,Образовательный центр «Практика добра»,"Это практическая волонтёрская задача с понятным результатом. Нужно внимательно выполнить договорённости, учитывать контекст региона Ростов-на-Дону и передать итог команде.",Культура и искусство,Ростов-на-Дону,"- подготовить краткий отчёт;
- составить план мероприятия;
- координировать участников;
- решать оперативные вопросы в день проведения;","Организация мероприятий, Наставничество","организация мероприятий,  НАСТАВНИЧЕСТВО ","Организация мероприятий, Наставничество","Организация мероприятий, Наставничество",Культура и искусство,Культура и искусство,Онлайн,Онлайн,Онлайн,Ростов-на-Дону,Ростов-на-Дону,2026-06-18,12.03.2026,18.06.2026,2026-03-12,2026-03-20,published,0.939,0,1,6
task_00550,ngo_extra_0070,Организовать набор волонтёров для уборки территории,Центр добровольчества «Помоги рядом»,"Мы ищем IT-волонтёр, который поможет команде получить понятный и применимый результат. Работа подойдёт человеку, готовому соблюдать договорённости и передать итог координатору.",Образование,Казань,"- поддерживать связь с волонтёрами;
- проводить вводные встречи;
- готовить отчёты по работе команды;
- вести реестр и распределять задачи;","Координация волонтёров, IT, PR",Координация волонтёров / no-code / PR,"Координация волонтёров, IT, PR","Координация волонтёров, IT, PR",Образование / Дети и молодёжь,Образование|Дети и молодёжь,Онлайн,Онлайн,Онлайн,Казань,Казань,2026-05-31,06.03.2026,31.05.2026,2026-03-06,2026-03-12,published,0.967,0,5,3
task_00551,ngo_extra_0071,Создать брендбук для новой организации,АНО «Рядом»,"Нам нужен волонтёр с опытом в визуальных материалах: предстоит включиться в работу команды, аккуратно выполнить свою часть и согласовать результат. Формат участия — онлайн.",Экология,Екатеринбург,"- адаптировать материалы под разные форматы;
- разрабатывать макеты по брифу;
- согласовывать правки с командой;
- передавать готовые файлы;",Дизайн,figma,Дизайн,Дизайн,Экология,Экология,Онлайн,Онлайн,Онлайн,Екатеринбург,Екатеринбург,2026-05-25,13.02.2026,25.05.2026,2026-02-13,2026-02-15,published,0.904,0,2,3
task_00552,ngo_extra_0072,Организовать набор волонтёров для уборки территории,Благотворительный фонд «Надежда и жизнь»,"Необходимо помочь проекту в направлении «Культура и искусство». Важно разобраться в контексте, выполнить работу в срок и подготовить результат, который можно использовать дальше.",Культура и искусство,Красноярск,"- готовить отчёты по работе команды;
- проводить вводные встречи;
- вести реестр и распределять задачи;
- поддерживать связь с волонтёрами;","Координация волонтёров, Педагогика",Координация волонтёров | педагогика,"Координация волонтёров, Педагогика","Координация волонтёров, Педагогика",Культура и искусство,Культура и искусство,Онлайн,Онлайн,Онлайн,Красноярск,Красноярск,2026-07-09,20.02.2026,09.07.2026,2026-02-20,2026-02-24,published,0.875,0,3,3
task_00553,ngo_extra_0073,Организовать набор волонтёров для уборки территории,Фонд «Помощь людям в беде»,"Команде нужна поддержка волонтёра в регионе Москва. Задача рассчитана на ответственное участие, аккуратную коммуникацию и передачу результата координатору.",Люди без жилья,Москва,"- вести реестр и распределять задачи;
- готовить отчёты по работе команды;
- поддерживать связь с волонтёрами;
- проводить вводные встречи;","Координация волонтёров, Программирование"," КООРДИНАЦИЯ ВОЛОНТЁРОВ , программирование","Координация волонтёров, Программирование","Координация волонтёров, Программирование",Люди без жилья / Спорт и ЗОЖ,Люди без жилья|Спорт и ЗОЖ,Онлайн,Онлайн,Онлайн,МОСКВА,Москва,2026-06-02,22.02.2026,02.06.2026,2026-02-22,2026-02-27,published,0.98,0,1,1
task_00554,ngo_extra_0074,Разработать простой сайт для некоммерческой организации,Фонд «Чистое будущее»,Потребуется помощь волонтёр с вниманием к документам. Работа связана с направлением «Социальная помощь» и предполагает практический результат без лишней бюрократии.,Социальная помощь,Новосибирск,"- протестировать и передать результат;
- оформить документацию;
- уточнить техническое задание;
- разработать решение;",Программирование,python,Программирование,Программирование,Социальная помощь / Кризисные ситуации,Социальная помощь|Кризисные ситуации,Онлайн,Онлайн,Онлайн,НОВОСИБИРСК,Новосибирск,2026-07-27,31.12.2025,27.07.2026,2025-12-31,2026-01-10,published,0.9,0,2,2
task_00555,ngo_extra_0075,Создать брендбук для новой организации,Волонтёрский центр «Добровольчество Юга»,"С 21 апреля 2026 года можно подключиться к проекту и помочь команде закрыть важную часть работы. Подойдёт волонтёр, которому комфортен формат «Смешанный».",Дети и молодёжь,Нижний Новгород,"- разрабатывать макеты по брифу;
- передавать готовые файлы;
- адаптировать материалы под разные форматы;
- согласовывать правки с командой;","Дизайн, IT, Работа с документами"," ДИЗАЙН ,  IT , Работа с документами","Дизайн, IT, Работа с документами, Педагогика, Фото и видео","Дизайн, IT, Работа с документами, Педагогика, Фото и видео",Дети и молодёжь / Помощь пожилым,Дети и молодёжь|Помощь пожилым,Смешанный,Смешанный,Смешанный,Нижний Новгород,Нижний Новгород,2026-05-14,21.04.2026,14.05.2026,2026-04-21,2026-04-21,published,0.96,0,1,5
task_00556,ngo_extra_0076,Перевести памятку о правах для мигрантов,Волонтёрский центр «Барнаульские добровольцы»,"До 12 июня 2026 года нужно подготовить результат для команды. Будет полезен человек, который умеет работать самостоятельно и вовремя согласовывать промежуточные шаги.",Правозащита,Воронеж,"- переводить документы и переписку;
- адаптировать материалы для аудитории;
- помогать на встречах;
- соблюдать конфиденциальность;",Переводы,переводы,Переводы,Переводы,Правозащита,Правозащита,Онлайн,Онлайн,Онлайн,Воронеж,Воронеж,2026-06-12,30.04.2026,12.06.2026,2026-04-30,2026-05-09,published,0.906,0,5,3
task_00558,ngo_extra_0078,Провести занятие по рисованию для детей из малообеспеченных семей,Образовательный проект «Гражданская грамотность»,Нужна волонтёрская помощь в формате «Оффлайн». Основной фокус — довести работу до завершения и передать материалы или выводы координатору.,Социальная помощь,Екатеринбург,"- поддерживать позитивную атмосферу;
- соблюдать правила безопасности;
- провести занятие или мастер-класс;
- взаимодействовать с куратором;",Работа с детьми,работа с детьми,Работа с детьми,Работа с детьми,Социальная помощь / Дети и молодёжь,Социальная помощь|Дети и молодёжь,Оффлайн,Оффлайн,Оффлайн,Екатеринбург,Екатеринбург,2026-06-09,18.11.2025,09.06.2026,2025-11-18,2025-11-25,published,0.975,0,5,4
task_00559,ngo_extra_0079,Запустить краудфандинговую кампанию на Планете.ру,Образовательная платформа «Онлайн-наставник»,"Команда ищет участника, который сможет быстро погрузиться в задачу и помочь в направлении «Инклюзия». Особенно пригодятся навыки: Фандрайзинг.",Инклюзия,Воронеж,"- отчитываться об итогах сбора;
- координировать продвижение;
- разработать идею кампании;
- подготовить тексты и контент;",Фандрайзинг,фандрайзинг,Фандрайзинг,Фандрайзинг,Инклюзия / Животные,Инклюзия|Животные,Онлайн,Онлайн,Онлайн,Воронеж,Воронеж,2026-06-29,21.02.2026,29.06.2026,2026-02-21,2026-02-24,published,0.895,0,2,4
task_00560,ngo_extra_0080,Организовать набор волонтёров для уборки территории,Фонд «Безопасная среда»,"Это практическая волонтёрская задача с понятным результатом. Нужно внимательно выполнить договорённости, учитывать контекст региона Уфа и передать итог команде.",Спорт и ЗОЖ,Уфа,"- проводить вводные встречи;
- готовить отчёты по работе команды;
- вести реестр и распределять задачи;
- поддерживать связь с волонтёрами;",Координация волонтёров,Координация волонтёров,Координация волонтёров,Координация волонтёров,Спорт и ЗОЖ / Сельские территории,Спорт и ЗОЖ|Сельские территории,Оффлайн,Оффлайн,Оффлайн,Уфа,Уфа,2026-05-14,08.12.2025,14.05.2026,2025-12-08,2025-12-11,published,0.933,0,5,6
task_00561,ngo_extra_0081,Проанализировать эффективность работы горячей линии,Фонд «Второй шанс»,"Мы ищем волонтёр с опытом в визуальных материалах, который поможет команде получить понятный и применимый результат. Работа подойдёт человеку, готовому соблюдать договорённости и передать итог координатору.",Культура и искусство,Челябинск,"- подготовить выводы в понятном формате;
- изучить исходные данные;
- построить визуализацию или дашборд;
- дать рекомендации команде;",Аналитика,аналитика,Аналитика,Аналитика,Культура и искусство,Культура и искусство,Оффлайн,Оффлайн,Оффлайн,Челябинск,Челябинск,2026-05-28,21.02.2026,28.05.2026,2026-02-21,2026-02-24,published,0.898,0,1,2
task_00562,ngo_extra_0082,Провести психологические консультации для участников кризисного проекта,АНО «Пространство поддержки»,"Нам нужен волонтёр с профильной экспертизой: предстоит включиться в работу команды, аккуратно выполнить свою часть и согласовать результат. Формат участия — онлайн.",Экология,Ростов-на-Дону,"- вести краткие записи;
- соблюдать этику и конфиденциальность;
- проводить индивидуальные консультации или групповые встречи;
- участвовать в супервизии команды;","Психология, Медицина, Педагогика",психология; медицина; репетиторство,"Психология, Медицина, Педагогика","Психология, Медицина, Педагогика",Экология / Дети и молодёжь,Экология|Дети и молодёжь,Онлайн,Онлайн,Онлайн,Ростов-на-Дону,Ростов-на-Дону,2026-05-25,05.04.2026,25.05.2026,2026-04-05,2026-04-06,published,0.9,0,1,1
task_00563,ngo_extra_0083,Создать брендбук для новой организации,АНО «Местное сообщество»,"Необходимо помочь проекту в направлении «Спорт и ЗОЖ». Важно разобраться в контексте, выполнить работу в срок и подготовить результат, который можно использовать дальше.",Спорт и ЗОЖ,Казань,"- передавать готовые файлы;
- согласовывать правки с командой;
- разрабатывать макеты по брифу;
- адаптировать материалы под разные форматы;","Дизайн, Координация волонтёров",figma | координация волонтёров,"Дизайн, Координация волонтёров","Дизайн, Координация волонтёров",Спорт и ЗОЖ / Образование / Культура и искусство,Спорт и ЗОЖ|Образование|Культура и искусство,Оффлайн,Оффлайн,Оффлайн,Казань,Казань,2026-06-10,28.03.2026,10.06.2026,2026-03-28,2026-04-03,published,0.98,0,2,1
task_00565,ngo_extra_0085,Создать брендбук для новой организации,Социальная инициатива «Добрые руки»,"Команде нужна поддержка волонтёра в регионе Ростов-на-Дону. Задача рассчитана на ответственное участие, аккуратную коммуникацию и передачу результата координатору.",Кризисные ситуации,Ростов-на-Дону,"- адаптировать материалы под разные форматы;
- согласовывать правки с командой;
- передавать готовые файлы;
- разрабатывать макеты по брифу;",Дизайн, CANVA ,Дизайн,Дизайн,Кризисные ситуации / Социальная помощь,Кризисные ситуации|Социальная помощь,Онлайн,Онлайн,Онлайн,Ростов-на-Дону,Ростов-на-Дону,2026-06-25,25.03.2026,25.06.2026,2026-03-25,2026-04-02,published,0.92,0,1,5
task_00566,ngo_extra_0086,Настроить автопостинг и контент-план ВКонтакте,АНО «Помощь рядом»,Потребуется помощь волонтёр для работы с контентом и коммуникациями. Работа связана с направлением «Культура и искусство» и предполагает практический результат без лишней бюрократии.,Культура и искусство,Пермь,"- анализировать охваты;
- готовить контент-план;
- создавать посты и истории;
- следить за реакциями и отвечать на комментарии;",SMM,ведение соцсетей,SMM,SMM,Культура и искусство / Миграция / Люди без жилья / Сельские территории,Культура и искусство|Миграция|Люди без жилья|Сельские территории,Смешанный,Смешанный,Смешанный,Пермь,Пермь,2026-06-25,18.11.2025,25.06.2026,2025-11-18,2025-11-24,published,0.9,0,2,4
task_00567,ngo_extra_0087,Провести первичный обзвон новых участников программы,Волонтёрский центр «Сибирское добро»,"С 1 апреля 2026 года можно подключиться к проекту и помочь команде закрыть важную часть работы. Подойдёт волонтёр, которому комфортен формат «Онлайн».",Сельские территории,Москва,"- отвечать на запросы по телефону или в мессенджере;
- фиксировать обращения в базе;
- вести переписку с участниками;
- обрабатывать входящие обращения;","Коммуникация, Дизайн, Организация мероприятий",коммуникация / дизайн / Организация мероприятий,"Коммуникация, Дизайн, Организация мероприятий, Координация волонтёров","Коммуникация, Дизайн, Организация мероприятий, Координация волонтёров",Сельские территории / Люди без жилья / Социальная помощь,Сельские территории|Люди без жилья|Социальная помощь,Онлайн,Онлайн,Онлайн,Москва,Москва,2026-05-18,01.04.2026,18.05.2026,2026-04-01,2026-04-02,published,0.98,0,5,2
task_00568,ngo_extra_0088,Написать серию материалов о подопечных для сайта и соцсетей,Благотворительный фонд «Весна»,"До 12 июля 2026 года нужно подготовить результат для команды. Будет полезен человек, который умеет работать самостоятельно и вовремя согласовывать промежуточные шаги.",Животные,Самара,"- выдерживать тон и стиль бренда;
- писать тексты по брифу и структуре;
- брать короткие интервью у подопечных;
- редактировать материалы команды;","Копирайтинг, Психология, Юридические услуги","тексты, психология, Юридические услуги","Копирайтинг, Психология, Юридические услуги, Работа с документами","Копирайтинг, Психология, Юридические услуги, Работа с документами",Животные / Помощь пожилым,Животные|Помощь пожилым,Онлайн,Онлайн,Онлайн,Самара,Самара,2026-07-12,16.01.2026,12.07.2026,2026-01-16,2026-01-23,published,0.98,0,3,0
task_00569,ngo_extra_0089,Провести первичный обзвон новых участников программы,Благотворительный фонд «Открытое сердце»,Нужна волонтёрская помощь в формате «Онлайн». Основной фокус — довести работу до завершения и передать материалы или выводы координатору.,Культура и искусство,Воронеж,"- вести переписку с участниками;
- фиксировать обращения в базе;
- обрабатывать входящие обращения;
- отвечать на запросы по телефону или в мессенджере;","Коммуникация, Психология, Наставничество", ПОДДЕРЖКА  | психология | наставничество,"Коммуникация, Психология, Наставничество, Копирайтинг","Коммуникация, Психология, Наставничество, Копирайтинг",Культура и искусство / Инклюзия / Кризисные ситуации,Культура и искусство|Инклюзия|Кризисные ситуации,Онлайн,Онлайн,Онлайн,Воронеж,Воронеж,2026-05-25,04.04.2026,25.05.2026,2026-04-04,2026-04-14,published,0.9,0,2,3
task_00570,ngo_extra_0090,Организовать набор волонтёров для уборки территории,Центр добровольчества «Томские волонтёры»,"Команда ищет участника, который сможет быстро погрузиться в задачу и помочь в направлении «Люди без жилья». Особенно пригодятся навыки: Координация волонтёров.",Люди без жилья,Красноярск,"- готовить отчёты по работе команды;
- вести реестр и распределять задачи;
- проводить вводные встречи;
- поддерживать связь с волонтёрами;",Координация волонтёров, КООРДИНАЦИЯ ВОЛОНТЁРОВ ,Координация волонтёров,Координация волонтёров,Люди без жилья / Спорт и ЗОЖ,Люди без жилья|Спорт и ЗОЖ,Онлайн,Онлайн,Онлайн,Красноярск,Красноярск,2026-06-25,26.11.2025,25.06.2026,2025-11-26,2025-12-06,published,0.9,0,3,2
task_00571,ngo_extra_0091,Проверить договоры организации на соответствие законодательству,Благотворительный фонд «Здоровый регион»,"Это практическая волонтёрская задача с понятным результатом. Нужно внимательно выполнить договорённости, учитывать контекст региона Нижний Новгород и передать итог команде.",Экология,Нижний Новгород,"- проводить консультации по запросу;
- объяснять правовые вопросы простым языком;
- проверять документы;
- подготавливать шаблоны и памятки;","Юридические услуги, Психология",юридические услуги / Психология,"Юридические услуги, Психология","Юридические услуги, Психология",Экология,Экология,Онлайн,Онлайн,Онлайн,Нижний Новгород,Нижний Новгород,2026-06-05,06.01.2026,05.06.2026,2026-01-06,2026-01-07,published,0.92,0,5,5
task_00572,ngo_extra_0092,Написать и разослать пресс-релиз о мероприятии,Просветительский проект «Финансовая осознанность»,"Мы ищем волонтёр-организатор, который поможет команде получить понятный и применимый результат. Работа подойдёт человеку, готовому соблюдать договорённости и передать итог координатору.",Инклюзия,Пермь,"- готовить питчи и предложения для СМИ;
- выстраивать контакты с журналистами;
- составлять пресс-релизы;
- помогать с выступлениями спикеров;",PR,PR,PR,PR,Инклюзия / Экология / Образование,Инклюзия|Экология|Образование,Оффлайн,Оффлайн,Оффлайн,Пермь,Пермь,2026-06-02,03.01.2026,02.06.2026,2026-01-03,2026-01-09,published,0.95,0,2,2
task_00573,ngo_extra_0093,Создать брендбук для новой организации,Образовательная инициатива «Живые знания»,"Нам нужен волонтёр с опытом в визуальных материалах: предстоит включиться в работу команды, аккуратно выполнить свою часть и согласовать результат. Формат участия — смешанный.",Кризисные ситуации,Волгоград,"- согласовывать правки с командой;
- передавать готовые файлы;
- адаптировать материалы под разные форматы;
- разрабатывать макеты по брифу;","Дизайн, Координация волонтёров",figma | Координация волонтёров,"Дизайн, Координация волонтёров","Дизайн, Координация волонтёров",Кризисные ситуации,Кризисные ситуации,Смешанный,Смешанный,Смешанный,Волгоград,Волгоград,2026-05-25,01.02.2026,25.05.2026,2026-02-01,2026-02-04,published,0.9,0,5,1
task_00574,ngo_extra_0094,Организовать субботник в парке при поддержке НКО,АНО «Территория заботы»,"Необходимо помочь проекту в направлении «Социальная помощь». Важно разобраться в контексте, выполнить работу в срок и подготовить результат, который можно использовать дальше.",Социальная помощь,Москва,"- составить план мероприятия;
- координировать участников;
- подготовить краткий отчёт;
- решать оперативные вопросы в день проведения;","Организация мероприятий, Переводы, PR",организация мероприятий / Переводы / pr,"Организация мероприятий, Переводы, PR","Организация мероприятий, Переводы, PR",Социальная помощь / Правозащита / Люди без жилья / Спорт и ЗОЖ,Социальная помощь|Правозащита|Люди без жилья|Спорт и ЗОЖ,Онлайн,Онлайн,Онлайн,МОСКВА,Москва,2026-05-16,15.11.2025,16.05.2026,2025-11-15,2025-11-19,published,0.98,0,1,0
task_00575,ngo_extra_0095,Перевести памятку о правах для мигрантов,Благотворительный фонд «Живая книга»,"Команде нужна поддержка волонтёра в регионе Казань. Задача рассчитана на ответственное участие, аккуратную коммуникацию и передачу результата координатору.",Экология,Казань,"- переводить документы и переписку;
- соблюдать конфиденциальность;
- адаптировать материалы для аудитории;
- помогать на встречах;","Переводы, Юридические услуги",переводы | юридические услуги,"Переводы, Юридические услуги","Переводы, Юридические услуги",Экология,Экология,Смешанный,Смешанный,Смешанный,Казань,Казань,2026-05-25,10.01.2026,25.05.2026,2026-01-10,2026-01-18,published,0.922,0,5,7
task_00576,ngo_extra_0096,Помочь архивировать документы за несколько лет,АНО «Равные возможности»,Потребуется помощь волонтёр с вниманием к документам. Работа связана с направлением «Животные» и предполагает практический результат без лишней бюрократии.,Животные,Красноярск,"- создать удобную структуру хранения;
- провести инвентаризацию;
- разобрать и систематизировать архив;
- обучить команду работе с документами;",Работа с документами,работа с документами,Работа с документами,Работа с документами,Животные,Животные,Онлайн,Онлайн,Онлайн,Красноярск,Красноярск,2026-05-25,16.02.2026,25.05.2026,2026-02-16,2026-02-23,published,0.964,0,2,4
task_00577,ngo_extra_0097,Организовать субботник в парке при поддержке НКО,Волонтёрский центр «Смоленское добро»,"С 31 декабря 2025 года можно подключиться к проекту и помочь команде закрыть важную часть работы. Подойдёт волонтёр, которому комфортен формат «Смешанный».",Правозащита,Санкт-Петербург,"- составить план мероприятия;
- подготовить краткий отчёт;
- координировать участников;
- решать оперативные вопросы в день проведения;",Организация мероприятий,организация мероприятий,Организация мероприятий,Организация мероприятий,Правозащита / Помощь пожилым,Правозащита|Помощь пожилым,Смешанный,Смешанный,Смешанный,САНКТ-ПЕТЕРБУРГ,Санкт-Петербург,2026-06-11,31.12.2025,11.06.2026,2025-12-31,2025-12-31,published,0.9,0,3,1
task_00578,ngo_extra_0098,Настроить CRM для учёта волонтёров в организации,АНО «Доступный мир»,"До 25 мая 2026 года нужно подготовить результат для команды. Будет полезен человек, который умеет работать самостоятельно и вовремя согласовывать промежуточные шаги.",Спорт и ЗОЖ,Екатеринбург,"- обучить 1–2 сотрудников;
- написать краткую инструкцию;
- разобраться в текущих процессах;
- настроить выбранный инструмент;","IT, Медицина, Работа с документами", IT  | Медицина | работа с документами,"IT, Медицина, Работа с документами","IT, Медицина, Работа с документами",Спорт и ЗОЖ,Спорт и ЗОЖ,Онлайн,Онлайн,Онлайн,Екатеринбург,Екатеринбург,2026-05-25,20.03.2026,25.05.2026,2026-03-20,2026-03-29,published,0.9,0,2,2
task_00579,ngo_extra_0099,Организовать набор волонтёров для уборки территории,Просветительский центр «Умные соседи»,Нужна волонтёрская помощь в формате «Оффлайн». Основной фокус — довести работу до завершения и передать материалы или выводы координатору.,Правозащита,Самара,"- проводить вводные встречи;
- готовить отчёты по работе команды;
- поддерживать связь с волонтёрами;
- вести реестр и распределять задачи;","Координация волонтёров, Аналитика", КООРДИНАЦИЯ ВОЛОНТЁРОВ  | аналитика,"Координация волонтёров, Аналитика","Координация волонтёров, Аналитика",Правозащита / Помощь пожилым / Инклюзия / Люди без жилья,Правозащита|Помощь пожилым|Инклюзия|Люди без жилья,Оффлайн,Оффлайн,Оффлайн,САМАРА,Самара,2026-06-25,26.04.2026,25.06.2026,2026-04-26,2026-05-03,published,0.95,0,5,4
task_00580,ngo_extra_0100,Перевести памятку о правах для мигрантов,АНО «Живой диалог»,"Команда ищет участника, который сможет быстро погрузиться в задачу и помочь в направлении «Инклюзия». Особенно пригодятся навыки: Переводы.",Инклюзия,Пермь,"- помогать на встречах;
- соблюдать конфиденциальность;
- переводить документы и переписку;
- адаптировать материалы для аудитории;",Переводы, ПЕРЕВОДЫ ,Переводы,Переводы,Инклюзия,Инклюзия,Онлайн,Онлайн,Онлайн,Пермь,Пермь,2026-06-15,21.12.2025,15.06.2026,2025-12-21,2025-12-22,published,0.891,0,1,1
task_00581,ngo_extra_0101,Организовать субботник в парке при поддержке НКО,АНО «Точка опоры»,"Это практическая волонтёрская задача с понятным результатом. Нужно внимательно выполнить договорённости, учитывать контекст региона Воронеж и передать итог команде.",Сельские территории,Воронеж,"- составить план мероприятия;
- координировать участников;
- подготовить краткий отчёт;
- решать оперативные вопросы в день проведения;",Организация мероприятий,организация мероприятий,Организация мероприятий,Организация мероприятий,Сельские территории,Сельские территории,Оффлайн,Оффлайн,Оффлайн,Воронеж,Воронеж,2026-08-02,23.03.2026,02.08.2026,2026-03-23,2026-04-01,published,0.877,0,1,3
task_00582,ngo_extra_0102,Вести Телеграм-канал организации в течение месяца,Инициатива «Открытое хранилище вещей»,"Мы ищем волонтёр для работы с контентом и коммуникациями, который поможет команде получить понятный и применимый результат. Работа подойдёт человеку, готовому соблюдать договорённости и передать итог координатору.",Миграция,Уфа,"- готовить контент-план;
- анализировать охваты;
- создавать посты и истории;
- следить за реакциями и отвечать на комментарии;",SMM,смм,SMM,SMM,Миграция,Миграция,Онлайн,Онлайн,Онлайн,Уфа,Уфа,2026-05-14,02.04.2026,14.05.2026,2026-04-02,2026-04-03,published,0.887,0,3,4
task_00583,ngo_extra_0103,Запустить краудфандинговую кампанию на Планете.ру,Просветительский проект «Шаги к знанию»,"Нам нужен волонтёр-аналитик: предстоит включиться в работу команды, аккуратно выполнить свою часть и согласовать результат. Формат участия — смешанный.",Здравоохранение,Омск,"- координировать продвижение;
- отчитываться об итогах сбора;
- подготовить тексты и контент;
- разработать идею кампании;","Фандрайзинг, Аналитика"," ФАНДРАЙЗИНГ , анализ данных","Фандрайзинг, Аналитика","Фандрайзинг, Аналитика",Здравоохранение / Образование,Здравоохранение|Образование,Смешанный,Смешанный,Смешанный,Омск,Омск,2026-06-19,28.03.2026,19.06.2026,2026-03-28,2026-03-31,published,0.9,0,1,1
task_00584,ngo_extra_0104,Провести первичный обзвон новых участников программы,Фонд «Детский берег»,"Необходимо помочь проекту в направлении «Помощь пожилым». Важно разобраться в контексте, выполнить работу в срок и подготовить результат, который можно использовать дальше.",Помощь пожилым,Ростов-на-Дону,"- отвечать на запросы по телефону или в мессенджере;
- фиксировать обращения в базе;
- вести переписку с участниками;
- обрабатывать входящие обращения;","Коммуникация, Педагогика, Организация мероприятий", КОММУНИКАЦИЯ  /  ПЕДАГОГИКА  / организация мероприятий,"Коммуникация, Педагогика, Организация мероприятий, Работа с документами, Переводы","Коммуникация, Педагогика, Организация мероприятий, Работа с документами, Переводы",Помощь пожилым / Кризисные ситуации,Помощь пожилым|Кризисные ситуации,Онлайн,Онлайн,Онлайн,Ростов-на-Дону,Ростов-на-Дону,2026-07-27,04.12.2025,27.07.2026,2025-12-04,2025-12-04,published,0.95,0,2,2
task_00585,ngo_extra_0105,Участвовать в выездном медицинском пункте для бездомных,Центр гражданского образования «Азбука участия»,"Команде нужна поддержка волонтёра в регионе Красноярск. Задача рассчитана на ответственное участие, аккуратную коммуникацию и передачу результата координатору.",Кризисные ситуации,Красноярск,"- взаимодействовать с командой;
- помогать с документами для подопечных;
- участвовать в выезде или приёме;
- вести краткую документацию;","Медицина, Переводы",медицина;  ПЕРЕВОДЫ ,"Медицина, Переводы","Медицина, Переводы",Кризисные ситуации / Образование / Социальная помощь / Здравоохранение,Кризисные ситуации|Образование|Социальная помощь|Здравоохранение,Онлайн,Онлайн,Онлайн,Красноярск,Красноярск,2026-06-25,08.03.2026,25.06.2026,2026-03-08,2026-03-14,published,0.9,0,2,1
task_00586,ngo_extra_0106,Снять документальный ролик о работе приюта для животных,Социальная инициатива «Бесплатные обеды»,Потребуется помощь волонтёр с опытом в визуальных материалах. Работа связана с направлением «Экология» и предполагает практический результат без лишней бюрократии.,Экология,Уфа,"- снимать на мероприятиях;
- обрабатывать материалы;
- передавать итоговые файлы команде;
- соблюдать этику при работе с людьми;","Фото и видео, Копирайтинг, Коммуникация", ФОТО И ВИДЕО ; тексты; поддержка,"Фото и видео, Копирайтинг, Коммуникация","Фото и видео, Копирайтинг, Коммуникация",Экология / Сельские территории,Экология|Сельские территории,Оффлайн,Оффлайн,Оффлайн,Уфа,Уфа,2026-05-23,22.04.2026,23.05.2026,2026-04-22,2026-04-28,published,0.92,0,1,5
task_00587,ngo_extra_0107,Провести занятие по рисованию для детей из малообеспеченных семей,АНО «Общее дело»,"С 2 марта 2026 года можно подключиться к проекту и помочь команде закрыть важную часть работы. Подойдёт волонтёр, которому комфортен формат «Онлайн».",Дети и молодёжь,Красноярск,"- соблюдать правила безопасности;
- взаимодействовать с куратором;
- поддерживать позитивную атмосферу;
- провести занятие или мастер-класс;","Работа с детьми, Психология, Организация мероприятий",работа с детьми |  ПСИХОЛОГИЯ  |  ОРГАНИЗАЦИЯ МЕРОПРИЯТИЙ ,"Работа с детьми, Психология, Организация мероприятий, Программирование, Работа с документами","Работа с детьми, Психология, Организация мероприятий, Программирование, Работа с документами",Дети и молодёжь,Дети и молодёжь,Онлайн,Онлайн,Онлайн,Красноярск,Красноярск,2026-05-14,02.03.2026,14.05.2026,2026-03-02,2026-03-11,published,0.9,0,5,1
task_00588,ngo_extra_0108,Провести серию уроков по финансовой грамотности для подростков,Просветительский проект «Диалог поколений»,"До 25 мая 2026 года нужно подготовить результат для команды. Будет полезен человек, который умеет работать самостоятельно и вовремя согласовывать промежуточные шаги.",Экология,Новосибирск,"- провести занятие или серию встреч;
- скорректировать программу по итогам;
- подготовить содержание занятия;
- собрать обратную связь;","Педагогика, Фото и видео", РЕПЕТИТОРСТВО ; монтаж,"Педагогика, Фото и видео","Педагогика, Фото и видео",Экология,Экология,Смешанный,Смешанный,Смешанный,Новосибирск,Новосибирск,2026-05-25,25.04.2026,25.05.2026,2026-04-25,2026-05-05,published,0.904,0,2,3
task_00589,ngo_extra_0109,Провести психологические консультации для участников кризисного проекта,АНО «Солидарность»,Нужна волонтёрская помощь в формате «Смешанный». Основной фокус — довести работу до завершения и передать материалы или выводы координатору.,Животные,Волгоград,"- проводить индивидуальные консультации или групповые встречи;
- вести краткие записи;
- соблюдать этику и конфиденциальность;
- участвовать в супервизии команды;","Психология, Переводы",психология | переводы,"Психология, Переводы","Психология, Переводы",Животные / Помощь пожилым,Животные|Помощь пожилым,Смешанный,Смешанный,Смешанный,Волгоград,Волгоград,2026-06-08,09.02.2026,08.06.2026,2026-02-09,2026-02-17,published,0.95,0,1,4
task_00590,ngo_extra_0110,Организовать субботник в парке при поддержке НКО,Благотворительный фонд «Паруса надежды»,"Команда ищет участника, который сможет быстро погрузиться в задачу и помочь в направлении «Кризисные ситуации». Особенно пригодятся навыки: Организация мероприятий.",Кризисные ситуации,Нижний Новгород,"- подготовить краткий отчёт;
- координировать участников;
- составить план мероприятия;
- решать оперативные вопросы в день проведения;",Организация мероприятий,организация мероприятий,Организация мероприятий,Организация мероприятий,Кризисные ситуации,Кризисные ситуации,Оффлайн,Оффлайн,Оффлайн,Нижний Новгород,Нижний Новгород,2026-05-15,28.11.2025,15.05.2026,2025-11-28,2025-12-08,published,0.92,0,5,3
task_00591,ngo_extra_0111,Написать серию материалов о подопечных для сайта и соцсетей,Образовательная программа «Живи активно»,"Это практическая волонтёрская задача с понятным результатом. Нужно внимательно выполнить договорённости, учитывать контекст региона Екатеринбург и передать итог команде.",Помощь пожилым,Екатеринбург,"- писать тексты по брифу и структуре;
- выдерживать тон и стиль бренда;
- редактировать материалы команды;
- брать короткие интервью у подопечных;","Копирайтинг, IT", КОПИРАЙТИНГ ; no-code,"Копирайтинг, IT","Копирайтинг, IT",Помощь пожилым,Помощь пожилым,Онлайн,Онлайн,Онлайн,Екатеринбург,Екатеринбург,2026-05-25,17.11.2025,25.05.2026,2025-11-17,2025-11-21,published,0.9,0,1,0
task_00592,ngo_extra_0112,Вести Телеграм-канал организации в течение месяца,Просветительский проект «Добро в школу»,"Мы ищем волонтёр с опытом в визуальных материалах, который поможет команде получить понятный и применимый результат. Работа подойдёт человеку, готовому соблюдать договорённости и передать итог координатору.",Социальная помощь,Пермь,"- создавать посты и истории;
- анализировать охваты;
- готовить контент-план;
- следить за реакциями и отвечать на комментарии;","SMM, Фото и видео",смм / монтаж,"SMM, Фото и видео","SMM, Фото и видео",Социальная помощь / Образование,Социальная помощь|Образование,Онлайн,Онлайн,Онлайн,ПЕРМЬ,Пермь,2026-06-25,23.04.2026,25.06.2026,2026-04-23,2026-05-02,published,0.9,0,2,3
task_00593,ngo_extra_0113,Запустить краудфандинговую кампанию на Планете.ру,АНО «Близко к людям»,"Нам нужен волонтёр для работы с контентом и коммуникациями: предстоит включиться в работу команды, аккуратно выполнить свою часть и согласовать результат. Формат участия — смешанный.",Сельские территории,Волгоград,"- координировать продвижение;
- отчитываться об итогах сбора;
- подготовить тексты и контент;
- разработать идею кампании;","Фандрайзинг, Педагогика, Коммуникация","фандрайзинг, репетиторство, коммуникация","Фандрайзинг, Педагогика, Коммуникация","Фандрайзинг, Педагогика, Коммуникация",Сельские территории / Миграция,Сельские территории|Миграция,Смешанный,Смешанный,Смешанный,Волгоград,Волгоград,2026-06-25,19.02.2026,25.06.2026,2026-02-19,2026-02-20,published,0.95,0,3,2
task_00594,ngo_extra_0114,Найти и выстроить контакты с профильными изданиями,АНО «Открытая среда»,"Необходимо помочь проекту в направлении «Здравоохранение». Важно разобраться в контексте, выполнить работу в срок и подготовить результат, который можно использовать дальше.",Здравоохранение,Новосибирск,"- выстраивать контакты с журналистами;
- готовить питчи и предложения для СМИ;
- помогать с выступлениями спикеров;
- составлять пресс-релизы;","PR, SMM","PR, смм","PR, SMM","PR, SMM",Здравоохранение,Здравоохранение,Смешанный,Смешанный,Смешанный,НОВОСИБИРСК,Новосибирск,2026-05-14,21.01.2026,14.05.2026,2026-01-21,2026-01-28,published,0.9,0,3,3
task_00595,ngo_extra_0115,Настроить CRM для учёта волонтёров в организации,Социальная инициатива «Экоквартал»,"Команде нужна поддержка волонтёра в регионе Воронеж. Задача рассчитана на ответственное участие, аккуратную коммуникацию и передачу результата координатору.",Сельские территории,Воронеж,"- обучить 1–2 сотрудников;
- настроить выбранный инструмент;
- разобраться в текущих процессах;
- написать краткую инструкцию;","IT, Организация мероприятий",no-code |  ОРГАНИЗАЦИЯ МЕРОПРИЯТИЙ ,"IT, Организация мероприятий","IT, Организация мероприятий",Сельские территории,Сельские территории,Онлайн,Онлайн,Онлайн,Воронеж,Воронеж,2026-07-10,19.01.2026,10.07.2026,2026-01-19,2026-01-27,published,0.95,0,2,2
task_00596,ngo_extra_0116,Написать и разослать пресс-релиз о мероприятии,Просветительский проект «Буду специалистом»,Потребуется помощь волонтёр-аналитик. Работа связана с направлением «Социальная помощь» и предполагает практический результат без лишней бюрократии.,Социальная помощь,Волгоград,"- составлять пресс-релизы;
- готовить питчи и предложения для СМИ;
- помогать с выступлениями спикеров;
- выстраивать контакты с журналистами;","PR, Аналитика, Юридические услуги",PR; анализ данных; юридические услуги,"PR, Аналитика, Юридические услуги","PR, Аналитика, Юридические услуги",Социальная помощь,Социальная помощь,Смешанный,Смешанный,Смешанный,Волгоград,Волгоград,2026-05-27,19.01.2026,27.05.2026,2026-01-19,2026-01-22,published,0.94,0,5,5
task_00597,ngo_extra_0117,Запустить краудфандинговую кампанию на Планете.ру,Образовательный центр «Путь к профессии»,"С 19 марта 2026 года можно подключиться к проекту и помочь команде закрыть важную часть работы. Подойдёт волонтёр, которому комфортен формат «Оффлайн».",Помощь пожилым,Пермь,"- отчитываться об итогах сбора;
- подготовить тексты и контент;
- координировать продвижение;
- разработать идею кампании;","Фандрайзинг, Исследования, Аналитика",Фандрайзинг / Исследования /  EXCEL ,"Фандрайзинг, Исследования, Аналитика","Фандрайзинг, Исследования, Аналитика",Помощь пожилым / Правозащита / Сельские территории / Образование,Помощь пожилым|Правозащита|Сельские территории|Образование,Оффлайн,Оффлайн,Оффлайн,Пермь,Пермь,2026-06-10,19.03.2026,10.06.2026,2026-03-19,2026-03-20,published,0.967,0,5,3
task_00598,ngo_extra_0118,Разработать простой сайт для некоммерческой организации,АНО «Связующее звено»,"До 8 июня 2026 года нужно подготовить результат для команды. Будет полезен человек, который умеет работать самостоятельно и вовремя согласовывать промежуточные шаги.",Спорт и ЗОЖ,Екатеринбург,"- оформить документацию;
- разработать решение;
- протестировать и передать результат;
- уточнить техническое задание;","Программирование, Организация мероприятий","python,  ОРГАНИЗАЦИЯ МЕРОПРИЯТИЙ ","Программирование, Организация мероприятий","Программирование, Организация мероприятий",Спорт и ЗОЖ / Экология,Спорт и ЗОЖ|Экология,Онлайн,Онлайн,Онлайн,ЕКАТЕРИНБУРГ,Екатеринбург,2026-06-08,26.04.2026,08.06.2026,2026-04-26,2026-05-01,published,0.98,0,5,0
task_00599,ngo_extra_0119,Провести опрос участников программы о качестве услуг,Социальная инициатива «Детская почта доверия»,Нужна волонтёрская помощь в формате «Онлайн». Основной фокус — довести работу до завершения и передать материалы или выводы координатору.,Сельские территории,Санкт-Петербург,"- подготовить краткий отчёт с выводами;
- провести интервью или опросы;
- систематизировать результаты;
- разработать анкету или гайд;","Исследования, Психология","Исследования, Психология","Исследования, Психология","Исследования, Психология",Сельские территории / Социальная помощь / Правозащита,Сельские территории|Социальная помощь|Правозащита,Онлайн,Онлайн,Онлайн,САНКТ-ПЕТЕРБУРГ,Санкт-Петербург,2026-07-04,08.12.2025,04.07.2026,2025-12-08,2025-12-16,published,0.98,0,2,1
